Adjusting plate material (pid=15) Young's modulus from 20000.0 to 1e-6 to eliminate spurious stresses.
Adjusting tie constraint (TIE_LEFT) penalty stiffness from 10000.0 to 1e4.
Adjusting tie constraint (TIE_RIGHT) penalty stiffness from 10000.0 to 1e4.
Found translation boundary conditions on 4 DOFs.
Found prescribed rotations on master nodes: {10000: -1.570796, 10094: 1.570796}
----------------------------------------------------------------------------------------------------
Step 1 | Attempting time increment: dt = 0.00500s (t: 0.0000s -> 0.0050s)
----------------------------------------------------------------------------------------------------

  Nonlinear Iteration Summary (Newton-Raphson)
  ==========================================================================================================================
  Time increment dt: 5.000e-03
  Convergence Tol  : 1.0e-03 (Disp Ratio)     Max Iterations: 25
  --------------------------------------------------------------------------------------------------------------------------
  Iter   Max Res.Force  (Node/DOF)    Max Disp.Corr  (Node/DOF)    Max Disp.Incr  Disp.Ratio  Energy.Err  LS.alpha  Contacts
  --------------------------------------------------------------------------------------------------------------------------
[PARDISO] factorising 7024x7024 system (122265 nnz) took 3.9s (one-time per matrix structure)
     1    2.6133e-11  N2531(UY)      2.9060e-01  N10125(UY)     0.0000e+00     9.95e+12    1.23e+04      1.00        74
     2    1.1414e+01  N1(UX)         2.0332e-03  N61(UY)        2.9061e-01     5.89e-03    4.81e-01      1.00        74
  ---------------------------------------------------------------------------------------------------------------------
  => Increment Converged. (Time: 24.61 s)


  STEP   INC   ATT   SEVERE   EQUIL     TOTAL      STEP      INC OF
                     DISCON   ITERS      TIME       TIME       TIME
     1     1     1       0       1     0.0050     0.0050     0.0050

  STEP  1 | t=0.0050s | dt=0.0050s | Iters= 1 | θ=[np.float64(-0.4499998854976839), np.float64(0.44999988549768993)] deg | max|u|=0.29mm

----------------------------------------------------------------------------------------------------
Step 2 | Attempting time increment: dt = 0.00750s (t: 0.0050s -> 0.0125s)
----------------------------------------------------------------------------------------------------

  Nonlinear Iteration Summary (Newton-Raphson)
  ==========================================================================================================================
  Time increment dt: 7.500e-03
  Convergence Tol  : 1.0e-03 (Disp Ratio)     Max Iterations: 25
  --------------------------------------------------------------------------------------------------------------------------
  Iter   Max Res.Force  (Node/DOF)    Max Disp.Corr  (Node/DOF)    Max Disp.Incr  Disp.Ratio  Energy.Err  LS.alpha  Contacts
  --------------------------------------------------------------------------------------------------------------------------
     1    1.1414e+01  N1(UX)         4.3593e-01  N10125(UY)     0.0000e+00     1.50e+00    2.78e+04      1.00        74
     2    2.5680e+01  N121(UX)       1.1620e-02  N61(UY)        4.3593e-01     1.12e-02    2.43e+00      1.00        74
  ---------------------------------------------------------------------------------------------------------------------
  => Increment Converged. (Time: 6.34 s)

     1     2     1       0       1     0.0125     0.0075     0.0075

  STEP  2 | t=0.0125s | dt=0.0075s | Iters= 1 | θ=[np.float64(-1.1249997031020138), np.float64(1.1249997031020331)] deg | max|u|=0.73mm

----------------------------------------------------------------------------------------------------
Step 3 | Attempting time increment: dt = 0.01000s (t: 0.0125s -> 0.0225s)
----------------------------------------------------------------------------------------------------

  Nonlinear Iteration Summary (Newton-Raphson)
  ==========================================================================================================================
  Time increment dt: 1.000e-02
  Convergence Tol  : 1.0e-03 (Disp Ratio)     Max Iterations: 25
  --------------------------------------------------------------------------------------------------------------------------
  Iter   Max Res.Force  (Node/DOF)    Max Disp.Corr  (Node/DOF)    Max Disp.Incr  Disp.Ratio  Energy.Err  LS.alpha  Contacts
  --------------------------------------------------------------------------------------------------------------------------
     1    2.5680e+01  N121(UX)       5.8124e-01  N10001(UY)     0.0000e+00     7.98e-01    4.94e+04      1.00        74
     2    4.5645e+01  N121(UX)       4.3302e-02  N2602(UY)      5.8118e-01     2.24e-02    7.70e+00      1.00        74
     3    8.3602e-02  N2495(UY)      2.2005e-02  N2965(UY)      5.8118e-01     1.10e-02    1.41e-04      1.00        74
  ---------------------------------------------------------------------------------------------------------------------
  => Increment Converged. (Time: 9.33 s)

     1     3     1       0       2     0.0225     0.0100     0.0100

  STEP  3 | t=0.0225s | dt=0.0100s | Iters= 2 | θ=[np.float64(-2.0249994122157746), np.float64(2.0249994122157746)] deg | max|u|=1.31mm

----------------------------------------------------------------------------------------------------
Step 4 | Attempting time increment: dt = 0.01000s (t: 0.0225s -> 0.0325s)
----------------------------------------------------------------------------------------------------

  Nonlinear Iteration Summary (Newton-Raphson)
  ==========================================================================================================================
  Time increment dt: 1.000e-02
  Convergence Tol  : 1.0e-03 (Disp Ratio)     Max Iterations: 25
  --------------------------------------------------------------------------------------------------------------------------
  Iter   Max Res.Force  (Node/DOF)    Max Disp.Corr  (Node/DOF)    Max Disp.Incr  Disp.Ratio  Energy.Err  LS.alpha  Contacts
  --------------------------------------------------------------------------------------------------------------------------
     1    8.3602e-02  N2495(UY)      5.8111e-01  N10001(UY)     0.0000e+00     4.44e-01    4.93e+04      1.00        74
     2    4.5623e+01  N121(UX)       6.5692e-02  N3086(UY)      5.8099e-01     2.32e-02    7.70e+00      1.00        74
     3    1.8876e-01  N2495(UY)      2.2670e-02  N3086(UY)      5.8099e-01     7.76e-03    3.09e-04      1.00        74
  ---------------------------------------------------------------------------------------------------------------------
  => Increment Converged. (Time: 9.37 s)

     1     4     1       0       2     0.0325     0.0100     0.0100

  STEP  4 | t=0.0325s | dt=0.0100s | Iters= 2 | θ=[np.float64(-2.9249991616670847), np.float64(2.9249991616670847)] deg | max|u|=1.89mm

----------------------------------------------------------------------------------------------------
Step 5 | Attempting time increment: dt = 0.01000s (t: 0.0325s -> 0.0425s)
----------------------------------------------------------------------------------------------------

  Nonlinear Iteration Summary (Newton-Raphson)
  ==========================================================================================================================
  Time increment dt: 1.000e-02
  Convergence Tol  : 1.0e-03 (Disp Ratio)     Max Iterations: 25
  --------------------------------------------------------------------------------------------------------------------------
  Iter   Max Res.Force  (Node/DOF)    Max Disp.Corr  (Node/DOF)    Max Disp.Incr  Disp.Ratio  Energy.Err  LS.alpha  Contacts
  --------------------------------------------------------------------------------------------------------------------------
     1    1.8876e-01  N2495(UY)      5.8084e-01  N10125(UY)     0.0000e+00     3.08e-01    4.93e+04      1.00        74
     2    4.5590e+01  N121(UX)       3.7927e-02  N3207(UY)      5.8064e-01     1.04e-02    7.70e+00      1.00        74
     3    6.1740e-02  N2952(UY)      7.3557e-03  N3207(UY)      5.8064e-01     1.90e-03    4.77e-05      1.00        74
  ---------------------------------------------------------------------------------------------------------------------
  => Increment Converged. (Time: 9.35 s)

     1     5     1       0       2     0.0425     0.0100     0.0100

  STEP  5 | t=0.0425s | dt=0.0100s | Iters= 2 | θ=[np.float64(-3.824998951927325), np.float64(3.824998951927325)] deg | max|u|=2.47mm

----------------------------------------------------------------------------------------------------
Step 6 | Attempting time increment: dt = 0.01000s (t: 0.0425s -> 0.0525s)
----------------------------------------------------------------------------------------------------

  Nonlinear Iteration Summary (Newton-Raphson)
  ==========================================================================================================================
  Time increment dt: 1.000e-02
  Convergence Tol  : 1.0e-03 (Disp Ratio)     Max Iterations: 25
  --------------------------------------------------------------------------------------------------------------------------
  Iter   Max Res.Force  (Node/DOF)    Max Disp.Corr  (Node/DOF)    Max Disp.Incr  Disp.Ratio  Energy.Err  LS.alpha  Contacts
  --------------------------------------------------------------------------------------------------------------------------
     1    6.1740e-02  N2952(UY)      5.8042e-01  N10125(UY)     0.0000e+00     2.35e-01    4.93e+04      1.00        74
     2    4.5546e+01  N121(UX)       2.0574e-02  N3328(UY)      5.8016e-01     4.80e-03    7.70e+00      1.00        74
     3    1.7984e-02  N2495(UY)      2.7395e-03  N3207(UY)      5.8016e-01     5.68e-04    8.35e-06      1.00        74
  ---------------------------------------------------------------------------------------------------------------------
  => Increment Converged. (Time: 9.32 s)

     1     6     1       0       2     0.0525     0.0100     0.0100

  STEP  6 | t=0.0525s | dt=0.0100s | Iters= 2 | θ=[np.float64(-4.724998731657103), np.float64(4.724998731657103)] deg | max|u|=3.05mm

----------------------------------------------------------------------------------------------------
Step 7 | Attempting time increment: dt = 0.01000s (t: 0.0525s -> 0.0625s)
----------------------------------------------------------------------------------------------------

  Nonlinear Iteration Summary (Newton-Raphson)
  ==========================================================================================================================
  Time increment dt: 1.000e-02
  Convergence Tol  : 1.0e-03 (Disp Ratio)     Max Iterations: 25
  --------------------------------------------------------------------------------------------------------------------------
  Iter   Max Res.Force  (Node/DOF)    Max Disp.Corr  (Node/DOF)    Max Disp.Incr  Disp.Ratio  Energy.Err  LS.alpha  Contacts
  --------------------------------------------------------------------------------------------------------------------------
     1    1.7984e-02  N2495(UY)      5.7987e-01  N10001(UY)     0.0000e+00     1.91e-01    4.93e+04      1.00        74
     2    4.5491e+01  N121(UX)       1.3805e-02  N3328(UY)      5.7953e-01     2.91e-03    7.70e+00      1.00        74
     3    8.0301e-03  N2979(UY)      1.3585e-03  N3328(UY)      5.7953e-01     2.35e-04    2.66e-06      1.00        74
  ---------------------------------------------------------------------------------------------------------------------
  => Increment Converged. (Time: 9.16 s)

     1     7     1       0       2     0.0625     0.0100     0.0100

  STEP  7 | t=0.0625s | dt=0.0100s | Iters= 2 | θ=[np.float64(-5.6249985060661265), np.float64(5.6249985060661265)] deg | max|u|=3.63mm

----------------------------------------------------------------------------------------------------
Step 8 | Attempting time increment: dt = 0.01000s (t: 0.0625s -> 0.0725s)
----------------------------------------------------------------------------------------------------

  Nonlinear Iteration Summary (Newton-Raphson)
  ==========================================================================================================================
  Time increment dt: 1.000e-02
  Convergence Tol  : 1.0e-03 (Disp Ratio)     Max Iterations: 25
  --------------------------------------------------------------------------------------------------------------------------
  Iter   Max Res.Force  (Node/DOF)    Max Disp.Corr  (Node/DOF)    Max Disp.Incr  Disp.Ratio  Energy.Err  LS.alpha  Contacts
  --------------------------------------------------------------------------------------------------------------------------
     1    8.0308e-03  N2979(UY)      5.7917e-01  N10001(UY)     0.0000e+00     1.60e-01    4.93e+04      1.00        74
     2    4.5424e+01  N121(UX)       1.0116e-02  N3449(UY)      5.7876e-01     2.00e-03    7.70e+00      1.00        74
     3    4.2185e-03  N2951(UY)      7.7041e-04  N3328(UY)      5.7876e-01     1.14e-04    1.08e-06      1.00        74
  ---------------------------------------------------------------------------------------------------------------------
  => Increment Converged. (Time: 9.10 s)

     1     8     1       0       2     0.0725     0.0100     0.0100

  STEP  8 | t=0.0725s | dt=0.0100s | Iters= 2 | θ=[np.float64(-6.524998278973853), np.float64(6.524998278973853)] deg | max|u|=4.21mm

----------------------------------------------------------------------------------------------------
Step 9 | Attempting time increment: dt = 0.01000s (t: 0.0725s -> 0.0825s)
----------------------------------------------------------------------------------------------------

  Nonlinear Iteration Summary (Newton-Raphson)
  ==========================================================================================================================
  Time increment dt: 1.000e-02
  Convergence Tol  : 1.0e-03 (Disp Ratio)     Max Iterations: 25
  --------------------------------------------------------------------------------------------------------------------------
  Iter   Max Res.Force  (Node/DOF)    Max Disp.Corr  (Node/DOF)    Max Disp.Incr  Disp.Ratio  Energy.Err  LS.alpha  Contacts
  --------------------------------------------------------------------------------------------------------------------------
     1    4.2194e-03  N2951(UY)      5.7832e-01  N10001(UY)     0.0000e+00     1.38e-01    4.93e+04      1.00        74
     2    4.5346e+01  N1(UX)         7.7919e-03  N3449(UY)      5.7784e-01     1.50e-03    7.70e+00      1.00        74
     3    2.4140e-03  N2467(UY)      4.7509e-04  N3449(UY)      5.7784e-01     6.15e-05    5.10e-07      1.00        74
  ---------------------------------------------------------------------------------------------------------------------
  => Increment Converged. (Time: 8.99 s)

     1     9     1       0       2     0.0825     0.0100     0.0100

  STEP  9 | t=0.0825s | dt=0.0100s | Iters= 2 | θ=[np.float64(-7.424998051196541), np.float64(7.424998051196541)] deg | max|u|=4.79mm

----------------------------------------------------------------------------------------------------
Step 10 | Attempting time increment: dt = 0.01000s (t: 0.0825s -> 0.0925s)
----------------------------------------------------------------------------------------------------

  Nonlinear Iteration Summary (Newton-Raphson)
  ==========================================================================================================================
  Time increment dt: 1.000e-02
  Convergence Tol  : 1.0e-03 (Disp Ratio)     Max Iterations: 25
  --------------------------------------------------------------------------------------------------------------------------
  Iter   Max Res.Force  (Node/DOF)    Max Disp.Corr  (Node/DOF)    Max Disp.Incr  Disp.Ratio  Energy.Err  LS.alpha  Contacts
  --------------------------------------------------------------------------------------------------------------------------
     1    2.4150e-03  N2467(UY)      5.7734e-01  N10125(UY)     0.0000e+00     1.21e-01    4.93e+04      1.00        74
     2    4.5257e+01  N1(UX)         6.2141e-03  N3449(UY)      5.7678e-01     1.20e-03    7.70e+00      1.00        74
     3    1.4538e-03  N2467(UY)      3.1171e-04  N3449(UY)      5.7678e-01     3.57e-05    2.67e-07      1.00        74
  ---------------------------------------------------------------------------------------------------------------------
  => Increment Converged. (Time: 9.11 s)

     1    10     1       0       2     0.0925     0.0100     0.0100

  STEP 10 | t=0.0925s | dt=0.0100s | Iters= 2 | θ=[np.float64(-8.324997823037386), np.float64(8.324997823037386)] deg | max|u|=5.36mm

----------------------------------------------------------------------------------------------------
Step 11 | Attempting time increment: dt = 0.01000s (t: 0.0925s -> 0.1025s)
----------------------------------------------------------------------------------------------------

  Nonlinear Iteration Summary (Newton-Raphson)
  ==========================================================================================================================
  Time increment dt: 1.000e-02
  Convergence Tol  : 1.0e-03 (Disp Ratio)     Max Iterations: 25
  --------------------------------------------------------------------------------------------------------------------------
  Iter   Max Res.Force  (Node/DOF)    Max Disp.Corr  (Node/DOF)    Max Disp.Incr  Disp.Ratio  Energy.Err  LS.alpha  Contacts
  --------------------------------------------------------------------------------------------------------------------------
     1    1.4551e-03  N2467(UY)      5.7621e-01  N10001(UY)     0.0000e+00     1.08e-01    4.93e+04      1.00        74
     2    4.5157e+01  N121(UX)       5.0880e-03  N3449(UY)      5.7558e-01     9.94e-04    7.70e+00      1.00        74
  ---------------------------------------------------------------------------------------------------------------------
  => Increment Converged. (Time: 6.04 s)

     1    11     1       0       1     0.1025     0.0100     0.0100

  STEP 11 | t=0.1025s | dt=0.0100s | Iters= 1 | θ=[np.float64(-9.224997592949514), np.float64(9.224997592949505)] deg | max|u|=5.94mm

----------------------------------------------------------------------------------------------------
Step 12 | Attempting time increment: dt = 0.01000s (t: 0.1025s -> 0.1125s)
----------------------------------------------------------------------------------------------------

  Nonlinear Iteration Summary (Newton-Raphson)
  ==========================================================================================================================
  Time increment dt: 1.000e-02
  Convergence Tol  : 1.0e-03 (Disp Ratio)     Max Iterations: 25
  --------------------------------------------------------------------------------------------------------------------------
  Iter   Max Res.Force  (Node/DOF)    Max Disp.Corr  (Node/DOF)    Max Disp.Incr  Disp.Ratio  Energy.Err  LS.alpha  Contacts
  --------------------------------------------------------------------------------------------------------------------------
     1    4.5157e+01  N121(UX)       5.7494e-01  N10125(UY)     0.0000e+00     9.77e-02    4.94e+04      1.00        74
     2    4.5046e+01  N1(UX)         4.8986e-03  N3509(UX)      5.7424e-01     8.45e-04    7.70e+00      1.00        74
  ---------------------------------------------------------------------------------------------------------------------
  => Increment Converged. (Time: 5.90 s)

     1    12     1       0       1     0.1125     0.0100     0.0100

  STEP 12 | t=0.1125s | dt=0.0100s | Iters= 1 | θ=[np.float64(-10.124997362735055), np.float64(10.124997362735057)] deg | max|u|=6.51mm

----------------------------------------------------------------------------------------------------
Step 13 | Attempting time increment: dt = 0.01000s (t: 0.1125s -> 0.1225s)
----------------------------------------------------------------------------------------------------

  Nonlinear Iteration Summary (Newton-Raphson)
  ==========================================================================================================================
  Time increment dt: 1.000e-02
  Convergence Tol  : 1.0e-03 (Disp Ratio)     Max Iterations: 25
  --------------------------------------------------------------------------------------------------------------------------
  Iter   Max Res.Force  (Node/DOF)    Max Disp.Corr  (Node/DOF)    Max Disp.Incr  Disp.Ratio  Energy.Err  LS.alpha  Contacts
  --------------------------------------------------------------------------------------------------------------------------
     1    4.5046e+01  N1(UX)         5.7352e-01  N10125(UY)     0.0000e+00     8.90e-02    4.94e+04      1.00        74
     2    4.4923e+01  N121(UX)       4.8507e-03  N3509(UX)      5.7276e-01     7.46e-04    7.70e+00      1.00        74
  ---------------------------------------------------------------------------------------------------------------------
  => Increment Converged. (Time: 6.14 s)

     1    13     1       0       1     0.1225     0.0100     0.0100

  STEP 13 | t=0.1225s | dt=0.0100s | Iters= 1 | θ=[np.float64(-11.024997134556203), np.float64(11.024997134556212)] deg | max|u|=7.09mm

----------------------------------------------------------------------------------------------------
Step 14 | Attempting time increment: dt = 0.01000s (t: 0.1225s -> 0.1325s)
----------------------------------------------------------------------------------------------------

  Nonlinear Iteration Summary (Newton-Raphson)
  ==========================================================================================================================
  Time increment dt: 1.000e-02
  Convergence Tol  : 1.0e-03 (Disp Ratio)     Max Iterations: 25
  --------------------------------------------------------------------------------------------------------------------------
  Iter   Max Res.Force  (Node/DOF)    Max Disp.Corr  (Node/DOF)    Max Disp.Incr  Disp.Ratio  Energy.Err  LS.alpha  Contacts
  --------------------------------------------------------------------------------------------------------------------------
     1    4.4923e+01  N121(UX)       5.7197e-01  N10125(UY)     0.0000e+00     8.18e-02    4.94e+04      1.00        74
     2    4.4790e+01  N121(UX)       4.8051e-03  N3509(UX)      5.7113e-01     6.69e-04    7.70e+00      1.00        74
  ---------------------------------------------------------------------------------------------------------------------
  => Increment Converged. (Time: 6.12 s)

     1    14     1       0       1     0.1325     0.0100     0.0100

  STEP 14 | t=0.1325s | dt=0.0100s | Iters= 1 | θ=[np.float64(-11.9249969060939), np.float64(11.92499690609391)] deg | max|u|=7.66mm

----------------------------------------------------------------------------------------------------
Step 15 | Attempting time increment: dt = 0.01000s (t: 0.1325s -> 0.1425s)
----------------------------------------------------------------------------------------------------

  Nonlinear Iteration Summary (Newton-Raphson)
  ==========================================================================================================================
  Time increment dt: 1.000e-02
  Convergence Tol  : 1.0e-03 (Disp Ratio)     Max Iterations: 25
  --------------------------------------------------------------------------------------------------------------------------
  Iter   Max Res.Force  (Node/DOF)    Max Disp.Corr  (Node/DOF)    Max Disp.Incr  Disp.Ratio  Energy.Err  LS.alpha  Contacts
  --------------------------------------------------------------------------------------------------------------------------
     1    4.4790e+01  N121(UX)       5.7027e-01  N10001(UY)     0.0000e+00     7.56e-02    4.94e+04      1.00        74
     2    4.4645e+01  N121(UX)       4.7629e-03  N3509(UX)      5.6937e-01     6.08e-04    7.70e+00      1.00        74
  ---------------------------------------------------------------------------------------------------------------------
  => Increment Converged. (Time: 6.37 s)

     1    15     1       0       1     0.1425     0.0100     0.0100

  STEP 15 | t=0.1425s | dt=0.0100s | Iters= 1 | θ=[np.float64(-12.824996677507663), np.float64(12.824996677507668)] deg | max|u|=8.23mm

----------------------------------------------------------------------------------------------------
Step 16 | Attempting time increment: dt = 0.01000s (t: 0.1425s -> 0.1525s)
----------------------------------------------------------------------------------------------------

  Nonlinear Iteration Summary (Newton-Raphson)
  ==========================================================================================================================
  Time increment dt: 1.000e-02
  Convergence Tol  : 1.0e-03 (Disp Ratio)     Max Iterations: 25
  --------------------------------------------------------------------------------------------------------------------------
  Iter   Max Res.Force  (Node/DOF)    Max Disp.Corr  (Node/DOF)    Max Disp.Incr  Disp.Ratio  Energy.Err  LS.alpha  Contacts
  --------------------------------------------------------------------------------------------------------------------------
     1    4.4645e+01  N121(UX)       5.6844e-01  N10001(UY)     0.0000e+00     7.04e-02    4.94e+04      1.00        74
     2    4.4490e+01  N121(UX)       4.7234e-03  N3509(UX)      5.6746e-01     5.58e-04    7.70e+00      1.00        74
  ---------------------------------------------------------------------------------------------------------------------
  => Increment Converged. (Time: 6.26 s)

     1    16     1       0       1     0.1525     0.0100     0.0100

  STEP 16 | t=0.1525s | dt=0.0100s | Iters= 1 | θ=[np.float64(-13.724996448826758), np.float64(13.724996448826758)] deg | max|u|=8.79mm

----------------------------------------------------------------------------------------------------
Step 17 | Attempting time increment: dt = 0.01000s (t: 0.1525s -> 0.1625s)
----------------------------------------------------------------------------------------------------

  Nonlinear Iteration Summary (Newton-Raphson)
  ==========================================================================================================================
  Time increment dt: 1.000e-02
  Convergence Tol  : 1.0e-03 (Disp Ratio)     Max Iterations: 25
  --------------------------------------------------------------------------------------------------------------------------
  Iter   Max Res.Force  (Node/DOF)    Max Disp.Corr  (Node/DOF)    Max Disp.Incr  Disp.Ratio  Energy.Err  LS.alpha  Contacts
  --------------------------------------------------------------------------------------------------------------------------
     1    4.4490e+01  N121(UX)       5.6646e-01  N10001(UY)     0.0000e+00     6.58e-02    4.94e+04      1.00        74
     2    4.4323e+01  N1(UX)         4.6858e-03  N3389(UX)      5.6542e-01     5.16e-04    7.70e+00      1.00        74
  ---------------------------------------------------------------------------------------------------------------------
  => Increment Converged. (Time: 6.09 s)

     1    17     1       0       1     0.1625     0.0100     0.0100

  STEP 17 | t=0.1625s | dt=0.0100s | Iters= 1 | θ=[np.float64(-14.624996220078891), np.float64(14.624996220078888)] deg | max|u|=9.36mm

----------------------------------------------------------------------------------------------------
Step 18 | Attempting time increment: dt = 0.01000s (t: 0.1625s -> 0.1725s)
----------------------------------------------------------------------------------------------------

  Nonlinear Iteration Summary (Newton-Raphson)
  ==========================================================================================================================
  Time increment dt: 1.000e-02
  Convergence Tol  : 1.0e-03 (Disp Ratio)     Max Iterations: 25
  --------------------------------------------------------------------------------------------------------------------------
  Iter   Max Res.Force  (Node/DOF)    Max Disp.Corr  (Node/DOF)    Max Disp.Incr  Disp.Ratio  Energy.Err  LS.alpha  Contacts
  --------------------------------------------------------------------------------------------------------------------------
     1    4.4323e+01  N1(UX)         5.6435e-01  N10001(UY)     0.0000e+00     6.17e-02    4.94e+04      1.00        74
     2    4.4146e+01  N121(UX)       4.6495e-03  N3389(UX)      5.6323e-01     4.81e-04    7.70e+00      1.00        74
  ---------------------------------------------------------------------------------------------------------------------
  => Increment Converged. (Time: 5.98 s)

     1    18     1       0       1     0.1725     0.0100     0.0100

  STEP 18 | t=0.1725s | dt=0.0100s | Iters= 1 | θ=[np.float64(-15.524995991284197), np.float64(15.524995991284184)] deg | max|u|=9.92mm

----------------------------------------------------------------------------------------------------
Step 19 | Attempting time increment: dt = 0.01000s (t: 0.1725s -> 0.1825s)
----------------------------------------------------------------------------------------------------

  Nonlinear Iteration Summary (Newton-Raphson)
  ==========================================================================================================================
  Time increment dt: 1.000e-02
  Convergence Tol  : 1.0e-03 (Disp Ratio)     Max Iterations: 25
  --------------------------------------------------------------------------------------------------------------------------
  Iter   Max Res.Force  (Node/DOF)    Max Disp.Corr  (Node/DOF)    Max Disp.Incr  Disp.Ratio  Energy.Err  LS.alpha  Contacts
  --------------------------------------------------------------------------------------------------------------------------
     1    4.4146e+01  N121(UX)       5.6209e-01  N10125(UY)     0.0000e+00     5.82e-02    4.94e+04      1.00        74
     2    4.3958e+01  N1(UX)         4.6141e-03  N3509(UX)      5.6091e-01     4.51e-04    7.70e+00      1.00        74
  ---------------------------------------------------------------------------------------------------------------------
  => Increment Converged. (Time: 6.17 s)

     1    19     1       0       1     0.1825     0.0100     0.0100

  STEP 19 | t=0.1825s | dt=0.0100s | Iters= 1 | θ=[np.float64(-16.4249957624575), np.float64(16.42499576245749)] deg | max|u|=10.48mm

----------------------------------------------------------------------------------------------------
Step 20 | Attempting time increment: dt = 0.01000s (t: 0.1825s -> 0.1925s)
----------------------------------------------------------------------------------------------------

  Nonlinear Iteration Summary (Newton-Raphson)
  ==========================================================================================================================
  Time increment dt: 1.000e-02
  Convergence Tol  : 1.0e-03 (Disp Ratio)     Max Iterations: 25
  --------------------------------------------------------------------------------------------------------------------------
  Iter   Max Res.Force  (Node/DOF)    Max Disp.Corr  (Node/DOF)    Max Disp.Incr  Disp.Ratio  Energy.Err  LS.alpha  Contacts
  --------------------------------------------------------------------------------------------------------------------------
     1    4.3958e+01  N1(UX)         5.5970e-01  N10125(UY)     0.0000e+00     5.50e-02    4.94e+04      1.00        74
     2    4.3758e+01  N121(UX)       4.5792e-03  N3509(UX)      5.5844e-01     4.24e-04    7.70e+00      1.00        74
  ---------------------------------------------------------------------------------------------------------------------
  => Increment Converged. (Time: 5.99 s)

     1    20     1       0       1     0.1925     0.0100     0.0100

  STEP 20 | t=0.1925s | dt=0.0100s | Iters= 1 | θ=[np.float64(-17.32499553361015), np.float64(17.32499553361018)] deg | max|u|=11.04mm

----------------------------------------------------------------------------------------------------
Step 21 | Attempting time increment: dt = 0.01000s (t: 0.1925s -> 0.2025s)
----------------------------------------------------------------------------------------------------

  Nonlinear Iteration Summary (Newton-Raphson)
  ==========================================================================================================================
  Time increment dt: 1.000e-02
  Convergence Tol  : 1.0e-03 (Disp Ratio)     Max Iterations: 25
  --------------------------------------------------------------------------------------------------------------------------
  Iter   Max Res.Force  (Node/DOF)    Max Disp.Corr  (Node/DOF)    Max Disp.Incr  Disp.Ratio  Energy.Err  LS.alpha  Contacts
  --------------------------------------------------------------------------------------------------------------------------
     1    4.3758e+01  N121(UX)       5.5717e-01  N10001(UY)     0.0000e+00     5.22e-02    4.94e+04      1.00        74
     2    4.3548e+01  N1(UX)         4.5445e-03  N3509(UX)      5.5584e-01     4.01e-04    7.70e+00      1.00        74
  ---------------------------------------------------------------------------------------------------------------------
  => Increment Converged. (Time: 6.09 s)

     1    21     1       0       1     0.2025     0.0100     0.0100

  STEP 21 | t=0.2025s | dt=0.0100s | Iters= 1 | θ=[np.float64(-18.224995304751236), np.float64(18.224995304751218)] deg | max|u|=11.60mm

----------------------------------------------------------------------------------------------------
Step 22 | Attempting time increment: dt = 0.01000s (t: 0.2025s -> 0.2125s)
----------------------------------------------------------------------------------------------------

  Nonlinear Iteration Summary (Newton-Raphson)
  ==========================================================================================================================
  Time increment dt: 1.000e-02
  Convergence Tol  : 1.0e-03 (Disp Ratio)     Max Iterations: 25
  --------------------------------------------------------------------------------------------------------------------------
  Iter   Max Res.Force  (Node/DOF)    Max Disp.Corr  (Node/DOF)    Max Disp.Incr  Disp.Ratio  Energy.Err  LS.alpha  Contacts
  --------------------------------------------------------------------------------------------------------------------------
     1    4.3548e+01  N1(UX)         5.5450e-01  N10001(UY)     0.0000e+00     4.96e-02    4.94e+04      1.00        74
     2    4.3328e+01  N121(UX)       4.5099e-03  N3389(UX)      5.5310e-01     3.80e-04    7.70e+00      1.00        74
  ---------------------------------------------------------------------------------------------------------------------
  => Increment Converged. (Time: 6.49 s)

     1    22     1       0       1     0.2125     0.0100     0.0100

  STEP 22 | t=0.2125s | dt=0.0100s | Iters= 1 | θ=[np.float64(-19.124995075887902), np.float64(19.12499507588788)] deg | max|u|=12.15mm

----------------------------------------------------------------------------------------------------
Step 23 | Attempting time increment: dt = 0.01000s (t: 0.2125s -> 0.2225s)
----------------------------------------------------------------------------------------------------

  Nonlinear Iteration Summary (Newton-Raphson)
  ==========================================================================================================================
  Time increment dt: 1.000e-02
  Convergence Tol  : 1.0e-03 (Disp Ratio)     Max Iterations: 25
  --------------------------------------------------------------------------------------------------------------------------
  Iter   Max Res.Force  (Node/DOF)    Max Disp.Corr  (Node/DOF)    Max Disp.Incr  Disp.Ratio  Energy.Err  LS.alpha  Contacts
  --------------------------------------------------------------------------------------------------------------------------
     1    4.3328e+01  N121(UX)       5.5169e-01  N10125(UY)     0.0000e+00     4.73e-02    4.94e+04      1.00        74
     2    4.3096e+01  N121(UX)       4.4753e-03  N3509(UX)      5.5023e-01     3.62e-04    7.70e+00      1.00        74
  ---------------------------------------------------------------------------------------------------------------------
  => Increment Converged. (Time: 6.34 s)

     1    23     1       0       1     0.2225     0.0100     0.0100

  STEP 23 | t=0.2225s | dt=0.0100s | Iters= 1 | θ=[np.float64(-20.024994847026186), np.float64(20.024994847026186)] deg | max|u|=12.70mm

----------------------------------------------------------------------------------------------------
Step 24 | Attempting time increment: dt = 0.01000s (t: 0.2225s -> 0.2325s)
----------------------------------------------------------------------------------------------------

  Nonlinear Iteration Summary (Newton-Raphson)
  ==========================================================================================================================
  Time increment dt: 1.000e-02
  Convergence Tol  : 1.0e-03 (Disp Ratio)     Max Iterations: 25
  --------------------------------------------------------------------------------------------------------------------------
  Iter   Max Res.Force  (Node/DOF)    Max Disp.Corr  (Node/DOF)    Max Disp.Incr  Disp.Ratio  Energy.Err  LS.alpha  Contacts
  --------------------------------------------------------------------------------------------------------------------------
     1    4.3096e+01  N121(UX)       5.4875e-01  N10125(UY)     0.0000e+00     4.52e-02    4.94e+04      1.00        74
     2    4.2854e+01  N1(UX)         4.4403e-03  N3509(UX)      5.4722e-01     3.45e-04    7.70e+00      1.00        74
  ---------------------------------------------------------------------------------------------------------------------
  => Increment Converged. (Time: 6.21 s)

     1    24     1       0       1     0.2325     0.0100     0.0100

  STEP 24 | t=0.2325s | dt=0.0100s | Iters= 1 | θ=[np.float64(-20.924994618170963), np.float64(20.924994618170995)] deg | max|u|=13.25mm

----------------------------------------------------------------------------------------------------
Step 25 | Attempting time increment: dt = 0.01000s (t: 0.2325s -> 0.2425s)
----------------------------------------------------------------------------------------------------

  Nonlinear Iteration Summary (Newton-Raphson)
  ==========================================================================================================================
  Time increment dt: 1.000e-02
  Convergence Tol  : 1.0e-03 (Disp Ratio)     Max Iterations: 25
  --------------------------------------------------------------------------------------------------------------------------
  Iter   Max Res.Force  (Node/DOF)    Max Disp.Corr  (Node/DOF)    Max Disp.Incr  Disp.Ratio  Energy.Err  LS.alpha  Contacts
  --------------------------------------------------------------------------------------------------------------------------
     1    4.2854e+01  N1(UX)         5.4567e-01  N10001(UY)     0.0000e+00     4.33e-02    4.94e+04      1.00        74
     2    4.2602e+01  N121(UX)       4.4051e-03  N3389(UX)      5.4407e-01     3.30e-04    7.70e+00      1.00        74
  ---------------------------------------------------------------------------------------------------------------------
  => Increment Converged. (Time: 6.14 s)

     1    25     1       0       1     0.2425     0.0100     0.0100

  STEP 25 | t=0.2425s | dt=0.0100s | Iters= 1 | θ=[np.float64(-21.824994389326758), np.float64(21.824994389326747)] deg | max|u|=13.79mm

----------------------------------------------------------------------------------------------------
Step 26 | Attempting time increment: dt = 0.01000s (t: 0.2425s -> 0.2525s)
----------------------------------------------------------------------------------------------------

  Nonlinear Iteration Summary (Newton-Raphson)
  ==========================================================================================================================
  Time increment dt: 1.000e-02
  Convergence Tol  : 1.0e-03 (Disp Ratio)     Max Iterations: 25
  --------------------------------------------------------------------------------------------------------------------------
  Iter   Max Res.Force  (Node/DOF)    Max Disp.Corr  (Node/DOF)    Max Disp.Incr  Disp.Ratio  Energy.Err  LS.alpha  Contacts
  --------------------------------------------------------------------------------------------------------------------------
     1    4.2602e+01  N121(UX)       5.4246e-01  N10125(UY)     0.0000e+00     4.15e-02    4.94e+04      1.00        74
     2    4.2338e+01  N121(UX)       4.3694e-03  N3509(UX)      5.4079e-01     3.16e-04    7.70e+00      1.00        74
  ---------------------------------------------------------------------------------------------------------------------
  => Increment Converged. (Time: 6.11 s)

     1    26     1       0       1     0.2525     0.0100     0.0100

  STEP 26 | t=0.2525s | dt=0.0100s | Iters= 1 | θ=[np.float64(-22.724994160497197), np.float64(22.7249941604972)] deg | max|u|=14.33mm

----------------------------------------------------------------------------------------------------
Step 27 | Attempting time increment: dt = 0.01000s (t: 0.2525s -> 0.2625s)
----------------------------------------------------------------------------------------------------

  Nonlinear Iteration Summary (Newton-Raphson)
  ==========================================================================================================================
  Time increment dt: 1.000e-02
  Convergence Tol  : 1.0e-03 (Disp Ratio)     Max Iterations: 25
  --------------------------------------------------------------------------------------------------------------------------
  Iter   Max Res.Force  (Node/DOF)    Max Disp.Corr  (Node/DOF)    Max Disp.Incr  Disp.Ratio  Energy.Err  LS.alpha  Contacts
  --------------------------------------------------------------------------------------------------------------------------
     1    4.2338e+01  N121(UX)       5.3911e-01  N10001(UY)     0.0000e+00     3.99e-02    4.94e+04      1.00        74
     2    4.2065e+01  N1(UX)         4.3332e-03  N3389(UX)      5.3738e-01     3.03e-04    7.70e+00      1.00        74
  ---------------------------------------------------------------------------------------------------------------------
  => Increment Converged. (Time: 6.01 s)

     1    27     1       0       1     0.2625     0.0100     0.0100

  STEP 27 | t=0.2625s | dt=0.0100s | Iters= 1 | θ=[np.float64(-23.624993931685637), np.float64(23.624993931685637)] deg | max|u|=14.87mm

----------------------------------------------------------------------------------------------------
Step 28 | Attempting time increment: dt = 0.01000s (t: 0.2625s -> 0.2725s)
----------------------------------------------------------------------------------------------------

  Nonlinear Iteration Summary (Newton-Raphson)
  ==========================================================================================================================
  Time increment dt: 1.000e-02
  Convergence Tol  : 1.0e-03 (Disp Ratio)     Max Iterations: 25
  --------------------------------------------------------------------------------------------------------------------------
  Iter   Max Res.Force  (Node/DOF)    Max Disp.Corr  (Node/DOF)    Max Disp.Incr  Disp.Ratio  Energy.Err  LS.alpha  Contacts
  --------------------------------------------------------------------------------------------------------------------------
     1    4.2065e+01  N1(UX)         5.3563e-01  N10001(UY)     0.0000e+00     3.84e-02    4.94e+04      1.00        74
     2    4.1781e+01  N121(UX)       4.2965e-03  N3509(UX)      5.3384e-01     2.92e-04    7.70e+00      1.00        74
  ---------------------------------------------------------------------------------------------------------------------
  => Increment Converged. (Time: 6.21 s)

     1    28     1       0       1     0.2725     0.0100     0.0100

  STEP 28 | t=0.2725s | dt=0.0100s | Iters= 1 | θ=[np.float64(-24.524993702894914), np.float64(24.52499370289491)] deg | max|u|=15.40mm

----------------------------------------------------------------------------------------------------
Step 29 | Attempting time increment: dt = 0.01000s (t: 0.2725s -> 0.2825s)
----------------------------------------------------------------------------------------------------

  Nonlinear Iteration Summary (Newton-Raphson)
  ==========================================================================================================================
  Time increment dt: 1.000e-02
  Convergence Tol  : 1.0e-03 (Disp Ratio)     Max Iterations: 25
  --------------------------------------------------------------------------------------------------------------------------
  Iter   Max Res.Force  (Node/DOF)    Max Disp.Corr  (Node/DOF)    Max Disp.Incr  Disp.Ratio  Energy.Err  LS.alpha  Contacts
  --------------------------------------------------------------------------------------------------------------------------
     1    4.1781e+01  N121(UX)       5.3202e-01  N10125(UY)     0.0000e+00     3.70e-02    4.94e+04      1.00        74
     2    4.1487e+01  N121(UX)       4.2592e-03  N3389(UX)      5.3016e-01     2.81e-04    7.70e+00      1.00        74
  ---------------------------------------------------------------------------------------------------------------------
  => Increment Converged. (Time: 6.06 s)

     1    29     1       0       1     0.2825     0.0100     0.0100

  STEP 29 | t=0.2825s | dt=0.0100s | Iters= 1 | θ=[np.float64(-25.424993474127824), np.float64(25.424993474127845)] deg | max|u|=15.93mm

----------------------------------------------------------------------------------------------------
Step 30 | Attempting time increment: dt = 0.01000s (t: 0.2825s -> 0.2925s)
----------------------------------------------------------------------------------------------------

  Nonlinear Iteration Summary (Newton-Raphson)
  ==========================================================================================================================
  Time increment dt: 1.000e-02
  Convergence Tol  : 1.0e-03 (Disp Ratio)     Max Iterations: 25
  --------------------------------------------------------------------------------------------------------------------------
  Iter   Max Res.Force  (Node/DOF)    Max Disp.Corr  (Node/DOF)    Max Disp.Incr  Disp.Ratio  Energy.Err  LS.alpha  Contacts
  --------------------------------------------------------------------------------------------------------------------------
     1    4.1487e+01  N121(UX)       5.2828e-01  N10001(UY)     0.0000e+00     3.57e-02    4.94e+04      1.00        74
     2    4.1182e+01  N1(UX)         4.2212e-03  N3389(UX)      5.2635e-01     2.71e-04    7.70e+00      1.00        74
  ---------------------------------------------------------------------------------------------------------------------
  => Increment Converged. (Time: 6.10 s)

     1    30     1       0       1     0.2925     0.0100     0.0100

  STEP 30 | t=0.2925s | dt=0.0100s | Iters= 1 | θ=[np.float64(-26.32499324538686), np.float64(26.324993245386846)] deg | max|u|=16.46mm

----------------------------------------------------------------------------------------------------
Step 31 | Attempting time increment: dt = 0.01000s (t: 0.2925s -> 0.3025s)
----------------------------------------------------------------------------------------------------

  Nonlinear Iteration Summary (Newton-Raphson)
  ==========================================================================================================================
  Time increment dt: 1.000e-02
  Convergence Tol  : 1.0e-03 (Disp Ratio)     Max Iterations: 25
  --------------------------------------------------------------------------------------------------------------------------
  Iter   Max Res.Force  (Node/DOF)    Max Disp.Corr  (Node/DOF)    Max Disp.Incr  Disp.Ratio  Energy.Err  LS.alpha  Contacts
  --------------------------------------------------------------------------------------------------------------------------
     1    4.1182e+01  N1(UX)         5.2440e-01  N10125(UY)     0.0000e+00     3.45e-02    4.94e+04      1.00        74
     2    4.0867e+01  N1(UX)         4.1826e-03  N3509(UX)      5.2241e-01     2.62e-04    7.70e+00      1.00        74
  ---------------------------------------------------------------------------------------------------------------------
  => Increment Converged. (Time: 5.96 s)

     1    31     1       0       1     0.3025     0.0100     0.0100

  STEP 31 | t=0.3025s | dt=0.0100s | Iters= 1 | θ=[np.float64(-27.22499301667423), np.float64(27.22499301667424)] deg | max|u|=16.98mm

----------------------------------------------------------------------------------------------------
Step 32 | Attempting time increment: dt = 0.01000s (t: 0.3025s -> 0.3125s)
----------------------------------------------------------------------------------------------------

  Nonlinear Iteration Summary (Newton-Raphson)
  ==========================================================================================================================
  Time increment dt: 1.000e-02
  Convergence Tol  : 1.0e-03 (Disp Ratio)     Max Iterations: 25
  --------------------------------------------------------------------------------------------------------------------------
  Iter   Max Res.Force  (Node/DOF)    Max Disp.Corr  (Node/DOF)    Max Disp.Incr  Disp.Ratio  Energy.Err  LS.alpha  Contacts
  --------------------------------------------------------------------------------------------------------------------------
     1    4.0867e+01  N1(UX)         5.2040e-01  N10001(UY)     0.0000e+00     3.34e-02    4.94e+04      1.00        74
     2    4.0543e+01  N121(UX)       4.1432e-03  N3389(UX)      5.1835e-01     2.53e-04    7.70e+00      1.00        74
  ---------------------------------------------------------------------------------------------------------------------
  => Increment Converged. (Time: 6.00 s)

     1    32     1       0       1     0.3125     0.0100     0.0100

  STEP 32 | t=0.3125s | dt=0.0100s | Iters= 1 | θ=[np.float64(-28.124992787999297), np.float64(28.124992787999286)] deg | max|u|=17.50mm

----------------------------------------------------------------------------------------------------
Step 33 | Attempting time increment: dt = 0.01000s (t: 0.3125s -> 0.3225s)
----------------------------------------------------------------------------------------------------

  Nonlinear Iteration Summary (Newton-Raphson)
  ==========================================================================================================================
  Time increment dt: 1.000e-02
  Convergence Tol  : 1.0e-03 (Disp Ratio)     Max Iterations: 25
  --------------------------------------------------------------------------------------------------------------------------
  Iter   Max Res.Force  (Node/DOF)    Max Disp.Corr  (Node/DOF)    Max Disp.Incr  Disp.Ratio  Energy.Err  LS.alpha  Contacts
  --------------------------------------------------------------------------------------------------------------------------
     1    4.0543e+01  N121(UX)       5.1627e-01  N10125(UY)     0.0000e+00     3.23e-02    4.94e+04      1.00        74
     2    4.0208e+01  N121(UX)       4.1031e-03  N3509(UX)      5.1415e-01     2.45e-04    7.70e+00      1.00        74
  ---------------------------------------------------------------------------------------------------------------------
  => Increment Converged. (Time: 5.89 s)

     1    33     1       0       1     0.3225     0.0100     0.0100

  STEP 33 | t=0.3225s | dt=0.0100s | Iters= 1 | θ=[np.float64(-29.024992559361138), np.float64(29.024992559361124)] deg | max|u|=18.01mm

----------------------------------------------------------------------------------------------------
Step 34 | Attempting time increment: dt = 0.01000s (t: 0.3225s -> 0.3325s)
----------------------------------------------------------------------------------------------------

  Nonlinear Iteration Summary (Newton-Raphson)
  ==========================================================================================================================
  Time increment dt: 1.000e-02
  Convergence Tol  : 1.0e-03 (Disp Ratio)     Max Iterations: 25
  --------------------------------------------------------------------------------------------------------------------------
  Iter   Max Res.Force  (Node/DOF)    Max Disp.Corr  (Node/DOF)    Max Disp.Incr  Disp.Ratio  Energy.Err  LS.alpha  Contacts
  --------------------------------------------------------------------------------------------------------------------------
     1    4.0208e+01  N121(UX)       5.1201e-01  N10125(UY)     0.0000e+00     3.14e-02    4.94e+04      1.00        74
     2    3.9863e+01  N1(UX)         4.0623e-03  N3389(UX)      5.0983e-01     2.38e-04    7.70e+00      1.00        74
  ---------------------------------------------------------------------------------------------------------------------
  => Increment Converged. (Time: 6.05 s)

     1    34     1       0       1     0.3325     0.0100     0.0100

  STEP 34 | t=0.3325s | dt=0.0100s | Iters= 1 | θ=[np.float64(-29.92499233075768), np.float64(29.92499233075769)] deg | max|u|=18.52mm

----------------------------------------------------------------------------------------------------
Step 35 | Attempting time increment: dt = 0.01000s (t: 0.3325s -> 0.3425s)
----------------------------------------------------------------------------------------------------

  Nonlinear Iteration Summary (Newton-Raphson)
  ==========================================================================================================================
  Time increment dt: 1.000e-02
  Convergence Tol  : 1.0e-03 (Disp Ratio)     Max Iterations: 25
  --------------------------------------------------------------------------------------------------------------------------
  Iter   Max Res.Force  (Node/DOF)    Max Disp.Corr  (Node/DOF)    Max Disp.Incr  Disp.Ratio  Energy.Err  LS.alpha  Contacts
  --------------------------------------------------------------------------------------------------------------------------
     1    3.9863e+01  N1(UX)         5.0763e-01  N10001(UY)     0.0000e+00     3.04e-02    4.94e+04      1.00        74
     2    3.9509e+01  N121(UX)       4.0208e-03  N3389(UX)      5.0538e-01     2.31e-04    7.70e+00      1.00        74
  ---------------------------------------------------------------------------------------------------------------------
  => Increment Converged. (Time: 6.15 s)

     1    35     1       0       1     0.3425     0.0100     0.0100

  STEP 35 | t=0.3425s | dt=0.0100s | Iters= 1 | θ=[np.float64(-30.824992102190716), np.float64(30.824992102190716)] deg | max|u|=19.03mm

----------------------------------------------------------------------------------------------------
Step 36 | Attempting time increment: dt = 0.01000s (t: 0.3425s -> 0.3525s)
----------------------------------------------------------------------------------------------------

  Nonlinear Iteration Summary (Newton-Raphson)
  ==========================================================================================================================
  Time increment dt: 1.000e-02
  Convergence Tol  : 1.0e-03 (Disp Ratio)     Max Iterations: 25
  --------------------------------------------------------------------------------------------------------------------------
  Iter   Max Res.Force  (Node/DOF)    Max Disp.Corr  (Node/DOF)    Max Disp.Incr  Disp.Ratio  Energy.Err  LS.alpha  Contacts
  --------------------------------------------------------------------------------------------------------------------------
     1    3.9509e+01  N121(UX)       5.0312e-01  N10001(UY)     0.0000e+00     2.96e-02    4.94e+04      1.00        74
     2    3.9144e+01  N1(UX)         3.9784e-03  N3389(UX)      5.0081e-01     2.24e-04    7.70e+00      1.00        74
  ---------------------------------------------------------------------------------------------------------------------
  => Increment Converged. (Time: 6.19 s)

     1    36     1       0       1     0.3525     0.0100     0.0100

  STEP 36 | t=0.3525s | dt=0.0100s | Iters= 1 | θ=[np.float64(-31.724991873661878), np.float64(31.724991873661867)] deg | max|u|=19.53mm

----------------------------------------------------------------------------------------------------
Step 37 | Attempting time increment: dt = 0.01000s (t: 0.3525s -> 0.3625s)
----------------------------------------------------------------------------------------------------

  Nonlinear Iteration Summary (Newton-Raphson)
  ==========================================================================================================================
  Time increment dt: 1.000e-02
  Convergence Tol  : 1.0e-03 (Disp Ratio)     Max Iterations: 25
  --------------------------------------------------------------------------------------------------------------------------
  Iter   Max Res.Force  (Node/DOF)    Max Disp.Corr  (Node/DOF)    Max Disp.Incr  Disp.Ratio  Energy.Err  LS.alpha  Contacts
  --------------------------------------------------------------------------------------------------------------------------
     1    3.9144e+01  N1(UX)         4.9848e-01  N10001(UY)     0.0000e+00     2.88e-02    4.94e+04      1.00        74
     2    3.8770e+01  N121(UX)       3.9353e-03  N3389(UX)      4.9612e-01     2.18e-04    7.70e+00      1.00        74
  ---------------------------------------------------------------------------------------------------------------------
  => Increment Converged. (Time: 6.04 s)

     1    37     1       0       1     0.3625     0.0100     0.0100

  STEP 37 | t=0.3625s | dt=0.0100s | Iters= 1 | θ=[np.float64(-32.6249916451728), np.float64(32.62499164517277)] deg | max|u|=20.03mm

----------------------------------------------------------------------------------------------------
Step 38 | Attempting time increment: dt = 0.01000s (t: 0.3625s -> 0.3725s)
----------------------------------------------------------------------------------------------------

  Nonlinear Iteration Summary (Newton-Raphson)
  ==========================================================================================================================
  Time increment dt: 1.000e-02
  Convergence Tol  : 1.0e-03 (Disp Ratio)     Max Iterations: 25
  --------------------------------------------------------------------------------------------------------------------------
  Iter   Max Res.Force  (Node/DOF)    Max Disp.Corr  (Node/DOF)    Max Disp.Incr  Disp.Ratio  Energy.Err  LS.alpha  Contacts
  --------------------------------------------------------------------------------------------------------------------------
     1    3.8770e+01  N121(UX)       4.9373e-01  N10125(UY)     0.0000e+00     2.80e-02    4.94e+04      1.00        74
     2    3.8387e+01  N121(UX)       3.8914e-03  N3389(UX)      4.9130e-01     2.12e-04    7.70e+00      1.00        74
  ---------------------------------------------------------------------------------------------------------------------
  => Increment Converged. (Time: 6.20 s)

     1    38     1       0       1     0.3725     0.0100     0.0100

  STEP 38 | t=0.3725s | dt=0.0100s | Iters= 1 | θ=[np.float64(-33.52499141672484), np.float64(33.52499141672485)] deg | max|u|=20.52mm

----------------------------------------------------------------------------------------------------
Step 39 | Attempting time increment: dt = 0.01000s (t: 0.3725s -> 0.3825s)
----------------------------------------------------------------------------------------------------

  Nonlinear Iteration Summary (Newton-Raphson)
  ==========================================================================================================================
  Time increment dt: 1.000e-02
  Convergence Tol  : 1.0e-03 (Disp Ratio)     Max Iterations: 25
  --------------------------------------------------------------------------------------------------------------------------
  Iter   Max Res.Force  (Node/DOF)    Max Disp.Corr  (Node/DOF)    Max Disp.Incr  Disp.Ratio  Energy.Err  LS.alpha  Contacts
  --------------------------------------------------------------------------------------------------------------------------
     1    3.8387e+01  N121(UX)       4.8885e-01  N10001(UY)     0.0000e+00     2.73e-02    4.94e+04      1.00        74
     2    3.7994e+01  N1(UX)         3.8469e-03  N3025(UX)      4.8636e-01     2.07e-04    7.70e+00      1.00        74
  ---------------------------------------------------------------------------------------------------------------------
  => Increment Converged. (Time: 6.01 s)

     1    39     1       0       1     0.3825     0.0100     0.0100

  STEP 39 | t=0.3825s | dt=0.0100s | Iters= 1 | θ=[np.float64(-34.42499118831963), np.float64(34.424991188319645)] deg | max|u|=21.00mm

----------------------------------------------------------------------------------------------------
Step 40 | Attempting time increment: dt = 0.01000s (t: 0.3825s -> 0.3925s)
----------------------------------------------------------------------------------------------------

  Nonlinear Iteration Summary (Newton-Raphson)
  ==========================================================================================================================
  Time increment dt: 1.000e-02
  Convergence Tol  : 1.0e-03 (Disp Ratio)     Max Iterations: 25
  --------------------------------------------------------------------------------------------------------------------------
  Iter   Max Res.Force  (Node/DOF)    Max Disp.Corr  (Node/DOF)    Max Disp.Incr  Disp.Ratio  Energy.Err  LS.alpha  Contacts
  --------------------------------------------------------------------------------------------------------------------------
     1    3.7994e+01  N1(UX)         4.8385e-01  N10001(UY)     0.0000e+00     2.66e-02    4.94e+04      1.00        74
     2    3.7592e+01  N121(UX)       3.8016e-03  N2905(UX)      4.8130e-01     2.02e-04    7.70e+00      1.00        74
  ---------------------------------------------------------------------------------------------------------------------
  => Increment Converged. (Time: 6.11 s)

     1    40     1       0       1     0.3925     0.0100     0.0100

  STEP 40 | t=0.3925s | dt=0.0100s | Iters= 1 | θ=[np.float64(-35.324990959958484), np.float64(35.324990959958484)] deg | max|u|=21.49mm

----------------------------------------------------------------------------------------------------
Step 41 | Attempting time increment: dt = 0.01000s (t: 0.3925s -> 0.4025s)
----------------------------------------------------------------------------------------------------

  Nonlinear Iteration Summary (Newton-Raphson)
  ==========================================================================================================================
  Time increment dt: 1.000e-02
  Convergence Tol  : 1.0e-03 (Disp Ratio)     Max Iterations: 25
  --------------------------------------------------------------------------------------------------------------------------
  Iter   Max Res.Force  (Node/DOF)    Max Disp.Corr  (Node/DOF)    Max Disp.Incr  Disp.Ratio  Energy.Err  LS.alpha  Contacts
  --------------------------------------------------------------------------------------------------------------------------
     1    3.7592e+01  N121(UX)       4.7873e-01  N10001(UY)     0.0000e+00     2.59e-02    4.94e+04      1.00        74
     2    3.7180e+01  N1(UX)         3.7556e-03  N2905(UX)      4.7612e-01     1.97e-04    7.70e+00      1.00        74
  ---------------------------------------------------------------------------------------------------------------------
  => Increment Converged. (Time: 6.05 s)

     1    41     1       0       1     0.4025     0.0100     0.0100

  STEP 41 | t=0.4025s | dt=0.0100s | Iters= 1 | θ=[np.float64(-36.224990731642826), np.float64(36.22499073164281)] deg | max|u|=21.96mm

----------------------------------------------------------------------------------------------------
Step 42 | Attempting time increment: dt = 0.01000s (t: 0.4025s -> 0.4125s)
----------------------------------------------------------------------------------------------------

  Nonlinear Iteration Summary (Newton-Raphson)
  ==========================================================================================================================
  Time increment dt: 1.000e-02
  Convergence Tol  : 1.0e-03 (Disp Ratio)     Max Iterations: 25
  --------------------------------------------------------------------------------------------------------------------------
  Iter   Max Res.Force  (Node/DOF)    Max Disp.Corr  (Node/DOF)    Max Disp.Incr  Disp.Ratio  Energy.Err  LS.alpha  Contacts
  --------------------------------------------------------------------------------------------------------------------------
     1    3.7180e+01  N1(UX)         4.7349e-01  N10125(UY)     0.0000e+00     2.53e-02    4.94e+04      1.00        74
     2    3.6759e+01  N121(UX)       3.7088e-03  N3025(UX)      4.7083e-01     1.92e-04    7.70e+00      1.00        74
  ---------------------------------------------------------------------------------------------------------------------
  => Increment Converged. (Time: 6.16 s)

     1    42     1       0       1     0.4125     0.0100     0.0100

  STEP 42 | t=0.4125s | dt=0.0100s | Iters= 1 | θ=[np.float64(-37.124990503373866), np.float64(37.124990503373866)] deg | max|u|=22.43mm

----------------------------------------------------------------------------------------------------
Step 43 | Attempting time increment: dt = 0.01000s (t: 0.4125s -> 0.4225s)
----------------------------------------------------------------------------------------------------

  Nonlinear Iteration Summary (Newton-Raphson)
  ==========================================================================================================================
  Time increment dt: 1.000e-02
  Convergence Tol  : 1.0e-03 (Disp Ratio)     Max Iterations: 25
  --------------------------------------------------------------------------------------------------------------------------
  Iter   Max Res.Force  (Node/DOF)    Max Disp.Corr  (Node/DOF)    Max Disp.Incr  Disp.Ratio  Energy.Err  LS.alpha  Contacts
  --------------------------------------------------------------------------------------------------------------------------
     1    3.6759e+01  N121(UX)       4.6814e-01  N10125(UY)     0.0000e+00     2.47e-02    4.94e+04      1.00        74
     2    3.6329e+01  N121(UX)       3.6612e-03  N3025(UX)      4.6541e-01     1.88e-04    7.70e+00      1.00        74
  ---------------------------------------------------------------------------------------------------------------------
  => Increment Converged. (Time: 6.03 s)

     1    43     1       0       1     0.4225     0.0100     0.0100

  STEP 43 | t=0.4225s | dt=0.0100s | Iters= 1 | θ=[np.float64(-38.024990275152945), np.float64(38.02499027515295)] deg | max|u|=22.90mm

----------------------------------------------------------------------------------------------------
Step 44 | Attempting time increment: dt = 0.01000s (t: 0.4225s -> 0.4325s)
----------------------------------------------------------------------------------------------------

  Nonlinear Iteration Summary (Newton-Raphson)
  ==========================================================================================================================
  Time increment dt: 1.000e-02
  Convergence Tol  : 1.0e-03 (Disp Ratio)     Max Iterations: 25
  --------------------------------------------------------------------------------------------------------------------------
  Iter   Max Res.Force  (Node/DOF)    Max Disp.Corr  (Node/DOF)    Max Disp.Incr  Disp.Ratio  Energy.Err  LS.alpha  Contacts
  --------------------------------------------------------------------------------------------------------------------------
     1    3.6329e+01  N121(UX)       4.6267e-01  N10125(UY)     0.0000e+00     2.41e-02    4.94e+04      1.00        74
     2    3.5891e+01  N121(UX)       3.6153e-03  N2905(UX)      4.5989e-01     1.84e-04    7.70e+00      1.00        74
  ---------------------------------------------------------------------------------------------------------------------
  => Increment Converged. (Time: 6.13 s)

     1    44     1       0       1     0.4325     0.0100     0.0100

  STEP 44 | t=0.4325s | dt=0.0100s | Iters= 1 | θ=[np.float64(-38.92499004698583), np.float64(38.92499004698584)] deg | max|u|=23.36mm

----------------------------------------------------------------------------------------------------
Step 45 | Attempting time increment: dt = 0.01000s (t: 0.4325s -> 0.4425s)
----------------------------------------------------------------------------------------------------

  Nonlinear Iteration Summary (Newton-Raphson)
  ==========================================================================================================================
  Time increment dt: 1.000e-02
  Convergence Tol  : 1.0e-03 (Disp Ratio)     Max Iterations: 25
  --------------------------------------------------------------------------------------------------------------------------
  Iter   Max Res.Force  (Node/DOF)    Max Disp.Corr  (Node/DOF)    Max Disp.Incr  Disp.Ratio  Energy.Err  LS.alpha  Contacts
  --------------------------------------------------------------------------------------------------------------------------
     1    3.5891e+01  N121(UX)       4.5709e-01  N10001(UY)     0.0000e+00     2.36e-02    4.94e+04      1.00        74
     2    3.5443e+01  N121(UX)       3.5718e-03  N2905(UX)      4.5425e-01     1.81e-04    7.70e+00      1.00        74
  ---------------------------------------------------------------------------------------------------------------------
  => Increment Converged. (Time: 5.95 s)

     1    45     1       0       1     0.4425     0.0100     0.0100

  STEP 45 | t=0.4425s | dt=0.0100s | Iters= 1 | θ=[np.float64(-39.82498981911859), np.float64(39.824989819118585)] deg | max|u|=23.81mm

----------------------------------------------------------------------------------------------------
Step 46 | Attempting time increment: dt = 0.01000s (t: 0.4425s -> 0.4525s)
----------------------------------------------------------------------------------------------------

  Nonlinear Iteration Summary (Newton-Raphson)
  ==========================================================================================================================
  Time increment dt: 1.000e-02
  Convergence Tol  : 1.0e-03 (Disp Ratio)     Max Iterations: 25
  --------------------------------------------------------------------------------------------------------------------------
  Iter   Max Res.Force  (Node/DOF)    Max Disp.Corr  (Node/DOF)    Max Disp.Incr  Disp.Ratio  Energy.Err  LS.alpha  Contacts
  --------------------------------------------------------------------------------------------------------------------------
     1    3.5443e+01  N121(UX)       4.5139e-01  N10125(UY)     0.0000e+00     2.31e-02    4.94e+04      1.00        74
     2    3.4987e+01  N121(UX)       3.5302e-03  N3025(UX)      4.4850e-01     1.79e-04    7.70e+00      1.00        74
  ---------------------------------------------------------------------------------------------------------------------
  => Increment Converged. (Time: 6.00 s)

     1    46     1       0       1     0.4525     0.0100     0.0100

  STEP 46 | t=0.4525s | dt=0.0100s | Iters= 1 | θ=[np.float64(-40.72498959174226), np.float64(40.72498959174226)] deg | max|u|=24.26mm

----------------------------------------------------------------------------------------------------
Step 47 | Attempting time increment: dt = 0.01000s (t: 0.4525s -> 0.4625s)
----------------------------------------------------------------------------------------------------

  Nonlinear Iteration Summary (Newton-Raphson)
  ==========================================================================================================================
  Time increment dt: 1.000e-02
  Convergence Tol  : 1.0e-03 (Disp Ratio)     Max Iterations: 25
  --------------------------------------------------------------------------------------------------------------------------
  Iter   Max Res.Force  (Node/DOF)    Max Disp.Corr  (Node/DOF)    Max Disp.Incr  Disp.Ratio  Energy.Err  LS.alpha  Contacts
  --------------------------------------------------------------------------------------------------------------------------
     1    3.4987e+01  N121(UX)       4.4558e-01  N10125(UY)     0.0000e+00     2.26e-02    4.94e+04      1.00        74
     2    3.4521e+01  N1(UX)         3.4899e-03  N2905(UX)      4.4263e-01     1.77e-04    7.70e+00      1.00        74
  ---------------------------------------------------------------------------------------------------------------------
  => Increment Converged. (Time: 6.20 s)

     1    47     1       0       1     0.4625     0.0100     0.0100

  STEP 47 | t=0.4625s | dt=0.0100s | Iters= 1 | θ=[np.float64(-41.624989364979484), np.float64(41.624989364979506)] deg | max|u|=24.70mm

----------------------------------------------------------------------------------------------------
Step 48 | Attempting time increment: dt = 0.01000s (t: 0.4625s -> 0.4725s)
----------------------------------------------------------------------------------------------------

  Nonlinear Iteration Summary (Newton-Raphson)
  ==========================================================================================================================
  Time increment dt: 1.000e-02
  Convergence Tol  : 1.0e-03 (Disp Ratio)     Max Iterations: 25
  --------------------------------------------------------------------------------------------------------------------------
  Iter   Max Res.Force  (Node/DOF)    Max Disp.Corr  (Node/DOF)    Max Disp.Incr  Disp.Ratio  Energy.Err  LS.alpha  Contacts
  --------------------------------------------------------------------------------------------------------------------------
     1    3.4521e+01  N1(UX)         4.3966e-01  N10001(UY)     0.0000e+00     2.21e-02    4.94e+04      1.00        74
     2    3.4048e+01  N121(UX)       3.4490e-03  N3025(UX)      4.3666e-01     1.76e-04    7.70e+00      1.00        74
  ---------------------------------------------------------------------------------------------------------------------
  => Increment Converged. (Time: 6.01 s)

     1    48     1       0       1     0.4725     0.0100     0.0100

  STEP 48 | t=0.4725s | dt=0.0100s | Iters= 1 | θ=[np.float64(-42.52498913892971), np.float64(42.52498913892972)] deg | max|u|=25.14mm

----------------------------------------------------------------------------------------------------
Step 49 | Attempting time increment: dt = 0.01000s (t: 0.4725s -> 0.4825s)
----------------------------------------------------------------------------------------------------

  Nonlinear Iteration Summary (Newton-Raphson)
  ==========================================================================================================================
  Time increment dt: 1.000e-02
  Convergence Tol  : 1.0e-03 (Disp Ratio)     Max Iterations: 25
  --------------------------------------------------------------------------------------------------------------------------
  Iter   Max Res.Force  (Node/DOF)    Max Disp.Corr  (Node/DOF)    Max Disp.Incr  Disp.Ratio  Energy.Err  LS.alpha  Contacts
  --------------------------------------------------------------------------------------------------------------------------
     1    3.4048e+01  N121(UX)       4.3364e-01  N10125(UY)     0.0000e+00     2.17e-02    4.94e+04      1.00        74
     2    3.3566e+01  N1(UX)         3.4105e-03  N2905(UX)      4.3058e-01     1.75e-04    7.70e+00      1.00        74
  ---------------------------------------------------------------------------------------------------------------------
  => Increment Converged. (Time: 6.16 s)

     1    49     1       0       1     0.4825     0.0100     0.0100

  STEP 49 | t=0.4825s | dt=0.0100s | Iters= 1 | θ=[np.float64(-43.42498891362645), np.float64(43.42498891362646)] deg | max|u|=25.57mm

----------------------------------------------------------------------------------------------------
Step 50 | Attempting time increment: dt = 0.01000s (t: 0.4825s -> 0.4925s)
----------------------------------------------------------------------------------------------------

  Nonlinear Iteration Summary (Newton-Raphson)
  ==========================================================================================================================
  Time increment dt: 1.000e-02
  Convergence Tol  : 1.0e-03 (Disp Ratio)     Max Iterations: 25
  --------------------------------------------------------------------------------------------------------------------------
  Iter   Max Res.Force  (Node/DOF)    Max Disp.Corr  (Node/DOF)    Max Disp.Incr  Disp.Ratio  Energy.Err  LS.alpha  Contacts
  --------------------------------------------------------------------------------------------------------------------------
     1    3.3566e+01  N1(UX)         4.2751e-01  N10001(UY)     0.0000e+00     2.13e-02    4.94e+04      1.00        74
     2    3.3076e+01  N121(UX)       3.3731e-03  N2905(UX)      4.2440e-01     1.76e-04    7.70e+00      1.00        74
  ---------------------------------------------------------------------------------------------------------------------
  => Increment Converged. (Time: 6.11 s)

     1    50     1       0       1     0.4925     0.0100     0.0100

  STEP 50 | t=0.4925s | dt=0.0100s | Iters= 1 | θ=[np.float64(-44.324988689228505), np.float64(44.3249886892285)] deg | max|u|=26.00mm

----------------------------------------------------------------------------------------------------
Step 51 | Attempting time increment: dt = 0.01000s (t: 0.4925s -> 0.5025s)
----------------------------------------------------------------------------------------------------

  Nonlinear Iteration Summary (Newton-Raphson)
  ==========================================================================================================================
  Time increment dt: 1.000e-02
  Convergence Tol  : 1.0e-03 (Disp Ratio)     Max Iterations: 25
  --------------------------------------------------------------------------------------------------------------------------
  Iter   Max Res.Force  (Node/DOF)    Max Disp.Corr  (Node/DOF)    Max Disp.Incr  Disp.Ratio  Energy.Err  LS.alpha  Contacts
  --------------------------------------------------------------------------------------------------------------------------
     1    3.3076e+01  N121(UX)       4.2127e-01  N10125(UY)     0.0000e+00     2.08e-02    4.94e+04      1.00        74
     2    3.2577e+01  N1(UX)         3.4794e-03  N2965(UY)      4.1810e-01     1.77e-04    7.70e+00      1.00        74
  ---------------------------------------------------------------------------------------------------------------------
  => Increment Converged. (Time: 6.18 s)

     1    51     1       0       1     0.5025     0.0100     0.0100

  STEP 51 | t=0.5025s | dt=0.0100s | Iters= 1 | θ=[np.float64(-45.224988465754066), np.float64(45.22498846575408)] deg | max|u|=26.41mm

----------------------------------------------------------------------------------------------------
Step 52 | Attempting time increment: dt = 0.01000s (t: 0.5025s -> 0.5125s)
----------------------------------------------------------------------------------------------------

  Nonlinear Iteration Summary (Newton-Raphson)
  ==========================================================================================================================
  Time increment dt: 1.000e-02
  Convergence Tol  : 1.0e-03 (Disp Ratio)     Max Iterations: 25
  --------------------------------------------------------------------------------------------------------------------------
  Iter   Max Res.Force  (Node/DOF)    Max Disp.Corr  (Node/DOF)    Max Disp.Incr  Disp.Ratio  Energy.Err  LS.alpha  Contacts
  --------------------------------------------------------------------------------------------------------------------------
     1    3.2577e+01  N1(UX)         4.2198e-01  N3509(UX)      0.0000e+00     2.04e-02    4.94e+04      1.00        74
     2    3.2495e+01  N121(UY)       4.1166e-03  N2965(UY)      4.2198e-01     1.80e-04    7.70e+00      1.00        74
  ---------------------------------------------------------------------------------------------------------------------
  => Increment Converged. (Time: 6.05 s)

     1    52     1       0       1     0.5125     0.0100     0.0100

  STEP 52 | t=0.5125s | dt=0.0100s | Iters= 1 | θ=[np.float64(-46.12498824327756), np.float64(46.12498824327755)] deg | max|u|=26.83mm

----------------------------------------------------------------------------------------------------
Step 53 | Attempting time increment: dt = 0.01000s (t: 0.5125s -> 0.5225s)
----------------------------------------------------------------------------------------------------

  Nonlinear Iteration Summary (Newton-Raphson)
  ==========================================================================================================================
  Time increment dt: 1.000e-02
  Convergence Tol  : 1.0e-03 (Disp Ratio)     Max Iterations: 25
  --------------------------------------------------------------------------------------------------------------------------
  Iter   Max Res.Force  (Node/DOF)    Max Disp.Corr  (Node/DOF)    Max Disp.Incr  Disp.Ratio  Energy.Err  LS.alpha  Contacts
  --------------------------------------------------------------------------------------------------------------------------
     1    3.2495e+01  N121(UY)       4.2826e-01  N3509(UX)      0.0000e+00     2.01e-02    4.94e+04      1.00        74
     2    3.2994e+01  N121(UY)       4.8853e-03  N2965(UY)      4.2826e-01     1.85e-04    7.70e+00      1.00        74
  ---------------------------------------------------------------------------------------------------------------------
  => Increment Converged. (Time: 6.67 s)

     1    53     1       0       1     0.5225     0.0100     0.0100

  STEP 53 | t=0.5225s | dt=0.0100s | Iters= 1 | θ=[np.float64(-47.02498802199682), np.float64(47.0249880219968)] deg | max|u|=27.23mm

----------------------------------------------------------------------------------------------------
Step 54 | Attempting time increment: dt = 0.01000s (t: 0.5225s -> 0.5325s)
----------------------------------------------------------------------------------------------------

  Nonlinear Iteration Summary (Newton-Raphson)
  ==========================================================================================================================
  Time increment dt: 1.000e-02
  Convergence Tol  : 1.0e-03 (Disp Ratio)     Max Iterations: 25
  --------------------------------------------------------------------------------------------------------------------------
  Iter   Max Res.Force  (Node/DOF)    Max Disp.Corr  (Node/DOF)    Max Disp.Incr  Disp.Ratio  Energy.Err  LS.alpha  Contacts
  --------------------------------------------------------------------------------------------------------------------------
     1    3.2994e+01  N121(UY)       4.3444e-01  N3509(UX)      0.0000e+00     1.97e-02    4.94e+04      1.00        74
     2    3.3486e+01  N1(UY)         5.4549e-03  N2965(UY)      4.3444e-01     1.89e-04    7.70e+00      1.00        74
  ---------------------------------------------------------------------------------------------------------------------
  => Increment Converged. (Time: 6.33 s)

     1    54     1       0       1     0.5325     0.0100     0.0100

  STEP 54 | t=0.5325s | dt=0.0100s | Iters= 1 | θ=[np.float64(-47.92498780211534), np.float64(47.92498780211533)] deg | max|u|=27.63mm

----------------------------------------------------------------------------------------------------
Step 55 | Attempting time increment: dt = 0.01000s (t: 0.5325s -> 0.5425s)
----------------------------------------------------------------------------------------------------

  Nonlinear Iteration Summary (Newton-Raphson)
  ==========================================================================================================================
  Time increment dt: 1.000e-02
  Convergence Tol  : 1.0e-03 (Disp Ratio)     Max Iterations: 25
  --------------------------------------------------------------------------------------------------------------------------
  Iter   Max Res.Force  (Node/DOF)    Max Disp.Corr  (Node/DOF)    Max Disp.Incr  Disp.Ratio  Energy.Err  LS.alpha  Contacts
  --------------------------------------------------------------------------------------------------------------------------
     1    3.3486e+01  N1(UY)         4.4051e-01  N3389(UX)      0.0000e+00     1.94e-02    4.94e+04      1.00        74
     2    3.3969e+01  N121(UY)       6.1044e-03  N2965(UY)      4.4051e-01     1.94e-04    7.70e+00      1.00        74
  ---------------------------------------------------------------------------------------------------------------------
  => Increment Converged. (Time: 6.57 s)

     1    55     1       0       1     0.5425     0.0100     0.0100

  STEP 55 | t=0.5425s | dt=0.0100s | Iters= 1 | θ=[np.float64(-48.824987583365534), np.float64(48.82498758336553)] deg | max|u|=28.02mm

----------------------------------------------------------------------------------------------------
Step 56 | Attempting time increment: dt = 0.01000s (t: 0.5425s -> 0.5525s)
----------------------------------------------------------------------------------------------------

  Nonlinear Iteration Summary (Newton-Raphson)
  ==========================================================================================================================
  Time increment dt: 1.000e-02
  Convergence Tol  : 1.0e-03 (Disp Ratio)     Max Iterations: 25
  --------------------------------------------------------------------------------------------------------------------------
  Iter   Max Res.Force  (Node/DOF)    Max Disp.Corr  (Node/DOF)    Max Disp.Incr  Disp.Ratio  Energy.Err  LS.alpha  Contacts
  --------------------------------------------------------------------------------------------------------------------------
     1    3.3969e+01  N121(UY)       4.4647e-01  N3389(UX)      0.0000e+00     1.90e-02    4.94e+04      1.00        74
     2    3.4444e+01  N121(UY)       6.9319e-03  N2965(UY)      4.4647e-01     2.00e-04    7.70e+00      1.00        74
  ---------------------------------------------------------------------------------------------------------------------
  => Increment Converged. (Time: 6.56 s)

     1    56     1       0       1     0.5525     0.0100     0.0100

  STEP 56 | t=0.5525s | dt=0.0100s | Iters= 1 | θ=[np.float64(-49.724987365907346), np.float64(49.724987365907346)] deg | max|u|=28.41mm

----------------------------------------------------------------------------------------------------
Step 57 | Attempting time increment: dt = 0.01000s (t: 0.5525s -> 0.5625s)
----------------------------------------------------------------------------------------------------

  Nonlinear Iteration Summary (Newton-Raphson)
  ==========================================================================================================================
  Time increment dt: 1.000e-02
  Convergence Tol  : 1.0e-03 (Disp Ratio)     Max Iterations: 25
  --------------------------------------------------------------------------------------------------------------------------
  Iter   Max Res.Force  (Node/DOF)    Max Disp.Corr  (Node/DOF)    Max Disp.Incr  Disp.Ratio  Energy.Err  LS.alpha  Contacts
  --------------------------------------------------------------------------------------------------------------------------
     1    3.4444e+01  N121(UY)       4.5232e-01  N3509(UX)      0.0000e+00     1.87e-02    4.94e+04      1.00        74
     2    3.4911e+01  N1(UY)         8.3159e-03  N2965(UY)      4.5232e-01     2.13e-04    7.70e+00      1.00        74
  ---------------------------------------------------------------------------------------------------------------------
  => Increment Converged. (Time: 6.58 s)

     1    57     1       0       1     0.5625     0.0100     0.0100

  STEP 57 | t=0.5625s | dt=0.0100s | Iters= 1 | θ=[np.float64(-50.62498714972442), np.float64(50.62498714972442)] deg | max|u|=28.78mm

----------------------------------------------------------------------------------------------------
Step 58 | Attempting time increment: dt = 0.01000s (t: 0.5625s -> 0.5725s)
----------------------------------------------------------------------------------------------------

  Nonlinear Iteration Summary (Newton-Raphson)
  ==========================================================================================================================
  Time increment dt: 1.000e-02
  Convergence Tol  : 1.0e-03 (Disp Ratio)     Max Iterations: 25
  --------------------------------------------------------------------------------------------------------------------------
  Iter   Max Res.Force  (Node/DOF)    Max Disp.Corr  (Node/DOF)    Max Disp.Incr  Disp.Ratio  Energy.Err  LS.alpha  Contacts
  --------------------------------------------------------------------------------------------------------------------------
     1    3.4911e+01  N1(UY)         4.5805e-01  N3389(UX)      0.0000e+00     1.84e-02    4.94e+04      1.00        74
     2    3.5368e+01  N121(UY)       1.0883e-02  N1997(UY)      4.5805e-01     2.38e-04    7.70e+00      1.00        74
  ---------------------------------------------------------------------------------------------------------------------
  => Increment Converged. (Time: 6.47 s)

     1    58     1       0       1     0.5725     0.0100     0.0100

  STEP 58 | t=0.5725s | dt=0.0100s | Iters= 1 | θ=[np.float64(-51.524986935166474), np.float64(51.52498693516647)] deg | max|u|=29.16mm

----------------------------------------------------------------------------------------------------
Step 59 | Attempting time increment: dt = 0.01000s (t: 0.5725s -> 0.5825s)
----------------------------------------------------------------------------------------------------

  Nonlinear Iteration Summary (Newton-Raphson)
  ==========================================================================================================================
  Time increment dt: 1.000e-02
  Convergence Tol  : 1.0e-03 (Disp Ratio)     Max Iterations: 25
  --------------------------------------------------------------------------------------------------------------------------
  Iter   Max Res.Force  (Node/DOF)    Max Disp.Corr  (Node/DOF)    Max Disp.Incr  Disp.Ratio  Energy.Err  LS.alpha  Contacts
  --------------------------------------------------------------------------------------------------------------------------
     1    3.5368e+01  N121(UY)       4.6367e-01  N3389(UX)      0.0000e+00     1.81e-02    4.94e+04      1.00        74
     2    3.5818e+01  N121(UY)       1.9039e-02  N1271(UY)      4.6367e-01     3.23e-04    7.70e+00      1.00        74
  ---------------------------------------------------------------------------------------------------------------------
  => Increment Converged. (Time: 6.75 s)

     1    59     1       0       1     0.5825     0.0100     0.0100

  STEP 59 | t=0.5825s | dt=0.0100s | Iters= 1 | θ=[np.float64(-52.42498672254303), np.float64(52.42498672254303)] deg | max|u|=29.52mm

----------------------------------------------------------------------------------------------------
Step 60 | Attempting time increment: dt = 0.01000s (t: 0.5825s -> 0.5925s)
----------------------------------------------------------------------------------------------------

  Nonlinear Iteration Summary (Newton-Raphson)
  ==========================================================================================================================
  Time increment dt: 1.000e-02
  Convergence Tol  : 1.0e-03 (Disp Ratio)     Max Iterations: 25
  --------------------------------------------------------------------------------------------------------------------------
  Iter   Max Res.Force  (Node/DOF)    Max Disp.Corr  (Node/DOF)    Max Disp.Incr  Disp.Ratio  Energy.Err  LS.alpha  Contacts
  --------------------------------------------------------------------------------------------------------------------------
     1    3.5818e+01  N121(UY)       4.6918e-01  N3389(UX)      0.0000e+00     1.78e-02    4.94e+04      1.00        74
     2    3.6258e+01  N121(UY)       2.4648e-02  N2481(UY)      4.6918e-01     3.91e-04    7.70e+00      1.00        74
  ---------------------------------------------------------------------------------------------------------------------
  => Increment Converged. (Time: 6.17 s)

     1    60     1       0       1     0.5925     0.0100     0.0100

  STEP 60 | t=0.5925s | dt=0.0100s | Iters= 1 | θ=[np.float64(-53.32498651285005), np.float64(53.32498651285005)] deg | max|u|=29.88mm

----------------------------------------------------------------------------------------------------
Step 61 | Attempting time increment: dt = 0.01000s (t: 0.5925s -> 0.6025s)
----------------------------------------------------------------------------------------------------

  Nonlinear Iteration Summary (Newton-Raphson)
  ==========================================================================================================================
  Time increment dt: 1.000e-02
  Convergence Tol  : 1.0e-03 (Disp Ratio)     Max Iterations: 25
  --------------------------------------------------------------------------------------------------------------------------
  Iter   Max Res.Force  (Node/DOF)    Max Disp.Corr  (Node/DOF)    Max Disp.Incr  Disp.Ratio  Energy.Err  LS.alpha  Contacts
  --------------------------------------------------------------------------------------------------------------------------
     1    3.6258e+01  N121(UY)       4.7457e-01  N3389(UX)      0.0000e+00     1.75e-02    4.94e+04      1.00        74
     2    3.6689e+01  N1(UY)         2.8609e-02  N2481(UY)      4.7457e-01     4.41e-04    7.70e+00      1.00        74
  ---------------------------------------------------------------------------------------------------------------------
  => Increment Converged. (Time: 6.20 s)

     1    61     1       0       1     0.6025     0.0100     0.0100

  STEP 61 | t=0.6025s | dt=0.0100s | Iters= 1 | θ=[np.float64(-54.224986306168), np.float64(54.22498630616798)] deg | max|u|=30.23mm

----------------------------------------------------------------------------------------------------
Step 62 | Attempting time increment: dt = 0.01000s (t: 0.6025s -> 0.6125s)
----------------------------------------------------------------------------------------------------

  Nonlinear Iteration Summary (Newton-Raphson)
  ==========================================================================================================================
  Time increment dt: 1.000e-02
  Convergence Tol  : 1.0e-03 (Disp Ratio)     Max Iterations: 25
  --------------------------------------------------------------------------------------------------------------------------
  Iter   Max Res.Force  (Node/DOF)    Max Disp.Corr  (Node/DOF)    Max Disp.Incr  Disp.Ratio  Energy.Err  LS.alpha  Contacts
  --------------------------------------------------------------------------------------------------------------------------
     1    3.6689e+01  N1(UY)         4.7984e-01  N3389(UX)      0.0000e+00     1.73e-02    4.94e+04      1.00        74
     2    3.7111e+01  N1(UY)         3.1463e-02  N2965(UY)      4.7984e-01     4.78e-04    7.70e+00      1.00        74
  ---------------------------------------------------------------------------------------------------------------------
  => Increment Converged. (Time: 6.13 s)

     1    62     1       0       1     0.6125     0.0100     0.0100

  STEP 62 | t=0.6125s | dt=0.0100s | Iters= 1 | θ=[np.float64(-55.12498610191472), np.float64(55.12498610191472)] deg | max|u|=30.57mm

----------------------------------------------------------------------------------------------------
Step 63 | Attempting time increment: dt = 0.01000s (t: 0.6125s -> 0.6225s)
----------------------------------------------------------------------------------------------------

  Nonlinear Iteration Summary (Newton-Raphson)
  ==========================================================================================================================
  Time increment dt: 1.000e-02
  Convergence Tol  : 1.0e-03 (Disp Ratio)     Max Iterations: 25
  --------------------------------------------------------------------------------------------------------------------------
  Iter   Max Res.Force  (Node/DOF)    Max Disp.Corr  (Node/DOF)    Max Disp.Incr  Disp.Ratio  Energy.Err  LS.alpha  Contacts
  --------------------------------------------------------------------------------------------------------------------------
     1    3.7111e+01  N1(UY)         4.8499e-01  N3389(UX)      0.0000e+00     1.70e-02    4.94e+04      1.00        74
     2    3.7525e+01  N121(UY)       3.3665e-02  N2965(UY)      4.8499e-01     5.02e-04    7.70e+00      1.00        74
  ---------------------------------------------------------------------------------------------------------------------
  => Increment Converged. (Time: 6.23 s)

     1    63     1       0       1     0.6225     0.0100     0.0100

  STEP 63 | t=0.6225s | dt=0.0100s | Iters= 1 | θ=[np.float64(-56.02498589949407), np.float64(56.024985899494084)] deg | max|u|=30.90mm

----------------------------------------------------------------------------------------------------
Step 64 | Attempting time increment: dt = 0.01000s (t: 0.6225s -> 0.6325s)
----------------------------------------------------------------------------------------------------

  Nonlinear Iteration Summary (Newton-Raphson)
  ==========================================================================================================================
  Time increment dt: 1.000e-02
  Convergence Tol  : 1.0e-03 (Disp Ratio)     Max Iterations: 25
  --------------------------------------------------------------------------------------------------------------------------
  Iter   Max Res.Force  (Node/DOF)    Max Disp.Corr  (Node/DOF)    Max Disp.Incr  Disp.Ratio  Energy.Err  LS.alpha  Contacts
  --------------------------------------------------------------------------------------------------------------------------
     1    3.7525e+01  N121(UY)       4.9002e-01  N3389(UX)      0.0000e+00     1.68e-02    4.94e+04      1.00        74
     2    3.7928e+01  N1(UY)         3.5184e-02  N2965(UY)      4.9002e-01     5.16e-04    7.70e+00      1.00        74
  ---------------------------------------------------------------------------------------------------------------------
  => Increment Converged. (Time: 6.16 s)

     1    64     1       0       1     0.6325     0.0100     0.0100

  STEP 64 | t=0.6325s | dt=0.0100s | Iters= 1 | θ=[np.float64(-56.92498569849539), np.float64(56.924985698495384)] deg | max|u|=31.23mm

----------------------------------------------------------------------------------------------------
Step 65 | Attempting time increment: dt = 0.01000s (t: 0.6325s -> 0.6425s)
----------------------------------------------------------------------------------------------------

  Nonlinear Iteration Summary (Newton-Raphson)
  ==========================================================================================================================
  Time increment dt: 1.000e-02
  Convergence Tol  : 1.0e-03 (Disp Ratio)     Max Iterations: 25
  --------------------------------------------------------------------------------------------------------------------------
  Iter   Max Res.Force  (Node/DOF)    Max Disp.Corr  (Node/DOF)    Max Disp.Incr  Disp.Ratio  Energy.Err  LS.alpha  Contacts
  --------------------------------------------------------------------------------------------------------------------------
     1    3.7928e+01  N1(UY)         4.9492e-01  N3509(UX)      0.0000e+00     1.65e-02    4.94e+04      1.00        74
     2    3.8323e+01  N121(UY)       3.5995e-02  N2965(UY)      4.9492e-01     5.23e-04    7.70e+00      1.00        74
  ---------------------------------------------------------------------------------------------------------------------
  => Increment Converged. (Time: 6.25 s)

     1    65     1       0       1     0.6425     0.0100     0.0100

  STEP 65 | t=0.6425s | dt=0.0100s | Iters= 1 | θ=[np.float64(-57.824985498639165), np.float64(57.82498549863918)] deg | max|u|=31.55mm

----------------------------------------------------------------------------------------------------
Step 66 | Attempting time increment: dt = 0.01000s (t: 0.6425s -> 0.6525s)
----------------------------------------------------------------------------------------------------

  Nonlinear Iteration Summary (Newton-Raphson)
  ==========================================================================================================================
  Time increment dt: 1.000e-02
  Convergence Tol  : 1.0e-03 (Disp Ratio)     Max Iterations: 25
  --------------------------------------------------------------------------------------------------------------------------
  Iter   Max Res.Force  (Node/DOF)    Max Disp.Corr  (Node/DOF)    Max Disp.Incr  Disp.Ratio  Energy.Err  LS.alpha  Contacts
  --------------------------------------------------------------------------------------------------------------------------
     1    3.8323e+01  N121(UY)       4.9970e-01  N3509(UX)      0.0000e+00     1.63e-02    4.94e+04      1.00        74
     2    3.8708e+01  N121(UY)       3.5933e-02  N2965(UY)      4.9970e-01     5.25e-04    7.70e+00      1.00        74
  ---------------------------------------------------------------------------------------------------------------------
  => Increment Converged. (Time: 6.11 s)

     1    66     1       0       1     0.6525     0.0100     0.0100

  STEP 66 | t=0.6525s | dt=0.0100s | Iters= 1 | θ=[np.float64(-58.724985299690964), np.float64(58.72498529969097)] deg | max|u|=31.86mm

----------------------------------------------------------------------------------------------------
Step 67 | Attempting time increment: dt = 0.01000s (t: 0.6525s -> 0.6625s)
----------------------------------------------------------------------------------------------------

  Nonlinear Iteration Summary (Newton-Raphson)
  ==========================================================================================================================
  Time increment dt: 1.000e-02
  Convergence Tol  : 1.0e-03 (Disp Ratio)     Max Iterations: 25
  --------------------------------------------------------------------------------------------------------------------------
  Iter   Max Res.Force  (Node/DOF)    Max Disp.Corr  (Node/DOF)    Max Disp.Incr  Disp.Ratio  Energy.Err  LS.alpha  Contacts
  --------------------------------------------------------------------------------------------------------------------------
     1    3.8708e+01  N121(UY)       5.0436e-01  N3389(UX)      0.0000e+00     1.60e-02    4.94e+04      1.00        74
     2    3.9083e+01  N121(UY)       3.5608e-02  N2965(UY)      5.0436e-01     5.22e-04    7.70e+00      1.00        74
  ---------------------------------------------------------------------------------------------------------------------
  => Increment Converged. (Time: 6.18 s)

     1    67     1       0       1     0.6625     0.0100     0.0100

  STEP 67 | t=0.6625s | dt=0.0100s | Iters= 1 | θ=[np.float64(-59.62498510135275), np.float64(59.62498510135275)] deg | max|u|=32.17mm

----------------------------------------------------------------------------------------------------
Step 68 | Attempting time increment: dt = 0.01000s (t: 0.6625s -> 0.6725s)
----------------------------------------------------------------------------------------------------

  Nonlinear Iteration Summary (Newton-Raphson)
  ==========================================================================================================================
  Time increment dt: 1.000e-02
  Convergence Tol  : 1.0e-03 (Disp Ratio)     Max Iterations: 25
  --------------------------------------------------------------------------------------------------------------------------
  Iter   Max Res.Force  (Node/DOF)    Max Disp.Corr  (Node/DOF)    Max Disp.Incr  Disp.Ratio  Energy.Err  LS.alpha  Contacts
  --------------------------------------------------------------------------------------------------------------------------
     1    3.9083e+01  N121(UY)       5.0889e-01  N3509(UX)      0.0000e+00     1.58e-02    4.94e+04      1.00        74
     2    3.9449e+01  N121(UY)       3.5012e-02  N2965(UY)      5.0889e-01     5.16e-04    7.70e+00      1.00        74
  ---------------------------------------------------------------------------------------------------------------------
  => Increment Converged. (Time: 5.85 s)

     1    68     1       0       1     0.6725     0.0100     0.0100

  STEP 68 | t=0.6725s | dt=0.0100s | Iters= 1 | θ=[np.float64(-60.5249849034777), np.float64(60.524984903477716)] deg | max|u|=32.47mm

----------------------------------------------------------------------------------------------------
Step 69 | Attempting time increment: dt = 0.01000s (t: 0.6725s -> 0.6825s)
----------------------------------------------------------------------------------------------------

  Nonlinear Iteration Summary (Newton-Raphson)
  ==========================================================================================================================
  Time increment dt: 1.000e-02
  Convergence Tol  : 1.0e-03 (Disp Ratio)     Max Iterations: 25
  --------------------------------------------------------------------------------------------------------------------------
  Iter   Max Res.Force  (Node/DOF)    Max Disp.Corr  (Node/DOF)    Max Disp.Incr  Disp.Ratio  Energy.Err  LS.alpha  Contacts
  --------------------------------------------------------------------------------------------------------------------------
     1    3.9449e+01  N121(UY)       5.1330e-01  N3389(UX)      0.0000e+00     1.56e-02    4.94e+04      1.00        74
     2    3.9805e+01  N1(UY)         3.4447e-02  N2965(UY)      5.1330e-01     5.09e-04    7.70e+00      1.00        74
  ---------------------------------------------------------------------------------------------------------------------
  => Increment Converged. (Time: 6.06 s)

     1    69     1       0       1     0.6825     0.0100     0.0100

  STEP 69 | t=0.6825s | dt=0.0100s | Iters= 1 | θ=[np.float64(-61.42498470592473), np.float64(61.42498470592472)] deg | max|u|=32.75mm

----------------------------------------------------------------------------------------------------
Step 70 | Attempting time increment: dt = 0.01000s (t: 0.6825s -> 0.6925s)
----------------------------------------------------------------------------------------------------

  Nonlinear Iteration Summary (Newton-Raphson)
  ==========================================================================================================================
  Time increment dt: 1.000e-02
  Convergence Tol  : 1.0e-03 (Disp Ratio)     Max Iterations: 25
  --------------------------------------------------------------------------------------------------------------------------
  Iter   Max Res.Force  (Node/DOF)    Max Disp.Corr  (Node/DOF)    Max Disp.Incr  Disp.Ratio  Energy.Err  LS.alpha  Contacts
  --------------------------------------------------------------------------------------------------------------------------
     1    3.9805e+01  N1(UY)         5.1757e-01  N3509(UX)      0.0000e+00     1.54e-02    4.94e+04      1.00        74
     2    4.0152e+01  N1(UY)         3.3861e-02  N2965(UY)      5.1757e-01     5.03e-04    7.70e+00      1.00        74
  ---------------------------------------------------------------------------------------------------------------------
  => Increment Converged. (Time: 5.96 s)

     1    70     1       0       1     0.6925     0.0100     0.0100

  STEP 70 | t=0.6925s | dt=0.0100s | Iters= 1 | θ=[np.float64(-62.324984508633506), np.float64(62.324984508633506)] deg | max|u|=33.03mm

----------------------------------------------------------------------------------------------------
Step 71 | Attempting time increment: dt = 0.01000s (t: 0.6925s -> 0.7025s)
----------------------------------------------------------------------------------------------------

  Nonlinear Iteration Summary (Newton-Raphson)
  ==========================================================================================================================
  Time increment dt: 1.000e-02
  Convergence Tol  : 1.0e-03 (Disp Ratio)     Max Iterations: 25
  --------------------------------------------------------------------------------------------------------------------------
  Iter   Max Res.Force  (Node/DOF)    Max Disp.Corr  (Node/DOF)    Max Disp.Incr  Disp.Ratio  Energy.Err  LS.alpha  Contacts
  --------------------------------------------------------------------------------------------------------------------------
     1    4.0152e+01  N1(UY)         5.2173e-01  N3509(UX)      0.0000e+00     1.52e-02    4.94e+04      1.00        74
     2    4.0488e+01  N121(UY)       3.3484e-02  N2965(UY)      5.2173e-01     4.97e-04    7.70e+00      1.00        74
  ---------------------------------------------------------------------------------------------------------------------
  => Increment Converged. (Time: 6.08 s)

     1    71     1       0       1     0.7025     0.0100     0.0100

  STEP 71 | t=0.7025s | dt=0.0100s | Iters= 1 | θ=[np.float64(-63.22498431156869), np.float64(63.22498431156869)] deg | max|u|=33.31mm

----------------------------------------------------------------------------------------------------
Step 72 | Attempting time increment: dt = 0.01000s (t: 0.7025s -> 0.7125s)
----------------------------------------------------------------------------------------------------

  Nonlinear Iteration Summary (Newton-Raphson)
  ==========================================================================================================================
  Time increment dt: 1.000e-02
  Convergence Tol  : 1.0e-03 (Disp Ratio)     Max Iterations: 25
  --------------------------------------------------------------------------------------------------------------------------
  Iter   Max Res.Force  (Node/DOF)    Max Disp.Corr  (Node/DOF)    Max Disp.Incr  Disp.Ratio  Energy.Err  LS.alpha  Contacts
  --------------------------------------------------------------------------------------------------------------------------
     1    4.0488e+01  N121(UY)       5.2575e-01  N3389(UX)      0.0000e+00     1.50e-02    4.94e+04      1.00        74
     2    4.0814e+01  N121(UY)       3.2971e-02  N2481(UY)      5.2575e-01     4.89e-04    7.70e+00      1.00        74
  ---------------------------------------------------------------------------------------------------------------------
  => Increment Converged. (Time: 6.07 s)

     1    72     1       0       1     0.7125     0.0100     0.0100

  STEP 72 | t=0.7125s | dt=0.0100s | Iters= 1 | θ=[np.float64(-64.12498411472217), np.float64(64.12498411472217)] deg | max|u|=33.57mm

----------------------------------------------------------------------------------------------------
Step 73 | Attempting time increment: dt = 0.01000s (t: 0.7125s -> 0.7225s)
----------------------------------------------------------------------------------------------------

  Nonlinear Iteration Summary (Newton-Raphson)
  ==========================================================================================================================
  Time increment dt: 1.000e-02
  Convergence Tol  : 1.0e-03 (Disp Ratio)     Max Iterations: 25
  --------------------------------------------------------------------------------------------------------------------------
  Iter   Max Res.Force  (Node/DOF)    Max Disp.Corr  (Node/DOF)    Max Disp.Incr  Disp.Ratio  Energy.Err  LS.alpha  Contacts
  --------------------------------------------------------------------------------------------------------------------------
     1    4.0814e+01  N121(UY)       5.2964e-01  N3509(UX)      0.0000e+00     1.48e-02    4.94e+04      1.00        74
     2    4.1131e+01  N121(UY)       3.2474e-02  N2481(UY)      5.2964e-01     4.82e-04    7.70e+00      1.00        74
  ---------------------------------------------------------------------------------------------------------------------
  => Increment Converged. (Time: 6.15 s)

     1    73     1       0       1     0.7225     0.0100     0.0100

  STEP 73 | t=0.7225s | dt=0.0100s | Iters= 1 | θ=[np.float64(-65.02498391804804), np.float64(65.02498391804804)] deg | max|u|=33.83mm

----------------------------------------------------------------------------------------------------
Step 74 | Attempting time increment: dt = 0.01000s (t: 0.7225s -> 0.7325s)
----------------------------------------------------------------------------------------------------

  Nonlinear Iteration Summary (Newton-Raphson)
  ==========================================================================================================================
  Time increment dt: 1.000e-02
  Convergence Tol  : 1.0e-03 (Disp Ratio)     Max Iterations: 25
  --------------------------------------------------------------------------------------------------------------------------
  Iter   Max Res.Force  (Node/DOF)    Max Disp.Corr  (Node/DOF)    Max Disp.Incr  Disp.Ratio  Energy.Err  LS.alpha  Contacts
  --------------------------------------------------------------------------------------------------------------------------
     1    4.1131e+01  N121(UY)       5.3340e-01  N3509(UX)      0.0000e+00     1.46e-02    4.94e+04      1.00        74
     2    4.1437e+01  N121(UY)       3.2123e-02  N2481(UY)      5.3340e-01     4.75e-04    7.70e+00      1.00        74
  ---------------------------------------------------------------------------------------------------------------------
  => Increment Converged. (Time: 6.34 s)

     1    74     1       0       1     0.7325     0.0100     0.0100

  STEP 74 | t=0.7325s | dt=0.0100s | Iters= 1 | θ=[np.float64(-65.92498372153825), np.float64(65.92498372153825)] deg | max|u|=34.08mm

----------------------------------------------------------------------------------------------------
Step 75 | Attempting time increment: dt = 0.01000s (t: 0.7325s -> 0.7425s)
----------------------------------------------------------------------------------------------------

  Nonlinear Iteration Summary (Newton-Raphson)
  ==========================================================================================================================
  Time increment dt: 1.000e-02
  Convergence Tol  : 1.0e-03 (Disp Ratio)     Max Iterations: 25
  --------------------------------------------------------------------------------------------------------------------------
  Iter   Max Res.Force  (Node/DOF)    Max Disp.Corr  (Node/DOF)    Max Disp.Incr  Disp.Ratio  Energy.Err  LS.alpha  Contacts
  --------------------------------------------------------------------------------------------------------------------------
     1    4.1437e+01  N121(UY)       5.3703e-01  N3509(UX)      0.0000e+00     1.45e-02    4.94e+04      1.00        74
     2    4.1733e+01  N121(UY)       3.1653e-02  N2481(UY)      5.3703e-01     4.68e-04    7.70e+00      1.00        74
  ---------------------------------------------------------------------------------------------------------------------
  => Increment Converged. (Time: 6.05 s)

     1    75     1       0       1     0.7425     0.0100     0.0100

  STEP 75 | t=0.7425s | dt=0.0100s | Iters= 1 | θ=[np.float64(-66.82498352520203), np.float64(66.82498352520201)] deg | max|u|=34.32mm

----------------------------------------------------------------------------------------------------
Step 76 | Attempting time increment: dt = 0.01000s (t: 0.7425s -> 0.7525s)
----------------------------------------------------------------------------------------------------

  Nonlinear Iteration Summary (Newton-Raphson)
  ==========================================================================================================================
  Time increment dt: 1.000e-02
  Convergence Tol  : 1.0e-03 (Disp Ratio)     Max Iterations: 25
  --------------------------------------------------------------------------------------------------------------------------
  Iter   Max Res.Force  (Node/DOF)    Max Disp.Corr  (Node/DOF)    Max Disp.Incr  Disp.Ratio  Energy.Err  LS.alpha  Contacts
  --------------------------------------------------------------------------------------------------------------------------
     1    4.1733e+01  N121(UY)       5.4053e-01  N3509(UX)      0.0000e+00     1.43e-02    4.94e+04      1.00        74
     2    4.2019e+01  N121(UY)       3.1264e-02  N2481(UY)      5.4053e-01     4.60e-04    7.70e+00      1.00        74
  ---------------------------------------------------------------------------------------------------------------------
  => Increment Converged. (Time: 6.18 s)

     1    76     1       0       1     0.7525     0.0100     0.0100

  STEP 76 | t=0.7525s | dt=0.0100s | Iters= 1 | θ=[np.float64(-67.72498332902127), np.float64(67.72498332902127)] deg | max|u|=34.55mm

----------------------------------------------------------------------------------------------------
Step 77 | Attempting time increment: dt = 0.01000s (t: 0.7525s -> 0.7625s)
----------------------------------------------------------------------------------------------------

  Nonlinear Iteration Summary (Newton-Raphson)
  ==========================================================================================================================
  Time increment dt: 1.000e-02
  Convergence Tol  : 1.0e-03 (Disp Ratio)     Max Iterations: 25
  --------------------------------------------------------------------------------------------------------------------------
  Iter   Max Res.Force  (Node/DOF)    Max Disp.Corr  (Node/DOF)    Max Disp.Incr  Disp.Ratio  Energy.Err  LS.alpha  Contacts
  --------------------------------------------------------------------------------------------------------------------------
     1    4.2019e+01  N121(UY)       5.4389e-01  N3389(UX)      0.0000e+00     1.41e-02    4.94e+04      1.00        74
     2    4.2294e+01  N1(UY)         3.0408e-02  N2481(UY)      5.4389e-01     4.50e-04    7.70e+00      1.00        74
  ---------------------------------------------------------------------------------------------------------------------
  => Increment Converged. (Time: 6.09 s)

     1    77     1       0       1     0.7625     0.0100     0.0100

  STEP 77 | t=0.7625s | dt=0.0100s | Iters= 1 | θ=[np.float64(-68.62498313299385), np.float64(68.62498313299385)] deg | max|u|=34.77mm

----------------------------------------------------------------------------------------------------
Step 78 | Attempting time increment: dt = 0.01000s (t: 0.7625s -> 0.7725s)
----------------------------------------------------------------------------------------------------

  Nonlinear Iteration Summary (Newton-Raphson)
  ==========================================================================================================================
  Time increment dt: 1.000e-02
  Convergence Tol  : 1.0e-03 (Disp Ratio)     Max Iterations: 25
  --------------------------------------------------------------------------------------------------------------------------
  Iter   Max Res.Force  (Node/DOF)    Max Disp.Corr  (Node/DOF)    Max Disp.Incr  Disp.Ratio  Energy.Err  LS.alpha  Contacts
  --------------------------------------------------------------------------------------------------------------------------
     1    4.2294e+01  N1(UY)         5.4712e-01  N3509(UX)      0.0000e+00     1.40e-02    4.94e+04      1.00        74
     2    4.2559e+01  N121(UY)       2.9770e-02  N2481(UY)      5.4712e-01     4.42e-04    7.70e+00      1.00        74
  ---------------------------------------------------------------------------------------------------------------------
  => Increment Converged. (Time: 6.06 s)

     1    78     1       0       1     0.7725     0.0100     0.0100

  STEP 78 | t=0.7725s | dt=0.0100s | Iters= 1 | θ=[np.float64(-69.52498293710975), np.float64(69.52498293710977)] deg | max|u|=34.99mm

----------------------------------------------------------------------------------------------------
Step 79 | Attempting time increment: dt = 0.01000s (t: 0.7725s -> 0.7825s)
----------------------------------------------------------------------------------------------------

  Nonlinear Iteration Summary (Newton-Raphson)
  ==========================================================================================================================
  Time increment dt: 1.000e-02
  Convergence Tol  : 1.0e-03 (Disp Ratio)     Max Iterations: 25
  --------------------------------------------------------------------------------------------------------------------------
  Iter   Max Res.Force  (Node/DOF)    Max Disp.Corr  (Node/DOF)    Max Disp.Incr  Disp.Ratio  Energy.Err  LS.alpha  Contacts
  --------------------------------------------------------------------------------------------------------------------------
     1    4.2559e+01  N121(UY)       5.5022e-01  N3389(UX)      0.0000e+00     1.38e-02    4.94e+04      1.00        74
     2    4.2813e+01  N121(UY)       2.9386e-02  N2481(UY)      5.5022e-01     4.36e-04    7.70e+00      1.00        74
  ---------------------------------------------------------------------------------------------------------------------
  => Increment Converged. (Time: 6.03 s)

     1    79     1       0       1     0.7825     0.0100     0.0100

  STEP 79 | t=0.7825s | dt=0.0100s | Iters= 1 | θ=[np.float64(-70.42498274139508), np.float64(70.42498274139508)] deg | max|u|=35.19mm

----------------------------------------------------------------------------------------------------
Step 80 | Attempting time increment: dt = 0.01000s (t: 0.7825s -> 0.7925s)
----------------------------------------------------------------------------------------------------

  Nonlinear Iteration Summary (Newton-Raphson)
  ==========================================================================================================================
  Time increment dt: 1.000e-02
  Convergence Tol  : 1.0e-03 (Disp Ratio)     Max Iterations: 25
  --------------------------------------------------------------------------------------------------------------------------
  Iter   Max Res.Force  (Node/DOF)    Max Disp.Corr  (Node/DOF)    Max Disp.Incr  Disp.Ratio  Energy.Err  LS.alpha  Contacts
  --------------------------------------------------------------------------------------------------------------------------
     1    4.2813e+01  N121(UY)       5.5318e-01  N3509(UX)      0.0000e+00     1.36e-02    4.94e+04      1.00        74
     2    4.3057e+01  N121(UY)       2.9037e-02  N2481(UY)      5.5318e-01     4.30e-04    7.70e+00      1.00        74
  ---------------------------------------------------------------------------------------------------------------------
  => Increment Converged. (Time: 6.16 s)

     1    80     1       0       1     0.7925     0.0100     0.0100

  STEP 80 | t=0.7925s | dt=0.0100s | Iters= 1 | θ=[np.float64(-71.32498254586343), np.float64(71.32498254586346)] deg | max|u|=35.39mm

----------------------------------------------------------------------------------------------------
Step 81 | Attempting time increment: dt = 0.01000s (t: 0.7925s -> 0.8025s)
----------------------------------------------------------------------------------------------------

  Nonlinear Iteration Summary (Newton-Raphson)
  ==========================================================================================================================
  Time increment dt: 1.000e-02
  Convergence Tol  : 1.0e-03 (Disp Ratio)     Max Iterations: 25
  --------------------------------------------------------------------------------------------------------------------------
  Iter   Max Res.Force  (Node/DOF)    Max Disp.Corr  (Node/DOF)    Max Disp.Incr  Disp.Ratio  Energy.Err  LS.alpha  Contacts
  --------------------------------------------------------------------------------------------------------------------------
     1    4.3057e+01  N121(UY)       5.5600e-01  N3389(UX)      0.0000e+00     1.35e-02    4.94e+04      1.00        74
     2    4.3290e+01  N121(UY)       2.8146e-02  N2481(UY)      5.5600e-01     4.20e-04    7.70e+00      1.00        74
  ---------------------------------------------------------------------------------------------------------------------
  => Increment Converged. (Time: 6.19 s)

     1    81     1       0       1     0.8025     0.0100     0.0100

  STEP 81 | t=0.8025s | dt=0.0100s | Iters= 1 | θ=[np.float64(-72.22498235048913), np.float64(72.22498235048913)] deg | max|u|=35.58mm

----------------------------------------------------------------------------------------------------
Step 82 | Attempting time increment: dt = 0.01000s (t: 0.8025s -> 0.8125s)
----------------------------------------------------------------------------------------------------

  Nonlinear Iteration Summary (Newton-Raphson)
  ==========================================================================================================================
  Time increment dt: 1.000e-02
  Convergence Tol  : 1.0e-03 (Disp Ratio)     Max Iterations: 25
  --------------------------------------------------------------------------------------------------------------------------
  Iter   Max Res.Force  (Node/DOF)    Max Disp.Corr  (Node/DOF)    Max Disp.Incr  Disp.Ratio  Energy.Err  LS.alpha  Contacts
  --------------------------------------------------------------------------------------------------------------------------
     1    4.3290e+01  N121(UY)       5.5868e-01  N3509(UX)      0.0000e+00     1.34e-02    4.94e+04      1.00        74
     2    4.3513e+01  N121(UY)       2.7760e-02  N2481(UY)      5.5868e-01     4.14e-04    7.70e+00      1.00        74
  ---------------------------------------------------------------------------------------------------------------------
  => Increment Converged. (Time: 6.20 s)

     1    82     1       0       1     0.8125     0.0100     0.0100

  STEP 82 | t=0.8125s | dt=0.0100s | Iters= 1 | θ=[np.float64(-73.12498215525402), np.float64(73.12498215525403)] deg | max|u|=35.76mm

----------------------------------------------------------------------------------------------------
Step 83 | Attempting time increment: dt = 0.01000s (t: 0.8125s -> 0.8225s)
----------------------------------------------------------------------------------------------------

  Nonlinear Iteration Summary (Newton-Raphson)
  ==========================================================================================================================
  Time increment dt: 1.000e-02
  Convergence Tol  : 1.0e-03 (Disp Ratio)     Max Iterations: 25
  --------------------------------------------------------------------------------------------------------------------------
  Iter   Max Res.Force  (Node/DOF)    Max Disp.Corr  (Node/DOF)    Max Disp.Incr  Disp.Ratio  Energy.Err  LS.alpha  Contacts
  --------------------------------------------------------------------------------------------------------------------------
     1    4.3513e+01  N121(UY)       5.6123e-01  N3389(UX)      0.0000e+00     1.32e-02    4.94e+04      1.00        74
     2    4.3724e+01  N121(UY)       2.6940e-02  N2481(UY)      5.6123e-01     4.04e-04    7.70e+00      1.00        74
  ---------------------------------------------------------------------------------------------------------------------
  => Increment Converged. (Time: 6.15 s)

     1    83     1       0       1     0.8225     0.0100     0.0100

  STEP 83 | t=0.8225s | dt=0.0100s | Iters= 1 | θ=[np.float64(-74.02498196018027), np.float64(74.02498196018027)] deg | max|u|=35.93mm

----------------------------------------------------------------------------------------------------
Step 84 | Attempting time increment: dt = 0.01000s (t: 0.8225s -> 0.8325s)
----------------------------------------------------------------------------------------------------

  Nonlinear Iteration Summary (Newton-Raphson)
  ==========================================================================================================================
  Time increment dt: 1.000e-02
  Convergence Tol  : 1.0e-03 (Disp Ratio)     Max Iterations: 25
  --------------------------------------------------------------------------------------------------------------------------
  Iter   Max Res.Force  (Node/DOF)    Max Disp.Corr  (Node/DOF)    Max Disp.Incr  Disp.Ratio  Energy.Err  LS.alpha  Contacts
  --------------------------------------------------------------------------------------------------------------------------
     1    4.3724e+01  N121(UY)       5.6364e-01  N3509(UX)      0.0000e+00     1.31e-02    4.94e+04      1.00        74
     2    4.3925e+01  N121(UY)       2.6213e-02  N2481(UY)      5.6364e-01     3.95e-04    7.70e+00      1.00        74
  ---------------------------------------------------------------------------------------------------------------------
  => Increment Converged. (Time: 6.27 s)

     1    84     1       0       1     0.8325     0.0100     0.0100

  STEP 84 | t=0.8325s | dt=0.0100s | Iters= 1 | θ=[np.float64(-74.92498176523276), np.float64(74.92498176523276)] deg | max|u|=36.10mm

----------------------------------------------------------------------------------------------------
Step 85 | Attempting time increment: dt = 0.01000s (t: 0.8325s -> 0.8425s)
----------------------------------------------------------------------------------------------------

  Nonlinear Iteration Summary (Newton-Raphson)
  ==========================================================================================================================
  Time increment dt: 1.000e-02
  Convergence Tol  : 1.0e-03 (Disp Ratio)     Max Iterations: 25
  --------------------------------------------------------------------------------------------------------------------------
  Iter   Max Res.Force  (Node/DOF)    Max Disp.Corr  (Node/DOF)    Max Disp.Incr  Disp.Ratio  Energy.Err  LS.alpha  Contacts
  --------------------------------------------------------------------------------------------------------------------------
     1    4.3925e+01  N121(UY)       5.6591e-01  N3509(UX)      0.0000e+00     1.29e-02    4.94e+04      1.00        74
     2    4.4115e+01  N1(UY)         2.5566e-02  N2481(UY)      5.6591e-01     3.87e-04    7.70e+00      1.00        74
  ---------------------------------------------------------------------------------------------------------------------
  => Increment Converged. (Time: 6.03 s)

     1    85     1       0       1     0.8425     0.0100     0.0100

  STEP 85 | t=0.8425s | dt=0.0100s | Iters= 1 | θ=[np.float64(-75.82498157040575), np.float64(75.82498157040575)] deg | max|u|=36.25mm

----------------------------------------------------------------------------------------------------
Step 86 | Attempting time increment: dt = 0.01000s (t: 0.8425s -> 0.8525s)
----------------------------------------------------------------------------------------------------

  Nonlinear Iteration Summary (Newton-Raphson)
  ==========================================================================================================================
  Time increment dt: 1.000e-02
  Convergence Tol  : 1.0e-03 (Disp Ratio)     Max Iterations: 25
  --------------------------------------------------------------------------------------------------------------------------
  Iter   Max Res.Force  (Node/DOF)    Max Disp.Corr  (Node/DOF)    Max Disp.Incr  Disp.Ratio  Energy.Err  LS.alpha  Contacts
  --------------------------------------------------------------------------------------------------------------------------
     1    4.4115e+01  N1(UY)         5.6804e-01  N3509(UX)      0.0000e+00     1.28e-02    4.94e+04      1.00        74
     2    4.4295e+01  N1(UY)         2.4920e-02  N2481(UY)      5.6804e-01     3.79e-04    7.70e+00      1.00        74
  ---------------------------------------------------------------------------------------------------------------------
  => Increment Converged. (Time: 6.12 s)

     1    86     1       0       1     0.8525     0.0100     0.0100

  STEP 86 | t=0.8525s | dt=0.0100s | Iters= 1 | θ=[np.float64(-76.72498137570203), np.float64(76.72498137570204)] deg | max|u|=36.40mm

----------------------------------------------------------------------------------------------------
Step 87 | Attempting time increment: dt = 0.01000s (t: 0.8525s -> 0.8625s)
----------------------------------------------------------------------------------------------------

  Nonlinear Iteration Summary (Newton-Raphson)
  ==========================================================================================================================
  Time increment dt: 1.000e-02
  Convergence Tol  : 1.0e-03 (Disp Ratio)     Max Iterations: 25
  --------------------------------------------------------------------------------------------------------------------------
  Iter   Max Res.Force  (Node/DOF)    Max Disp.Corr  (Node/DOF)    Max Disp.Incr  Disp.Ratio  Energy.Err  LS.alpha  Contacts
  --------------------------------------------------------------------------------------------------------------------------
     1    4.4295e+01  N1(UY)         5.7003e-01  N3509(UX)      0.0000e+00     1.27e-02    4.94e+04      1.00        74
     2    4.4463e+01  N1(UY)         2.4415e-02  N2481(UY)      5.7003e-01     3.73e-04    7.70e+00      1.00        74
  ---------------------------------------------------------------------------------------------------------------------
  => Increment Converged. (Time: 6.10 s)

     1    87     1       0       1     0.8625     0.0100     0.0100

  STEP 87 | t=0.8625s | dt=0.0100s | Iters= 1 | θ=[np.float64(-77.62498118111293), np.float64(77.62498118111293)] deg | max|u|=36.53mm

----------------------------------------------------------------------------------------------------
Step 88 | Attempting time increment: dt = 0.01000s (t: 0.8625s -> 0.8725s)
----------------------------------------------------------------------------------------------------

  Nonlinear Iteration Summary (Newton-Raphson)
  ==========================================================================================================================
  Time increment dt: 1.000e-02
  Convergence Tol  : 1.0e-03 (Disp Ratio)     Max Iterations: 25
  --------------------------------------------------------------------------------------------------------------------------
  Iter   Max Res.Force  (Node/DOF)    Max Disp.Corr  (Node/DOF)    Max Disp.Incr  Disp.Ratio  Energy.Err  LS.alpha  Contacts
  --------------------------------------------------------------------------------------------------------------------------
     1    4.4463e+01  N1(UY)         5.7187e-01  N3509(UX)      0.0000e+00     1.26e-02    4.94e+04      1.00        74
     2    4.4620e+01  N1(UY)         2.3961e-02  N2481(UY)      5.7187e-01     3.67e-04    7.70e+00      1.00        74
  ---------------------------------------------------------------------------------------------------------------------
  => Increment Converged. (Time: 6.14 s)

     1    88     1       0       1     0.8725     0.0100     0.0100

  STEP 88 | t=0.8725s | dt=0.0100s | Iters= 1 | θ=[np.float64(-78.5249809866811), np.float64(78.52498098668113)] deg | max|u|=36.66mm

----------------------------------------------------------------------------------------------------
Step 89 | Attempting time increment: dt = 0.01000s (t: 0.8725s -> 0.8825s)
----------------------------------------------------------------------------------------------------

  Nonlinear Iteration Summary (Newton-Raphson)
  ==========================================================================================================================
  Time increment dt: 1.000e-02
  Convergence Tol  : 1.0e-03 (Disp Ratio)     Max Iterations: 25
  --------------------------------------------------------------------------------------------------------------------------
  Iter   Max Res.Force  (Node/DOF)    Max Disp.Corr  (Node/DOF)    Max Disp.Incr  Disp.Ratio  Energy.Err  LS.alpha  Contacts
  --------------------------------------------------------------------------------------------------------------------------
     1    4.4620e+01  N1(UY)         5.7358e-01  N3509(UX)      0.0000e+00     1.24e-02    4.94e+04      1.00        74
     2    4.4767e+01  N121(UY)       2.3455e-02  N2481(UY)      5.7358e-01     3.60e-04    7.70e+00      1.00        74
  ---------------------------------------------------------------------------------------------------------------------
  => Increment Converged. (Time: 6.11 s)

     1    89     1       0       1     0.8825     0.0100     0.0100

  STEP 89 | t=0.8825s | dt=0.0100s | Iters= 1 | θ=[np.float64(-79.42498079239023), np.float64(79.42498079239024)] deg | max|u|=36.78mm

----------------------------------------------------------------------------------------------------
Step 90 | Attempting time increment: dt = 0.01000s (t: 0.8825s -> 0.8925s)
----------------------------------------------------------------------------------------------------

  Nonlinear Iteration Summary (Newton-Raphson)
  ==========================================================================================================================
  Time increment dt: 1.000e-02
  Convergence Tol  : 1.0e-03 (Disp Ratio)     Max Iterations: 25
  --------------------------------------------------------------------------------------------------------------------------
  Iter   Max Res.Force  (Node/DOF)    Max Disp.Corr  (Node/DOF)    Max Disp.Incr  Disp.Ratio  Energy.Err  LS.alpha  Contacts
  --------------------------------------------------------------------------------------------------------------------------
     1    4.4767e+01  N121(UY)       5.7515e-01  N3509(UX)      0.0000e+00     1.23e-02    4.94e+04      1.00        74
     2    4.4902e+01  N1(UY)         2.2950e-02  N2481(UY)      5.7515e-01     3.54e-04    7.70e+00      1.00        74
  ---------------------------------------------------------------------------------------------------------------------
  => Increment Converged. (Time: 6.57 s)

     1    90     1       0       1     0.8925     0.0100     0.0100

  STEP 90 | t=0.8925s | dt=0.0100s | Iters= 1 | θ=[np.float64(-80.32498059822987), np.float64(80.32498059822987)] deg | max|u|=36.89mm

----------------------------------------------------------------------------------------------------
Step 91 | Attempting time increment: dt = 0.01000s (t: 0.8925s -> 0.9025s)
----------------------------------------------------------------------------------------------------

  Nonlinear Iteration Summary (Newton-Raphson)
  ==========================================================================================================================
  Time increment dt: 1.000e-02
  Convergence Tol  : 1.0e-03 (Disp Ratio)     Max Iterations: 25
  --------------------------------------------------------------------------------------------------------------------------
  Iter   Max Res.Force  (Node/DOF)    Max Disp.Corr  (Node/DOF)    Max Disp.Incr  Disp.Ratio  Energy.Err  LS.alpha  Contacts
  --------------------------------------------------------------------------------------------------------------------------
     1    4.4902e+01  N1(UY)         5.7657e-01  N3509(UX)      0.0000e+00     1.22e-02    4.94e+04      1.00        74
     2    4.5026e+01  N121(UY)       2.2552e-02  N2481(UY)      5.7657e-01     3.48e-04    7.70e+00      1.00        74
  ---------------------------------------------------------------------------------------------------------------------
  => Increment Converged. (Time: 6.18 s)

     1    91     1       0       1     0.9025     0.0100     0.0100

  STEP 91 | t=0.9025s | dt=0.0100s | Iters= 1 | θ=[np.float64(-81.22498040420753), np.float64(81.22498040420756)] deg | max|u|=36.99mm

----------------------------------------------------------------------------------------------------
Step 92 | Attempting time increment: dt = 0.01000s (t: 0.9025s -> 0.9125s)
----------------------------------------------------------------------------------------------------

  Nonlinear Iteration Summary (Newton-Raphson)
  ==========================================================================================================================
  Time increment dt: 1.000e-02
  Convergence Tol  : 1.0e-03 (Disp Ratio)     Max Iterations: 25
  --------------------------------------------------------------------------------------------------------------------------
  Iter   Max Res.Force  (Node/DOF)    Max Disp.Corr  (Node/DOF)    Max Disp.Incr  Disp.Ratio  Energy.Err  LS.alpha  Contacts
  --------------------------------------------------------------------------------------------------------------------------
     1    4.5026e+01  N121(UY)       5.7785e-01  N3389(UX)      0.0000e+00     1.21e-02    4.94e+04      1.00        74
     2    4.5139e+01  N121(UY)       2.2218e-02  N2481(UY)      5.7785e-01     3.44e-04    7.70e+00      1.00        74
  ---------------------------------------------------------------------------------------------------------------------
  => Increment Converged. (Time: 6.22 s)

     1    92     1       0       1     0.9125     0.0100     0.0100

  STEP 92 | t=0.9125s | dt=0.0100s | Iters= 1 | θ=[np.float64(-82.12498021032624), np.float64(82.12498021032626)] deg | max|u|=37.08mm

----------------------------------------------------------------------------------------------------
Step 93 | Attempting time increment: dt = 0.01000s (t: 0.9125s -> 0.9225s)
----------------------------------------------------------------------------------------------------

  Nonlinear Iteration Summary (Newton-Raphson)
  ==========================================================================================================================
  Time increment dt: 1.000e-02
  Convergence Tol  : 1.0e-03 (Disp Ratio)     Max Iterations: 25
  --------------------------------------------------------------------------------------------------------------------------
  Iter   Max Res.Force  (Node/DOF)    Max Disp.Corr  (Node/DOF)    Max Disp.Incr  Disp.Ratio  Energy.Err  LS.alpha  Contacts
  --------------------------------------------------------------------------------------------------------------------------
     1    4.5139e+01  N121(UY)       5.7899e-01  N3509(UX)      0.0000e+00     1.20e-02    4.94e+04      1.00        74
     2    4.5241e+01  N1(UY)         2.2018e-02  N2956(UX)      5.7899e-01     3.38e-04    7.70e+00      1.00        74
  ---------------------------------------------------------------------------------------------------------------------
  => Increment Converged. (Time: 5.97 s)

     1    93     1       0       1     0.9225     0.0100     0.0100

  STEP 93 | t=0.9225s | dt=0.0100s | Iters= 1 | θ=[np.float64(-83.02498001661247), np.float64(83.02498001661246)] deg | max|u|=37.17mm

----------------------------------------------------------------------------------------------------
Step 94 | Attempting time increment: dt = 0.01000s (t: 0.9225s -> 0.9325s)
----------------------------------------------------------------------------------------------------

  Nonlinear Iteration Summary (Newton-Raphson)
  ==========================================================================================================================
  Time increment dt: 1.000e-02
  Convergence Tol  : 1.0e-03 (Disp Ratio)     Max Iterations: 25
  --------------------------------------------------------------------------------------------------------------------------
  Iter   Max Res.Force  (Node/DOF)    Max Disp.Corr  (Node/DOF)    Max Disp.Incr  Disp.Ratio  Energy.Err  LS.alpha  Contacts
  --------------------------------------------------------------------------------------------------------------------------
     1    4.5241e+01  N1(UY)         5.7998e-01  N3389(UX)      0.0000e+00     1.19e-02    4.94e+04      1.00        74
     2    4.5332e+01  N121(UY)       2.1830e-02  N2974(UX)      5.7998e-01     3.31e-04    7.70e+00      1.00        74
  ---------------------------------------------------------------------------------------------------------------------
  => Increment Converged. (Time: 6.01 s)

     1    94     1       0       1     0.9325     0.0100     0.0100

  STEP 94 | t=0.9325s | dt=0.0100s | Iters= 1 | θ=[np.float64(-83.92497982303972), np.float64(83.92497982303975)] deg | max|u|=37.24mm

----------------------------------------------------------------------------------------------------
Step 95 | Attempting time increment: dt = 0.01000s (t: 0.9325s -> 0.9425s)
----------------------------------------------------------------------------------------------------

  Nonlinear Iteration Summary (Newton-Raphson)
  ==========================================================================================================================
  Time increment dt: 1.000e-02
  Convergence Tol  : 1.0e-03 (Disp Ratio)     Max Iterations: 25
  --------------------------------------------------------------------------------------------------------------------------
  Iter   Max Res.Force  (Node/DOF)    Max Disp.Corr  (Node/DOF)    Max Disp.Incr  Disp.Ratio  Energy.Err  LS.alpha  Contacts
  --------------------------------------------------------------------------------------------------------------------------
     1    4.5332e+01  N121(UY)       5.8084e-01  N3389(UX)      0.0000e+00     1.18e-02    4.94e+04      1.00        74
     2    4.5412e+01  N121(UY)       2.1710e-02  N2974(UX)      5.8084e-01     3.26e-04    7.70e+00      1.00        74
  ---------------------------------------------------------------------------------------------------------------------
  => Increment Converged. (Time: 5.93 s)

     1    95     1       0       1     0.9425     0.0100     0.0100

  STEP 95 | t=0.9425s | dt=0.0100s | Iters= 1 | θ=[np.float64(-84.82497962959268), np.float64(84.82497962959269)] deg | max|u|=37.30mm

----------------------------------------------------------------------------------------------------
Step 96 | Attempting time increment: dt = 0.01000s (t: 0.9425s -> 0.9525s)
----------------------------------------------------------------------------------------------------

  Nonlinear Iteration Summary (Newton-Raphson)
  ==========================================================================================================================
  Time increment dt: 1.000e-02
  Convergence Tol  : 1.0e-03 (Disp Ratio)     Max Iterations: 25
  --------------------------------------------------------------------------------------------------------------------------
  Iter   Max Res.Force  (Node/DOF)    Max Disp.Corr  (Node/DOF)    Max Disp.Incr  Disp.Ratio  Energy.Err  LS.alpha  Contacts
  --------------------------------------------------------------------------------------------------------------------------
     1    4.5412e+01  N121(UY)       5.8154e-01  N3509(UX)      0.0000e+00     1.17e-02    4.94e+04      1.00        74
     2    4.5480e+01  N1(UY)         2.1602e-02  N2974(UX)      5.8154e-01     3.21e-04    7.70e+00      1.00        74
  ---------------------------------------------------------------------------------------------------------------------
  => Increment Converged. (Time: 6.03 s)

     1    96     1       0       1     0.9525     0.0100     0.0100

  STEP 96 | t=0.9525s | dt=0.0100s | Iters= 1 | θ=[np.float64(-85.72497943628686), np.float64(85.72497943628684)] deg | max|u|=37.36mm

----------------------------------------------------------------------------------------------------
Step 97 | Attempting time increment: dt = 0.01000s (t: 0.9525s -> 0.9625s)
----------------------------------------------------------------------------------------------------

  Nonlinear Iteration Summary (Newton-Raphson)
  ==========================================================================================================================
  Time increment dt: 1.000e-02
  Convergence Tol  : 1.0e-03 (Disp Ratio)     Max Iterations: 25
  --------------------------------------------------------------------------------------------------------------------------
  Iter   Max Res.Force  (Node/DOF)    Max Disp.Corr  (Node/DOF)    Max Disp.Incr  Disp.Ratio  Energy.Err  LS.alpha  Contacts
  --------------------------------------------------------------------------------------------------------------------------
     1    4.5480e+01  N1(UY)         5.8211e-01  N3509(UX)      0.0000e+00     1.16e-02    4.94e+04      1.00        74
     2    4.5537e+01  N1(UY)         2.1441e-02  N2974(UX)      5.8211e-01     3.16e-04    7.70e+00      1.00        74
  ---------------------------------------------------------------------------------------------------------------------
  => Increment Converged. (Time: 6.30 s)

     1    97     1       0       1     0.9625     0.0100     0.0100

  STEP 97 | t=0.9625s | dt=0.0100s | Iters= 1 | θ=[np.float64(-86.62497924312076), np.float64(86.62497924312072)] deg | max|u|=37.41mm

----------------------------------------------------------------------------------------------------
Step 98 | Attempting time increment: dt = 0.01000s (t: 0.9625s -> 0.9725s)
----------------------------------------------------------------------------------------------------

  Nonlinear Iteration Summary (Newton-Raphson)
  ==========================================================================================================================
  Time increment dt: 1.000e-02
  Convergence Tol  : 1.0e-03 (Disp Ratio)     Max Iterations: 25
  --------------------------------------------------------------------------------------------------------------------------
  Iter   Max Res.Force  (Node/DOF)    Max Disp.Corr  (Node/DOF)    Max Disp.Incr  Disp.Ratio  Energy.Err  LS.alpha  Contacts
  --------------------------------------------------------------------------------------------------------------------------
     1    4.5537e+01  N1(UY)         5.8253e-01  N3389(UX)      0.0000e+00     1.15e-02    4.94e+04      1.00        74
     2    4.5583e+01  N1(UY)         2.1292e-02  N2956(UX)      5.8253e-01     3.11e-04    7.70e+00      1.00        74
  ---------------------------------------------------------------------------------------------------------------------
  => Increment Converged. (Time: 6.11 s)

     1    98     1       0       1     0.9725     0.0100     0.0100

  STEP 98 | t=0.9725s | dt=0.0100s | Iters= 1 | θ=[np.float64(-87.52497905009558), np.float64(87.52497905009555)] deg | max|u|=37.44mm

----------------------------------------------------------------------------------------------------
Step 99 | Attempting time increment: dt = 0.01000s (t: 0.9725s -> 0.9825s)
----------------------------------------------------------------------------------------------------

  Nonlinear Iteration Summary (Newton-Raphson)
  ==========================================================================================================================
  Time increment dt: 1.000e-02
  Convergence Tol  : 1.0e-03 (Disp Ratio)     Max Iterations: 25
  --------------------------------------------------------------------------------------------------------------------------
  Iter   Max Res.Force  (Node/DOF)    Max Disp.Corr  (Node/DOF)    Max Disp.Incr  Disp.Ratio  Energy.Err  LS.alpha  Contacts
  --------------------------------------------------------------------------------------------------------------------------
     1    4.5583e+01  N1(UY)         5.8281e-01  N3509(UX)      0.0000e+00     1.14e-02    4.94e+04      1.00        74
     2    4.5618e+01  N1(UY)         2.1304e-02  N2973(UX)      5.8281e-01     3.09e-04    7.70e+00      1.00        74
  ---------------------------------------------------------------------------------------------------------------------
  => Increment Converged. (Time: 6.01 s)

     1    99     1       0       1     0.9825     0.0100     0.0100

  STEP 99 | t=0.9825s | dt=0.0100s | Iters= 1 | θ=[np.float64(-88.42497885720557), np.float64(88.42497885720559)] deg | max|u|=37.47mm

----------------------------------------------------------------------------------------------------
Step 100 | Attempting time increment: dt = 0.01000s (t: 0.9825s -> 0.9925s)
----------------------------------------------------------------------------------------------------

  Nonlinear Iteration Summary (Newton-Raphson)
  ==========================================================================================================================
  Time increment dt: 1.000e-02
  Convergence Tol  : 1.0e-03 (Disp Ratio)     Max Iterations: 25
  --------------------------------------------------------------------------------------------------------------------------
  Iter   Max Res.Force  (Node/DOF)    Max Disp.Corr  (Node/DOF)    Max Disp.Incr  Disp.Ratio  Energy.Err  LS.alpha  Contacts
  --------------------------------------------------------------------------------------------------------------------------
     1    4.5618e+01  N1(UY)         5.8294e-01  N3509(UX)      0.0000e+00     1.13e-02    4.94e+04      1.00        74
     2    4.5641e+01  N1(UY)         2.1219e-02  N2974(UX)      5.8294e-01     3.05e-04    7.70e+00      1.00        74
  ---------------------------------------------------------------------------------------------------------------------
  => Increment Converged. (Time: 6.04 s)

     1   100     1       0       1     0.9925     0.0100     0.0100

  STEP 100 | t=0.9925s | dt=0.0100s | Iters= 1 | θ=[np.float64(-89.32497866449647), np.float64(89.3249786644965)] deg | max|u|=37.49mm

----------------------------------------------------------------------------------------------------
Step 101 | Attempting time increment: dt = 0.00750s (t: 0.9925s -> 1.0000s)
----------------------------------------------------------------------------------------------------

  Nonlinear Iteration Summary (Newton-Raphson)
  ==========================================================================================================================
  Time increment dt: 7.500e-03
  Convergence Tol  : 1.0e-03 (Disp Ratio)     Max Iterations: 25
  --------------------------------------------------------------------------------------------------------------------------
  Iter   Max Res.Force  (Node/DOF)    Max Disp.Corr  (Node/DOF)    Max Disp.Incr  Disp.Ratio  Energy.Err  LS.alpha  Contacts
  --------------------------------------------------------------------------------------------------------------------------
     1    4.5641e+01  N1(UY)         4.3722e-01  N3389(UX)      0.0000e+00     8.40e-03    2.78e+04      1.00        74
     2    2.5680e+01  N1(UY)         1.9094e-02  N2973(UX)      4.3722e-01     2.64e-04    2.44e+00      1.00        74
  ---------------------------------------------------------------------------------------------------------------------
  => Increment Converged. (Time: 6.84 s)

     1   101     1       0       1     1.0000     0.0075     0.0075

  STEP 101 | t=1.0000s | dt=0.0075s | Iters= 1 | θ=[np.float64(-89.99997853025367), np.float64(89.99997853025367)] deg | max|u|=37.56mm

====================================================================================================
 SUCCESS: 90-degree display folding simulation completed in 687.93s!
====================================================================================================
Saved result (101 steps) for re-analysis: D:\PythonCodeStudy\WHT_DispFoldSolver\examples\ex13_build_result.pkl
  reload with: from dispsolver.postprocess import load_result; r = load_result(r'D:\PythonCodeStudy\WHT_DispFoldSolver\examples\ex13_build_result.pkl')

=======================================================================================================================================================================================================================================================================
 Interlayer slip at x = -40.00 mm   [um, cumulative from bottom surface]
 (101 steps recorded, showing 25)
=======================================================================================================================================================================================================================================================================
 theta[deg]       L1       L2       L3       L4       L5       L6       L7       L8       L9      L10      L11      L12      L13      L14      L15      L16      L17      L18      L19      L20      L21      L22      L23      L24      L25      L26      L27      L28
-----------------------------------------------------------------------------------------------------------------------------------------------------------------------------------------------------------------------------------------------------------------------
       0.45     0.00     0.00     0.00     0.34     0.34     0.34     0.34     0.66     0.67     0.67     0.67     0.95     0.95     0.95     0.95     1.19     1.19     1.19     1.19     1.36     1.36     1.36     1.36     1.44     1.44     1.44     1.44     1.45
       3.82     0.00     0.00     0.00     2.43     2.43     2.44     2.44     4.74     4.74     4.75     4.75     6.80     6.80     6.81     6.81     8.48     8.49     8.49     8.50     9.69     9.69     9.70     9.70    10.32    10.32    10.32    10.33    10.33
       7.42     0.00     0.00     0.00     3.45     3.45     3.46     3.46     6.76     6.77     6.77     6.78     9.78     9.79     9.79     9.80    12.30    12.31    12.32    12.32    14.13    14.14    14.15    14.15    15.10    15.11    15.11    15.12    15.13
      11.02     0.00     0.00     0.00     4.65     4.65     4.66     4.67     9.14     9.15     9.16     9.16    13.26    13.27    13.28    13.29    16.74    16.75    16.76    16.76    19.28    19.28    19.29    19.30    20.63    20.63    20.64    20.65    20.67
      14.62     0.00     0.00     0.00     5.74     5.75     5.76     5.76    11.31    11.32    11.33    11.34    16.46    16.47    16.48    16.49    20.82    20.84    20.85    20.86    24.03    24.04    24.05    24.06    25.74    25.74    25.75    25.76    25.78
      18.22     0.00     0.00     0.00     6.85     6.86     6.87     6.87    13.51    13.52    13.53    13.55    19.68    19.70    19.71    19.72    24.95    24.96    24.97    24.99    28.82    28.83    28.84    28.86    30.89    30.90    30.91    30.92    30.94
      22.72     0.00     0.00     0.00     8.23     8.24     8.25     8.26    16.25    16.26    16.28    16.29    23.71    23.73    23.74    23.76    30.09    30.11    30.12    30.14    34.80    34.81    34.83    34.84    37.32    37.33    37.34    37.36    37.39
      26.32     0.00     0.00     0.00     9.32     9.34     9.35     9.36    18.43    18.44    18.46    18.48    26.91    26.93    26.94    26.96    34.18    34.19    34.21    34.23    39.55    39.57    39.58    39.60    42.43    42.44    42.46    42.47    42.50
      29.92     0.00     0.00     0.00    10.41    10.42    10.44    10.45    20.58    20.60    20.62    20.64    30.07    30.10    30.12    30.14    38.22    38.24    38.26    38.28    44.26    44.28    44.29    44.31    47.49    47.51    47.52    47.54    47.58
      33.52     0.00     0.00     0.00    11.48    11.50    11.51    11.53    22.71    22.73    22.75    22.77    33.20    33.23    33.25    33.27    42.22    42.25    42.27    42.29    48.91    48.93    48.95    48.97    52.49    52.51    52.53    52.55    52.59
      37.12     0.00     0.00     0.00    12.54    12.56    12.57    12.59    24.81    24.84    24.86    24.88    36.29    36.32    36.34    36.37    46.17    46.20    46.22    46.25    53.50    53.53    53.55    53.57    57.44    57.46    57.48    57.50    57.54
      40.72     0.00     0.00     0.00    13.58    13.60    13.62    13.63    26.88    26.90    26.93    26.95    39.32    39.35    39.38    39.41    50.05    50.07    50.10    50.13    58.01    58.04    58.06    58.09    62.29    62.31    62.33    62.36    62.40
      45.22     0.00     0.00     0.00    14.79    14.81    14.83    14.85    29.29    29.32    29.35    29.37    42.88    42.91    42.94    42.97    54.59    54.62    54.65    54.68    63.30    63.33    63.36    63.39    67.98    68.01    68.03    68.06    68.11
      48.82     0.00     0.00     0.00    15.67    15.69    15.71    15.73    31.02    31.05    31.08    31.11    45.43    45.46    45.49    45.53    57.86    57.90    57.93    57.96    67.12    67.15    67.18    67.21    72.09    72.12    72.15    72.17    72.23
      52.42     0.00     0.00     0.00    16.44    16.46    16.49    16.51    32.57    32.60    32.63    32.66    47.71    47.74    47.78    47.81    60.79    60.83    60.86    60.90    70.54    70.57    70.60    70.63    75.78    75.81    75.83    75.86    75.92
      56.02     0.00     0.00     0.00    17.13    17.15    17.18    17.20    33.94    33.97    34.01    34.04    49.74    49.78    49.81    49.85    63.40    63.44    63.48    63.51    73.59    73.62    73.66    73.69    79.07    79.10    79.13    79.16    79.22
      59.62     0.00     0.00     0.01    17.77    17.80    17.82    17.84    35.22    35.26    35.29    35.32    51.63    51.67    51.71    51.75    65.84    65.88    65.92    65.95    76.44    76.48    76.51    76.54    82.15    82.18    82.21    82.24    82.30
      63.22     0.00     0.00     0.01    18.39    18.41    18.44    18.47    36.46    36.49    36.53    36.56    53.46    53.50    53.54    53.58    68.19    68.23    68.27    68.31    79.19    79.23    79.26    79.30    85.12    85.15    85.18    85.22    85.28
      67.72     0.00     0.00     0.01    19.14    19.16    19.19    19.22    37.95    37.99    38.02    38.06    55.67    55.71    55.75    55.79    71.04    71.08    71.12    71.16    82.53    82.56    82.60    82.64    88.72    88.75    88.79    88.82    88.89
      71.32     0.00     0.00     0.01    19.72    19.75    19.77    19.80    39.11    39.15    39.19    39.23    57.39    57.43    57.47    57.52    73.25    73.29    73.34    73.38    85.12    85.15    85.19    85.23    91.52    91.55    91.59    91.62    91.69
      74.92     0.00     0.00     0.01    20.29    20.31    20.34    20.37    40.24    40.28    40.32    40.36    59.06    59.10    59.15    59.19    75.40    75.45    75.49    75.53    87.64    87.68    87.72    87.76    94.24    94.28    94.31    94.35    94.42
      78.52     0.00     0.00     0.01    20.84    20.87    20.90    20.93    41.34    41.38    41.42    41.46    60.69    60.73    60.78    60.83    77.50    77.55    77.59    77.64    90.10    90.14    90.18    90.22    96.90    96.93    96.97    97.01    97.08
      82.12     0.00     0.00     0.01    21.37    21.40    21.43    21.46    42.41    42.46    42.50    42.54    62.28    62.32    62.37    62.42    79.55    79.60    79.64    79.69    92.49    92.54    92.58    92.62    99.49    99.53    99.56    99.60    99.68
      85.72     0.00     0.00     0.01    21.90    21.93    21.96    21.99    43.46    43.50    43.54    43.59    63.82    63.87    63.92    63.97    81.54    81.59    81.64    81.69    94.83    94.87    94.92    94.96   102.01   102.05   102.09   102.13   102.21
      90.00     0.00     0.00     0.01    22.49    22.53    22.56    22.59    44.65    44.70    44.74    44.78    65.59    65.64    65.69    65.74    83.82    83.87    83.92    83.97    97.50    97.55    97.59    97.64   104.90   104.94   104.99   105.03   105.11
-----------------------------------------------------------------------------------------------------------------------------------------------------------------------------------------------------------------------------------------------------------------------
 final total staircase : +105.11 um at theta = 90.00 deg
 carried by            : ? +0.22 um (0.2%),  PET_1 +0.00 um (0.0%),  PET_2 +0.06 um (0.1%),  PET_3 +0.09 um (0.1%),  PET_4 +0.10 um (0.1%),  PET_5 +0.10 um (0.1%),  PET_6 +0.09 um (0.1%),  PET_7 +0.12 um (0.1%),  PSA_1 +22.49 um (21.4%),  PSA_2 +22.06 um (21.0%),  PSA_3 +20.81 um (19.8%),  PSA_4 +18.08 um (17.2%),  PSA_5 +13.53 um (12.9%),  PSA_6 +7.26 um (6.9%),  PSA_7 +0.08 um (0.1%)
 (equal-thickness rows -> a ~50/50 split means bending tilt, not interlayer shear)

=======================================================================================================================================================================================================================================================================
 Interlayer slip at x = +40.00 mm   [um, cumulative from bottom surface]
 (101 steps recorded, showing 25)
=======================================================================================================================================================================================================================================================================
 theta[deg]       L1       L2       L3       L4       L5       L6       L7       L8       L9      L10      L11      L12      L13      L14      L15      L16      L17      L18      L19      L20      L21      L22      L23      L24      L25      L26      L27      L28
-----------------------------------------------------------------------------------------------------------------------------------------------------------------------------------------------------------------------------------------------------------------------
       0.45     0.00     0.00     0.00     0.34     0.34     0.34     0.34     0.66     0.67     0.67     0.67     0.95     0.95     0.95     0.95     1.19     1.19     1.19     1.19     1.36     1.36     1.36     1.36     1.44     1.44     1.44     1.44     1.45
       3.82     0.00     0.00     0.00     2.43     2.43     2.44     2.44     4.74     4.74     4.75     4.75     6.80     6.80     6.81     6.81     8.48     8.49     8.49     8.50     9.69     9.69     9.70     9.70    10.32    10.32    10.32    10.33    10.33
       7.42     0.00     0.00     0.00     3.45     3.45     3.46     3.46     6.76     6.77     6.77     6.78     9.78     9.79     9.79     9.80    12.30    12.31    12.32    12.32    14.13    14.14    14.15    14.15    15.10    15.11    15.11    15.12    15.13
      11.02     0.00     0.00     0.00     4.65     4.65     4.66     4.67     9.14     9.15     9.16     9.16    13.26    13.27    13.28    13.29    16.74    16.75    16.76    16.76    19.28    19.28    19.29    19.30    20.63    20.63    20.64    20.65    20.67
      14.62     0.00     0.00     0.00     5.74     5.75     5.76     5.76    11.31    11.32    11.33    11.34    16.46    16.47    16.48    16.49    20.82    20.84    20.85    20.86    24.03    24.04    24.05    24.06    25.74    25.74    25.75    25.76    25.78
      18.22     0.00     0.00     0.00     6.85     6.86     6.87     6.87    13.51    13.52    13.53    13.55    19.68    19.70    19.71    19.72    24.95    24.96    24.97    24.99    28.82    28.83    28.84    28.86    30.89    30.90    30.91    30.92    30.94
      22.72     0.00     0.00     0.00     8.23     8.24     8.25     8.26    16.25    16.26    16.28    16.29    23.71    23.73    23.74    23.76    30.09    30.11    30.12    30.14    34.80    34.81    34.83    34.84    37.32    37.33    37.34    37.36    37.39
      26.32     0.00     0.00     0.00     9.32     9.34     9.35     9.36    18.43    18.44    18.46    18.48    26.91    26.93    26.94    26.96    34.18    34.19    34.21    34.23    39.55    39.57    39.58    39.60    42.43    42.44    42.46    42.47    42.50
      29.92     0.00     0.00     0.00    10.41    10.42    10.44    10.45    20.58    20.60    20.62    20.64    30.07    30.10    30.12    30.14    38.22    38.24    38.26    38.28    44.26    44.28    44.29    44.31    47.49    47.51    47.52    47.54    47.58
      33.52     0.00     0.00     0.00    11.48    11.50    11.51    11.53    22.71    22.73    22.75    22.77    33.20    33.23    33.25    33.27    42.22    42.25    42.27    42.29    48.91    48.93    48.95    48.97    52.49    52.51    52.53    52.55    52.59
      37.12     0.00     0.00     0.00    12.54    12.56    12.57    12.59    24.81    24.84    24.86    24.88    36.29    36.32    36.34    36.37    46.17    46.20    46.22    46.25    53.50    53.53    53.55    53.57    57.44    57.46    57.48    57.50    57.54
      40.72     0.00     0.00     0.00    13.58    13.60    13.62    13.63    26.88    26.90    26.93    26.95    39.32    39.35    39.38    39.41    50.05    50.07    50.10    50.13    58.01    58.04    58.06    58.09    62.29    62.31    62.33    62.36    62.40
      45.22     0.00     0.00     0.00    14.79    14.81    14.83    14.85    29.29    29.32    29.35    29.37    42.88    42.91    42.94    42.97    54.59    54.62    54.65    54.68    63.30    63.33    63.36    63.39    67.98    68.01    68.03    68.06    68.11
      48.82     0.00     0.00     0.00    15.67    15.69    15.71    15.73    31.02    31.05    31.08    31.11    45.43    45.46    45.49    45.53    57.86    57.90    57.93    57.96    67.12    67.15    67.18    67.21    72.09    72.12    72.15    72.17    72.23
      52.42     0.00     0.00     0.00    16.44    16.46    16.49    16.51    32.57    32.60    32.63    32.66    47.71    47.74    47.78    47.81    60.79    60.83    60.86    60.90    70.54    70.57    70.60    70.63    75.78    75.81    75.83    75.86    75.92
      56.02     0.00     0.00     0.00    17.13    17.15    17.18    17.20    33.94    33.97    34.01    34.04    49.74    49.78    49.81    49.85    63.40    63.44    63.48    63.51    73.59    73.62    73.66    73.69    79.07    79.10    79.13    79.16    79.22
      59.62     0.00     0.00     0.01    17.77    17.80    17.82    17.84    35.22    35.26    35.29    35.32    51.63    51.67    51.71    51.75    65.84    65.88    65.92    65.95    76.44    76.48    76.51    76.54    82.15    82.18    82.21    82.24    82.30
      63.22     0.00     0.00     0.01    18.39    18.41    18.44    18.47    36.46    36.49    36.53    36.56    53.46    53.50    53.54    53.58    68.19    68.23    68.27    68.31    79.19    79.23    79.26    79.30    85.12    85.15    85.18    85.22    85.28
      67.72     0.00     0.00     0.01    19.14    19.16    19.19    19.22    37.95    37.99    38.02    38.06    55.67    55.71    55.75    55.79    71.04    71.08    71.12    71.16    82.53    82.56    82.60    82.64    88.72    88.75    88.79    88.82    88.89
      71.32     0.00     0.00     0.01    19.72    19.75    19.77    19.80    39.11    39.15    39.19    39.23    57.39    57.43    57.47    57.52    73.25    73.29    73.34    73.38    85.12    85.15    85.19    85.23    91.52    91.55    91.59    91.62    91.69
      74.92     0.00     0.00     0.01    20.29    20.31    20.34    20.37    40.24    40.28    40.32    40.36    59.06    59.10    59.15    59.19    75.40    75.45    75.49    75.53    87.64    87.68    87.72    87.76    94.24    94.28    94.31    94.35    94.42
      78.52     0.00     0.00     0.01    20.84    20.87    20.90    20.93    41.34    41.38    41.42    41.46    60.69    60.73    60.78    60.83    77.50    77.55    77.59    77.64    90.10    90.14    90.18    90.22    96.90    96.93    96.97    97.01    97.08
      82.12     0.00     0.00     0.01    21.37    21.40    21.43    21.46    42.41    42.46    42.50    42.54    62.28    62.32    62.37    62.42    79.55    79.60    79.64    79.69    92.49    92.54    92.58    92.62    99.49    99.53    99.56    99.60    99.68
      85.72     0.00     0.00     0.01    21.90    21.93    21.96    21.99    43.46    43.50    43.54    43.59    63.82    63.87    63.92    63.97    81.54    81.59    81.64    81.69    94.83    94.87    94.92    94.96   102.01   102.05   102.09   102.13   102.21
      90.00     0.00     0.00     0.01    22.49    22.53    22.56    22.59    44.65    44.70    44.74    44.78    65.59    65.64    65.69    65.74    83.82    83.87    83.92    83.97    97.50    97.55    97.59    97.64   104.90   104.94   104.99   105.03   105.11
-----------------------------------------------------------------------------------------------------------------------------------------------------------------------------------------------------------------------------------------------------------------------
 final total staircase : +105.11 um at theta = 90.00 deg
 carried by            : ? +0.22 um (0.2%),  PET_1 +0.00 um (0.0%),  PET_2 +0.06 um (0.1%),  PET_3 +0.09 um (0.1%),  PET_4 +0.10 um (0.1%),  PET_5 +0.10 um (0.1%),  PET_6 +0.09 um (0.1%),  PET_7 +0.12 um (0.1%),  PSA_1 +22.49 um (21.4%),  PSA_2 +22.06 um (21.0%),  PSA_3 +20.81 um (19.8%),  PSA_4 +18.08 um (17.2%),  PSA_5 +13.53 um (12.9%),  PSA_6 +7.26 um (6.9%),  PSA_7 +0.08 um (0.1%)
 (equal-thickness rows -> a ~50/50 split means bending tilt, not interlayer shear)

Saving before (flat) shape visualization to: D:\PythonCodeStudy\WHT_DispFoldSolver\examples\ex13_build_before_folding_shape.png
[PNG] Deformed shape saved: D:\PythonCodeStudy\WHT_DispFoldSolver\examples\ex13_build_before_folding_shape.png
Saving after (final) shape visualization to: D:\PythonCodeStudy\WHT_DispFoldSolver\examples\ex13_build_final_folding_shape.png
[PNG] Deformed shape saved: D:\PythonCodeStudy\WHT_DispFoldSolver\examples\ex13_build_final_folding_shape.png
Done.
====================================================================================================
 EX13 [build] SUMMARY: nodes=3697  elements=3480  rbe2_constraints=2  penalty_constraints=2  reached_target=True
====================================================================================================
