D:\PythonCodeStudy\WHT_DispFoldSolver\dispsolver\io\abaqus_parser.py:131: UserWarning: Unsupported keyword: *SECTION CONTROLS \u2014 skipping
  warnings.warn(f"Unsupported keyword: *{block.keyword} \u2014 skipping")
Found translation boundary conditions on 4 DOFs.
Found prescribed rotations on master nodes: {100000: -1.570796, 100306: 1.570796}
====================================================================================================
 MODEL REVIEW
====================================================================================================
Materials (4 distinct):
  - PSA: Arruda-Boyce + Prony viscoelastic: mu=0.015614, lambda_m=3.0, K=0.83333
  - PET: J2 plasticity: E=4000.0, nu=0.3, sigma_y0=80.0, H=400.0
  - GLASS: J2 plasticity: E=70000.0, nu=0.22, sigma_y0=1000000000.0, H=0.0
  - STEEL: NeoHookean: E=20000.0, nu=0.3
Parts / Layers (16 total):
  - pid 1: 142 elements, material=PSA, thickness=0.0300 mm (30.0 um), element=CPE4I
  - pid 2: 606 elements, material=PET, thickness=0.0600 mm (60.0 um), element=Q4_COROTATIONAL_SRI
  - pid 3: 202 elements, material=PSA, thickness=0.0300 mm (30.0 um), element=CPE4I
  - pid 4: 606 elements, material=PET, thickness=0.0600 mm (60.0 um), element=Q4_COROTATIONAL_SRI
  - pid 5: 202 elements, material=PSA, thickness=0.0300 mm (30.0 um), element=CPE4I
  - pid 6: 606 elements, material=PET, thickness=0.0600 mm (60.0 um), element=Q4_COROTATIONAL_SRI
  - pid 7: 202 elements, material=PSA, thickness=0.0300 mm (30.0 um), element=CPE4I
  - pid 8: 606 elements, material=PET, thickness=0.0600 mm (60.0 um), element=Q4_COROTATIONAL_SRI
  - pid 9: 202 elements, material=PSA, thickness=0.0300 mm (30.0 um), element=CPE4I
  - pid 10: 606 elements, material=PET, thickness=0.0600 mm (60.0 um), element=Q4_COROTATIONAL_SRI
  - pid 11: 202 elements, material=PSA, thickness=0.0300 mm (30.0 um), element=CPE4I
  - pid 12: 606 elements, material=PET, thickness=0.0600 mm (60.0 um), element=Q4_COROTATIONAL_SRI
  - pid 13: 202 elements, material=PSA, thickness=0.0300 mm (30.0 um), element=CPE4I
  - pid 14: 606 elements, material=GLASS, thickness=0.0600 mm (60.0 um), element=Q4_COROTATIONAL_SRI
  - Plate Left: 240 elements, material=STEEL, thickness=0.5000 mm (500.0 um), element=Q4_COROTATIONAL
  - Plate Right: 240 elements, material=STEEL, thickness=0.5000 mm (500.0 um), element=Q4_COROTATIONAL
Total elements: 6076, total layers/parts: 16
====================================================================================================
[PNG] Deformed shape saved: D:\PythonCodeStudy\WHT_DispFoldSolver\examples\dbg2_b.png
----------------------------------------------------------------------------------------------------
Step 1 | Attempting time increment: dt = 0.00500s (t: 0.0000s -> 0.0050s)
----------------------------------------------------------------------------------------------------

  Nonlinear Iteration Summary (Newton-Raphson)
  ==========================================================================================================================
  Time increment dt: 5.000e-03
  Convergence Tol  : 1.0e-02 (Disp Ratio)     Max Iterations: 50
  --------------------------------------------------------------------------------------------------------------------------
  Iter   Max Res.Force  (Node/DOF)    Max Disp.Corr  (Node/DOF)    Max Disp.Incr  Disp.Ratio  Energy.Err  LS.alpha  TieNodes
  --------------------------------------------------------------------------------------------------------------------------
     1    1.1735e+02  N1(UY)         7.5224e-05  N1(UY)         7.5224e-05     9.39e-01    5.21e-01      1.00       122
     2    3.6811e-06  N144(UY)       2.4494e-10  N246(UY)       7.5224e-05     2.55e-06    5.17e-16      1.00       122
  ---------------------------------------------------------------------------------------------------------------------
  => Increment Converged. (Time: 102.66 s)


  STEP   INC   ATT   SEVERE   EQUIL     TOTAL      STEP      INC OF
                     DISCON   ITERS      TIME       TIME       TIME
     1     1     1       0       1     0.0050     0.0050     0.0050
[ALPHA] max|a|=9.9859e-07 (clamp 0.5)  mean|a|(nonzero)=2.731e-09  frac elems >0.9*clamp=0.000%

  [MONITOR] Step   1 | Time 0.0050s / 1.0s (  0.5%)
            Fold Angle: Target +-  0.00deg | Actual [-0.00deg, +0.00deg]
            Plate Tips Y: Left= -0.50mm | Right= -0.50mm | Max Disp=  0.00mm
            Newton Iters:  1 | dt: 0.00500s
            [DIAGNOSTIC] display/plate max|u| ratio=1.0000 (display=0.000mm, plate=0.000mm)
            [DIAGNOSTIC] Real tie gap (not just active-pair count): DISPLAY_BOT_L_PLATE_L_TOP_TIE: max_gap=0.0000mm mean=0.0000mm n=61 | DISPLAY_BOT_R_PLATE_R_TOP_TIE: max_gap=0.0000mm mean=0.0000mm n=61
            [DIAGNOSTIC] Hinge curvature: max_curv_ratio=11.79 kink_detected=True at x=8.50mm

[PNG] Deformed shape saved: D:\PythonCodeStudy\WHT_DispFoldSolver\examples\dbg2_a.png
----------------------------------------------------------------------------------------------------
Step 2 | Attempting time increment: dt = 0.00750s (t: 0.0050s -> 0.0125s)
----------------------------------------------------------------------------------------------------

  Nonlinear Iteration Summary (Newton-Raphson)
  ==========================================================================================================================
  Time increment dt: 7.500e-03
  Convergence Tol  : 1.0e-02 (Disp Ratio)     Max Iterations: 50
  --------------------------------------------------------------------------------------------------------------------------
  Iter   Max Res.Force  (Node/DOF)    Max Disp.Corr  (Node/DOF)    Max Disp.Incr  Disp.Ratio  Energy.Err  LS.alpha  TieNodes
  --------------------------------------------------------------------------------------------------------------------------
     1    1.0002e+03  N144(UY)       6.4115e-04  N144(UY)       1.0869e-03     5.18e-01    3.79e+01      1.00       122
     2    2.7826e-05  N1(UY)         1.5538e-08  N5321(UY)      1.0869e-03     1.06e-05    4.46e-14      1.00       122
  ---------------------------------------------------------------------------------------------------------------------
  => Increment Converged. (Time: 12.65 s)

     1     2     1       0       1     0.0125     0.0075     0.0075
[ALPHA] max|a|=1.5612e-05 (clamp 0.5)  mean|a|(nonzero)=4.453e-08  frac elems >0.9*clamp=0.000%

  [MONITOR] Step   2 | Time 0.0125s / 1.0s (  1.2%)
            Fold Angle: Target +-  0.00deg | Actual [-0.00deg, +0.00deg]
            Plate Tips Y: Left= -0.50mm | Right= -0.50mm | Max Disp=  0.00mm
            Newton Iters:  1 | dt: 0.00750s
            [DIAGNOSTIC] display/plate max|u| ratio=1.0000 (display=0.001mm, plate=0.000mm)
            [DIAGNOSTIC] Real tie gap (not just active-pair count): DISPLAY_BOT_L_PLATE_L_TOP_TIE: max_gap=0.0000mm mean=0.0000mm n=61 | DISPLAY_BOT_R_PLATE_R_TOP_TIE: max_gap=0.0000mm mean=0.0000mm n=61

[PNG] Deformed shape saved: D:\PythonCodeStudy\WHT_DispFoldSolver\examples\dbg2_a.png
----------------------------------------------------------------------------------------------------
Step 3 | Attempting time increment: dt = 0.01000s (t: 0.0125s -> 0.0225s)
----------------------------------------------------------------------------------------------------

  Nonlinear Iteration Summary (Newton-Raphson)
  ==========================================================================================================================
  Time increment dt: 1.000e-02
  Convergence Tol  : 1.0e-02 (Disp Ratio)     Max Iterations: 50
  --------------------------------------------------------------------------------------------------------------------------
  Iter   Max Res.Force  (Node/DOF)    Max Disp.Corr  (Node/DOF)    Max Disp.Incr  Disp.Ratio  Energy.Err  LS.alpha  TieNodes
  --------------------------------------------------------------------------------------------------------------------------
     1    1.6000e+03  N1(UY)         1.0256e-03  N1(UY)         5.5133e-03     1.44e-01    9.69e+01      1.00       122
     2    2.6085e-05  N144(UY)       1.6775e-07  N5321(UY)      5.5133e-03     1.94e-05    1.27e-13      1.00       122
  ---------------------------------------------------------------------------------------------------------------------
  => Increment Converged. (Time: 10.88 s)

     1     3     1       0       1     0.0225     0.0100     0.0100
[ALPHA] max|a|=9.0150e-05 (clamp 0.5)  mean|a|(nonzero)=2.598e-07  frac elems >0.9*clamp=0.000%

  [MONITOR] Step   3 | Time 0.0225s / 1.0s (  2.2%)
            Fold Angle: Target +-  0.01deg | Actual [-0.01deg, +0.01deg]
            Plate Tips Y: Left= -0.49mm | Right= -0.49mm | Max Disp=  0.01mm
            Newton Iters:  1 | dt: 0.01000s
            [DIAGNOSTIC] display/plate max|u| ratio=1.0000 (display=0.007mm, plate=0.000mm)
            [DIAGNOSTIC] Real tie gap (not just active-pair count): DISPLAY_BOT_L_PLATE_L_TOP_TIE: max_gap=0.0000mm mean=0.0000mm n=61 | DISPLAY_BOT_R_PLATE_R_TOP_TIE: max_gap=0.0000mm mean=0.0000mm n=61

[PNG] Deformed shape saved: D:\PythonCodeStudy\WHT_DispFoldSolver\examples\dbg2_a.png
----------------------------------------------------------------------------------------------------
Step 4 | Attempting time increment: dt = 0.01000s (t: 0.0225s -> 0.0325s)
----------------------------------------------------------------------------------------------------

  Nonlinear Iteration Summary (Newton-Raphson)
  ==========================================================================================================================
  Time increment dt: 1.000e-02
  Convergence Tol  : 1.0e-02 (Disp Ratio)     Max Iterations: 50
  --------------------------------------------------------------------------------------------------------------------------
  Iter   Max Res.Force  (Node/DOF)    Max Disp.Corr  (Node/DOF)    Max Disp.Incr  Disp.Ratio  Energy.Err  LS.alpha  TieNodes
  --------------------------------------------------------------------------------------------------------------------------
     1    2.2071e+03  N144(UY)       1.4148e-03  N347(UY)       1.3137e-02     6.70e-02    1.84e+02      1.00       122
     2    1.0814e-03  N144(UY)       7.4132e-07  N5321(UY)      1.3137e-02     2.87e-05    4.47e-11      1.00       122
  ---------------------------------------------------------------------------------------------------------------------
  => Increment Converged. (Time: 12.04 s)

     1     4     1       0       1     0.0325     0.0100     0.0100
[ALPHA] max|a|=2.6866e-04 (clamp 0.5)  mean|a|(nonzero)=7.723e-07  frac elems >0.9*clamp=0.000%

  [MONITOR] Step   4 | Time 0.0325s / 1.0s (  3.2%)
            Fold Angle: Target +-  0.03deg | Actual [-0.03deg, +0.03deg]
            Plate Tips Y: Left= -0.48mm | Right= -0.48mm | Max Disp=  0.02mm
            Newton Iters:  1 | dt: 0.01000s
            [DIAGNOSTIC] display/plate max|u| ratio=1.0000 (display=0.020mm, plate=0.000mm)
            [DIAGNOSTIC] Real tie gap (not just active-pair count): DISPLAY_BOT_L_PLATE_L_TOP_TIE: max_gap=0.0000mm mean=0.0000mm n=61 | DISPLAY_BOT_R_PLATE_R_TOP_TIE: max_gap=0.0000mm mean=0.0000mm n=61

[PNG] Deformed shape saved: D:\PythonCodeStudy\WHT_DispFoldSolver\examples\dbg2_a.png
----------------------------------------------------------------------------------------------------
Step 5 | Attempting time increment: dt = 0.01000s (t: 0.0325s -> 0.0425s)
----------------------------------------------------------------------------------------------------

  Nonlinear Iteration Summary (Newton-Raphson)
  ==========================================================================================================================
  Time increment dt: 1.000e-02
  Convergence Tol  : 1.0e-02 (Disp Ratio)     Max Iterations: 50
  --------------------------------------------------------------------------------------------------------------------------
  Iter   Max Res.Force  (Node/DOF)    Max Disp.Corr  (Node/DOF)    Max Disp.Incr  Disp.Ratio  Energy.Err  LS.alpha  TieNodes
  --------------------------------------------------------------------------------------------------------------------------
     1    1.2891e+03  N1(UY)         8.2669e-04  N145(UY)       2.3816e-02     1.78e-02    6.29e+01      1.00       122
     2    1.8277e-03  N144(UY)       9.4177e-07  N5321(UY)      2.3816e-02     1.66e-05    1.27e-10      1.00       122
  ---------------------------------------------------------------------------------------------------------------------
  => Increment Converged. (Time: 11.28 s)

     1     5     1       0       1     0.0425     0.0100     0.0100
[ALPHA] max|a|=5.9460e-04 (clamp 0.5)  mean|a|(nonzero)=1.707e-06  frac elems >0.9*clamp=0.000%

  [MONITOR] Step   5 | Time 0.0425s / 1.0s (  4.2%)
            Fold Angle: Target +-  0.06deg | Actual [-0.06deg, +0.06deg]
            Plate Tips Y: Left= -0.46mm | Right= -0.46mm | Max Disp=  0.04mm
            Newton Iters:  1 | dt: 0.01000s
            [DIAGNOSTIC] display/plate max|u| ratio=1.0000 (display=0.044mm, plate=0.000mm)
            [DIAGNOSTIC] Real tie gap (not just active-pair count): DISPLAY_BOT_L_PLATE_L_TOP_TIE: max_gap=0.0000mm mean=0.0000mm n=61 | DISPLAY_BOT_R_PLATE_R_TOP_TIE: max_gap=0.0000mm mean=0.0000mm n=61

[PNG] Deformed shape saved: D:\PythonCodeStudy\WHT_DispFoldSolver\examples\dbg2_a.png
----------------------------------------------------------------------------------------------------
Step 6 | Attempting time increment: dt = 0.01000s (t: 0.0425s -> 0.0525s)
----------------------------------------------------------------------------------------------------

  Nonlinear Iteration Summary (Newton-Raphson)
  ==========================================================================================================================
  Time increment dt: 1.000e-02
  Convergence Tol  : 1.0e-02 (Disp Ratio)     Max Iterations: 50
  --------------------------------------------------------------------------------------------------------------------------
  Iter   Max Res.Force  (Node/DOF)    Max Disp.Corr  (Node/DOF)    Max Disp.Incr  Disp.Ratio  Energy.Err  LS.alpha  TieNodes
  --------------------------------------------------------------------------------------------------------------------------
     1    1.8964e+03  N144(UY)       1.2163e-03  N145(UY)       3.7346e-02     1.40e-02    1.36e+02      1.00       122
     2    5.9596e-03  N144(UY)       2.8168e-06  N5321(UY)      3.7346e-02     2.66e-05    1.35e-09      1.00       122
  ---------------------------------------------------------------------------------------------------------------------
  => Increment Converged. (Time: 10.57 s)

     1     6     1       0       1     0.0525     0.0100     0.0100
[ALPHA] max|a|=1.1111e-03 (clamp 0.5)  mean|a|(nonzero)=3.202e-06  frac elems >0.9*clamp=0.000%

  [MONITOR] Step   6 | Time 0.0525s / 1.0s (  5.3%)
            Fold Angle: Target +-  0.12deg | Actual [-0.12deg, +0.12deg]
            Plate Tips Y: Left= -0.42mm | Right= -0.42mm | Max Disp=  0.08mm
            Newton Iters:  1 | dt: 0.01000s
            [DIAGNOSTIC] display/plate max|u| ratio=1.0000 (display=0.081mm, plate=0.000mm)
            [DIAGNOSTIC] Real tie gap (not just active-pair count): DISPLAY_BOT_L_PLATE_L_TOP_TIE: max_gap=0.0000mm mean=0.0000mm n=61 | DISPLAY_BOT_R_PLATE_R_TOP_TIE: max_gap=0.0000mm mean=0.0000mm n=61

[PNG] Deformed shape saved: D:\PythonCodeStudy\WHT_DispFoldSolver\examples\dbg2_a.png
----------------------------------------------------------------------------------------------------
Step 7 | Attempting time increment: dt = 0.01000s (t: 0.0525s -> 0.0625s)
----------------------------------------------------------------------------------------------------

  Nonlinear Iteration Summary (Newton-Raphson)
  ==========================================================================================================================
  Time increment dt: 1.000e-02
  Convergence Tol  : 1.0e-02 (Disp Ratio)     Max Iterations: 50
  --------------------------------------------------------------------------------------------------------------------------
  Iter   Max Res.Force  (Node/DOF)    Max Disp.Corr  (Node/DOF)    Max Disp.Incr  Disp.Ratio  Energy.Err  LS.alpha  TieNodes
  --------------------------------------------------------------------------------------------------------------------------
     1    1.1834e+03  N1(UY)         7.5996e-04  N145(UY)       5.3528e-02     5.28e-03    5.31e+01      1.00       122
     2    6.3288e-03  N144(UY)       2.9194e-06  N5321(UY)      5.3528e-02     1.65e-05    1.52e-09      1.00       122
  ---------------------------------------------------------------------------------------------------------------------
  => Increment Converged. (Time: 10.05 s)

     1     7     1       0       1     0.0625     0.0100     0.0100
[ALPHA] max|a|=1.8620e-03 (clamp 0.5)  mean|a|(nonzero)=5.413e-06  frac elems >0.9*clamp=0.000%

  [MONITOR] Step   7 | Time 0.0625s / 1.0s (  6.2%)
            Fold Angle: Target +-  0.20deg | Actual [-0.20deg, +0.20deg]
            Plate Tips Y: Left= -0.37mm | Right= -0.37mm | Max Disp=  0.13mm
            Newton Iters:  1 | dt: 0.01000s
            [DIAGNOSTIC] display/plate max|u| ratio=1.0000 (display=0.134mm, plate=0.000mm)
            [DIAGNOSTIC] Real tie gap (not just active-pair count): DISPLAY_BOT_L_PLATE_L_TOP_TIE: max_gap=0.0000mm mean=0.0000mm n=61 | DISPLAY_BOT_R_PLATE_R_TOP_TIE: max_gap=0.0000mm mean=0.0000mm n=61

[PNG] Deformed shape saved: D:\PythonCodeStudy\WHT_DispFoldSolver\examples\dbg2_a.png
----------------------------------------------------------------------------------------------------
Step 8 | Attempting time increment: dt = 0.01000s (t: 0.0625s -> 0.0725s)
----------------------------------------------------------------------------------------------------

  Nonlinear Iteration Summary (Newton-Raphson)
  ==========================================================================================================================
  Time increment dt: 1.000e-02
  Convergence Tol  : 1.0e-02 (Disp Ratio)     Max Iterations: 50
  --------------------------------------------------------------------------------------------------------------------------
  Iter   Max Res.Force  (Node/DOF)    Max Disp.Corr  (Node/DOF)    Max Disp.Incr  Disp.Ratio  Energy.Err  LS.alpha  TieNodes
  --------------------------------------------------------------------------------------------------------------------------
     1    1.5418e+03  N1(UY)         9.9031e-04  N145(UY)       7.2171e-02     4.48e-03    9.01e+01      1.00       122
     2    1.3388e-02  N144(UY)       4.9551e-06  N5321(UY)      7.2171e-02     1.83e-05    6.79e-09      1.00       122
  ---------------------------------------------------------------------------------------------------------------------
  => Increment Converged. (Time: 10.18 s)

     1     8     1       0       1     0.0725     0.0100     0.0100
[ALPHA] max|a|=2.8936e-03 (clamp 0.5)  mean|a|(nonzero)=8.552e-06  frac elems >0.9*clamp=0.000%

  [MONITOR] Step   8 | Time 0.0725s / 1.0s (  7.2%)
            Fold Angle: Target +-  0.31deg | Actual [-0.31deg, +0.31deg]
            Plate Tips Y: Left= -0.29mm | Right= -0.29mm | Max Disp=  0.21mm
            Newton Iters:  1 | dt: 0.01000s
            [DIAGNOSTIC] display/plate max|u| ratio=1.0000 (display=0.207mm, plate=0.000mm)
            [DIAGNOSTIC] Real tie gap (not just active-pair count): DISPLAY_BOT_L_PLATE_L_TOP_TIE: max_gap=0.0000mm mean=0.0000mm n=61 | DISPLAY_BOT_R_PLATE_R_TOP_TIE: max_gap=0.0000mm mean=0.0000mm n=61

[PNG] Deformed shape saved: D:\PythonCodeStudy\WHT_DispFoldSolver\examples\dbg2_a.png
----------------------------------------------------------------------------------------------------
Step 9 | Attempting time increment: dt = 0.01000s (t: 0.0725s -> 0.0825s)
----------------------------------------------------------------------------------------------------

  Nonlinear Iteration Summary (Newton-Raphson)
  ==========================================================================================================================
  Time increment dt: 1.000e-02
  Convergence Tol  : 1.0e-02 (Disp Ratio)     Max Iterations: 50
  --------------------------------------------------------------------------------------------------------------------------
  Iter   Max Res.Force  (Node/DOF)    Max Disp.Corr  (Node/DOF)    Max Disp.Incr  Disp.Ratio  Energy.Err  LS.alpha  TieNodes
  --------------------------------------------------------------------------------------------------------------------------
     1    1.0763e+03  N1(UY)         6.9274e-04  N347(UY)       9.3083e-02     2.18e-03    4.40e+01      1.00       122
     2    1.2923e-02  N144(UY)       2.7802e-06  N5321(UY)      9.3083e-02     7.22e-06    6.33e-09      1.00       122
  ---------------------------------------------------------------------------------------------------------------------
  => Increment Converged. (Time: 9.83 s)

     1     9     1       0       1     0.0825     0.0100     0.0100
[ALPHA] max|a|=4.2579e-03 (clamp 0.5)  mean|a|(nonzero)=1.293e-05  frac elems >0.9*clamp=0.000%

  [MONITOR] Step   9 | Time 0.0825s / 1.0s (  8.2%)
            Fold Angle: Target +-  0.44deg | Actual [-0.44deg, +0.44deg]
            Plate Tips Y: Left= -0.20mm | Right= -0.20mm | Max Disp=  0.30mm
            Newton Iters:  1 | dt: 0.01000s
            [DIAGNOSTIC] display/plate max|u| ratio=1.0000 (display=0.300mm, plate=0.000mm)
            [DIAGNOSTIC] Real tie gap (not just active-pair count): DISPLAY_BOT_L_PLATE_L_TOP_TIE: max_gap=0.0000mm mean=0.0000mm n=61 | DISPLAY_BOT_R_PLATE_R_TOP_TIE: max_gap=0.0000mm mean=0.0000mm n=61

[PNG] Deformed shape saved: D:\PythonCodeStudy\WHT_DispFoldSolver\examples\dbg2_a.png
----------------------------------------------------------------------------------------------------
Step 10 | Attempting time increment: dt = 0.01000s (t: 0.0825s -> 0.0925s)
----------------------------------------------------------------------------------------------------

  Nonlinear Iteration Summary (Newton-Raphson)
  ==========================================================================================================================
  Time increment dt: 1.000e-02
  Convergence Tol  : 1.0e-02 (Disp Ratio)     Max Iterations: 50
  --------------------------------------------------------------------------------------------------------------------------
  Iter   Max Res.Force  (Node/DOF)    Max Disp.Corr  (Node/DOF)    Max Disp.Incr  Disp.Ratio  Energy.Err  LS.alpha  TieNodes
  --------------------------------------------------------------------------------------------------------------------------
     1    1.2325e+03  N1(UY)         7.9278e-04  N145(UY)       1.1608e-01     1.85e-03    5.79e+01      1.00       122
     2    2.0820e-02  N144(UY)       1.7370e-06  N5322(UY)      1.1608e-01     2.81e-06    1.64e-08      1.00       122
  ---------------------------------------------------------------------------------------------------------------------
  => Increment Converged. (Time: 10.64 s)

     1    10     1       0       1     0.0925     0.0100     0.0100
[ALPHA] max|a|=6.0183e-03 (clamp 0.5)  mean|a|(nonzero)=1.905e-05  frac elems >0.9*clamp=0.000%

  [MONITOR] Step  10 | Time 0.0925s / 1.0s (  9.2%)
            Fold Angle: Target +-  0.62deg | Actual [-0.62deg, +0.62deg]
            Plate Tips Y: Left= -0.08mm | Right= -0.08mm | Max Disp=  0.42mm
            Newton Iters:  1 | dt: 0.01000s
            [DIAGNOSTIC] display/plate max|u| ratio=1.0000 (display=0.416mm, plate=0.000mm)
            [DIAGNOSTIC] Real tie gap (not just active-pair count): DISPLAY_BOT_L_PLATE_L_TOP_TIE: max_gap=0.0000mm mean=0.0000mm n=61 | DISPLAY_BOT_R_PLATE_R_TOP_TIE: max_gap=0.0000mm mean=0.0000mm n=61
            [DIAGNOSTIC] Hinge curvature: max_curv_ratio=11.73 kink_detected=True at x=8.50mm

[PNG] Deformed shape saved: D:\PythonCodeStudy\WHT_DispFoldSolver\examples\dbg2_a.png
----------------------------------------------------------------------------------------------------
Step 11 | Attempting time increment: dt = 0.01000s (t: 0.0925s -> 0.1025s)
----------------------------------------------------------------------------------------------------

  Nonlinear Iteration Summary (Newton-Raphson)
  ==========================================================================================================================
  Time increment dt: 1.000e-02
  Convergence Tol  : 1.0e-02 (Disp Ratio)     Max Iterations: 50
  --------------------------------------------------------------------------------------------------------------------------
  Iter   Max Res.Force  (Node/DOF)    Max Disp.Corr  (Node/DOF)    Max Disp.Incr  Disp.Ratio  Energy.Err  LS.alpha  TieNodes
  --------------------------------------------------------------------------------------------------------------------------
     1    9.3757e+02  N143(UY)       6.0231e-04  N5219(UY)      1.4097e-01     1.18e-03    3.37e+01      1.00       122
     2    1.9602e-02  N1(UY)         8.8108e-06  N5321(UY)      1.4097e-01     1.15e-05    1.46e-08      1.00       122
  ---------------------------------------------------------------------------------------------------------------------
  => Increment Converged. (Time: 15.10 s)

     1    11     1       0       1     0.1025     0.0100     0.0100
[ALPHA] max|a|=8.2650e-03 (clamp 0.5)  mean|a|(nonzero)=2.771e-05  frac elems >0.9*clamp=0.000%

  [MONITOR] Step  11 | Time 0.1025s / 1.0s ( 10.2%)
            Fold Angle: Target +-  0.83deg | Actual [-0.83deg, +0.83deg]
            Plate Tips Y: Left= +0.06mm | Right= +0.06mm | Max Disp=  0.56mm
            Newton Iters:  1 | dt: 0.01000s
            [DIAGNOSTIC] display/plate max|u| ratio=1.0000 (display=0.557mm, plate=0.000mm)
            [DIAGNOSTIC] Real tie gap (not just active-pair count): DISPLAY_BOT_L_PLATE_L_TOP_TIE: max_gap=0.0000mm mean=0.0000mm n=61 | DISPLAY_BOT_R_PLATE_R_TOP_TIE: max_gap=0.0000mm mean=0.0000mm n=61

[PNG] Deformed shape saved: D:\PythonCodeStudy\WHT_DispFoldSolver\examples\dbg2_a.png
----------------------------------------------------------------------------------------------------
Step 12 | Attempting time increment: dt = 0.01000s (t: 0.1025s -> 0.1125s)
----------------------------------------------------------------------------------------------------

  Nonlinear Iteration Summary (Newton-Raphson)
  ==========================================================================================================================
  Time increment dt: 1.000e-02
  Convergence Tol  : 1.0e-02 (Disp Ratio)     Max Iterations: 50
  --------------------------------------------------------------------------------------------------------------------------
  Iter   Max Res.Force  (Node/DOF)    Max Disp.Corr  (Node/DOF)    Max Disp.Incr  Disp.Ratio  Energy.Err  LS.alpha  TieNodes
  --------------------------------------------------------------------------------------------------------------------------
     1    9.7624e+02  N2(UY)         6.7872e-04  N246(UY)       1.6757e-01     1.11e-03    3.66e+01      1.00       122
     2    2.6341e-02  N1(UY)         7.0744e-06  N5322(UY)      1.6757e-01     7.19e-06    2.63e-08      1.00       122
  ---------------------------------------------------------------------------------------------------------------------
  => Increment Converged. (Time: 14.56 s)

     1    12     1       0       1     0.1125     0.0100     0.0100
[ALPHA] max|a|=1.4544e-02 (clamp 0.5)  mean|a|(nonzero)=4.014e-05  frac elems >0.9*clamp=0.000%

  [MONITOR] Step  12 | Time 0.1125s / 1.0s ( 11.2%)
            Fold Angle: Target +-  1.07deg | Actual [-1.07deg, +1.07deg]
            Plate Tips Y: Left= +0.22mm | Right= +0.22mm | Max Disp=  0.72mm
            Newton Iters:  1 | dt: 0.01000s
            [DIAGNOSTIC] display/plate max|u| ratio=1.0000 (display=0.724mm, plate=0.000mm)
            [DIAGNOSTIC] Real tie gap (not just active-pair count): DISPLAY_BOT_L_PLATE_L_TOP_TIE: max_gap=0.0000mm mean=0.0000mm n=61 | DISPLAY_BOT_R_PLATE_R_TOP_TIE: max_gap=0.0000mm mean=0.0000mm n=61

[PNG] Deformed shape saved: D:\PythonCodeStudy\WHT_DispFoldSolver\examples\dbg2_a.png
----------------------------------------------------------------------------------------------------
Step 13 | Attempting time increment: dt = 0.01000s (t: 0.1125s -> 0.1225s)
----------------------------------------------------------------------------------------------------

  Nonlinear Iteration Summary (Newton-Raphson)
  ==========================================================================================================================
  Time increment dt: 1.000e-02
  Convergence Tol  : 1.0e-02 (Disp Ratio)     Max Iterations: 50
  --------------------------------------------------------------------------------------------------------------------------
  Iter   Max Res.Force  (Node/DOF)    Max Disp.Corr  (Node/DOF)    Max Disp.Incr  Disp.Ratio  Energy.Err  LS.alpha  TieNodes
  --------------------------------------------------------------------------------------------------------------------------
     1    7.8684e+02  N143(UY)       8.3425e-04  N246(UY)       1.9568e-01     8.90e-04    2.38e+01      1.00       122
     2    2.4764e-02  N1(UY)         1.9044e-05  N652(UY)       1.9568e-01     1.51e-05    2.33e-08      1.00       122
  ---------------------------------------------------------------------------------------------------------------------
  => Increment Converged. (Time: 16.18 s)

     1    13     1       0       1     0.1225     0.0100     0.0100
[ALPHA] max|a|=2.4037e-02 (clamp 0.5)  mean|a|(nonzero)=5.786e-05  frac elems >0.9*clamp=0.000%

  [MONITOR] Step  13 | Time 0.1225s / 1.0s ( 12.2%)
            Fold Angle: Target +-  1.37deg | Actual [-1.37deg, +1.37deg]
            Plate Tips Y: Left= +0.42mm | Right= +0.42mm | Max Disp=  0.92mm
            Newton Iters:  1 | dt: 0.01000s
            [DIAGNOSTIC] display/plate max|u| ratio=1.0000 (display=0.920mm, plate=0.000mm)
            [DIAGNOSTIC] Real tie gap (not just active-pair count): DISPLAY_BOT_L_PLATE_L_TOP_TIE: max_gap=0.0000mm mean=0.0000mm n=61 | DISPLAY_BOT_R_PLATE_R_TOP_TIE: max_gap=0.0000mm mean=0.0000mm n=61

[PNG] Deformed shape saved: D:\PythonCodeStudy\WHT_DispFoldSolver\examples\dbg2_a.png
----------------------------------------------------------------------------------------------------
Step 14 | Attempting time increment: dt = 0.01000s (t: 0.1225s -> 0.1325s)
----------------------------------------------------------------------------------------------------

  Nonlinear Iteration Summary (Newton-Raphson)
  ==========================================================================================================================
  Time increment dt: 1.000e-02
  Convergence Tol  : 1.0e-02 (Disp Ratio)     Max Iterations: 50
  --------------------------------------------------------------------------------------------------------------------------
  Iter   Max Res.Force  (Node/DOF)    Max Disp.Corr  (Node/DOF)    Max Disp.Incr  Disp.Ratio  Energy.Err  LS.alpha  TieNodes
  --------------------------------------------------------------------------------------------------------------------------
     1    7.6588e+02  N143(UY)       8.5003e-04  N5321(UY)      2.2516e-01     7.27e-04    2.26e+01      1.00       122
     2    3.0022e-02  N1(UY)         6.4299e-05  N652(UY)       2.2516e-01     4.14e-05    3.43e-08      1.00       122
  ---------------------------------------------------------------------------------------------------------------------
  => Increment Converged. (Time: 17.28 s)

     1    14     1       0       1     0.1325     0.0100     0.0100
[ALPHA] max|a|=3.5843e-02 (clamp 0.5)  mean|a|(nonzero)=8.225e-05  frac elems >0.9*clamp=0.000%

  [MONITOR] Step  14 | Time 0.1325s / 1.0s ( 13.2%)
            Fold Angle: Target +-  1.70deg | Actual [-1.70deg, +1.70deg]
            Plate Tips Y: Left= +0.65mm | Right= +0.65mm | Max Disp=  1.15mm
            Newton Iters:  1 | dt: 0.01000s
            [DIAGNOSTIC] display/plate max|u| ratio=1.0000 (display=1.145mm, plate=0.000mm)
            [DIAGNOSTIC] Real tie gap (not just active-pair count): DISPLAY_BOT_L_PLATE_L_TOP_TIE: max_gap=0.0000mm mean=0.0000mm n=61 | DISPLAY_BOT_R_PLATE_R_TOP_TIE: max_gap=0.0000mm mean=0.0000mm n=61

[PNG] Deformed shape saved: D:\PythonCodeStudy\WHT_DispFoldSolver\examples\dbg2_a.png
----------------------------------------------------------------------------------------------------
Step 15 | Attempting time increment: dt = 0.01000s (t: 0.1325s -> 0.1425s)
----------------------------------------------------------------------------------------------------

  Nonlinear Iteration Summary (Newton-Raphson)
  ==========================================================================================================================
  Time increment dt: 1.000e-02
  Convergence Tol  : 1.0e-02 (Disp Ratio)     Max Iterations: 50
  --------------------------------------------------------------------------------------------------------------------------
  Iter   Max Res.Force  (Node/DOF)    Max Disp.Corr  (Node/DOF)    Max Disp.Incr  Disp.Ratio  Energy.Err  LS.alpha  TieNodes
  --------------------------------------------------------------------------------------------------------------------------
     1    6.3548e+02  N143(UY)       6.4736e-04  N5321(UY)      2.5584e-01     4.85e-04    1.56e+01      1.00       122
     2    2.9641e-02  N1(UY)         9.0874e-05  N855(UY)       2.5584e-01     4.88e-05    3.36e-08      1.00       122
  ---------------------------------------------------------------------------------------------------------------------
  => Increment Converged. (Time: 16.69 s)

     1    15     1       0       1     0.1425     0.0100     0.0100
[ALPHA] max|a|=4.6704e-02 (clamp 0.5)  mean|a|(nonzero)=1.139e-04  frac elems >0.9*clamp=0.000%

  [MONITOR] Step  15 | Time 0.1425s / 1.0s ( 14.2%)
            Fold Angle: Target +-  2.08deg | Actual [-2.08deg, +2.08deg]
            Plate Tips Y: Left= +0.90mm | Right= +0.90mm | Max Disp=  1.40mm
            Newton Iters:  1 | dt: 0.01000s
            [DIAGNOSTIC] display/plate max|u| ratio=1.0000 (display=1.401mm, plate=0.000mm)
            [DIAGNOSTIC] Real tie gap (not just active-pair count): DISPLAY_BOT_L_PLATE_L_TOP_TIE: max_gap=0.0000mm mean=0.0000mm n=61 | DISPLAY_BOT_R_PLATE_R_TOP_TIE: max_gap=0.0000mm mean=0.0000mm n=61

[PNG] Deformed shape saved: D:\PythonCodeStudy\WHT_DispFoldSolver\examples\dbg2_a.png
----------------------------------------------------------------------------------------------------
Step 16 | Attempting time increment: dt = 0.01000s (t: 0.1425s -> 0.1525s)
----------------------------------------------------------------------------------------------------

  Nonlinear Iteration Summary (Newton-Raphson)
  ==========================================================================================================================
  Time increment dt: 1.000e-02
  Convergence Tol  : 1.0e-02 (Disp Ratio)     Max Iterations: 50
  --------------------------------------------------------------------------------------------------------------------------
  Iter   Max Res.Force  (Node/DOF)    Max Disp.Corr  (Node/DOF)    Max Disp.Incr  Disp.Ratio  Energy.Err  LS.alpha  TieNodes
  --------------------------------------------------------------------------------------------------------------------------
     1    5.9047e+02  N143(UY)       4.2865e-04  N145(UY)       2.8761e-01     3.09e-04    1.35e+01      1.00       122
     2    3.5973e-02  N1(UY)         5.4084e-05  N5318(UY)      2.8761e-01     2.71e-05    4.94e-08      1.00       122
  ---------------------------------------------------------------------------------------------------------------------
  => Increment Converged. (Time: 16.11 s)

     1    16     1       0       1     0.1525     0.0100     0.0100
[ALPHA] max|a|=5.2891e-02 (clamp 0.5)  mean|a|(nonzero)=1.525e-04  frac elems >0.9*clamp=0.000%

  [MONITOR] Step  16 | Time 0.1525s / 1.0s ( 15.2%)
            Fold Angle: Target +-  2.51deg | Actual [-2.51deg, +2.51deg]
            Plate Tips Y: Left= +1.19mm | Right= +1.19mm | Max Disp=  1.69mm
            Newton Iters:  1 | dt: 0.01000s
            [DIAGNOSTIC] display/plate max|u| ratio=1.0000 (display=1.689mm, plate=0.000mm)
            [DIAGNOSTIC] Real tie gap (not just active-pair count): DISPLAY_BOT_L_PLATE_L_TOP_TIE: max_gap=0.0000mm mean=0.0000mm n=61 | DISPLAY_BOT_R_PLATE_R_TOP_TIE: max_gap=0.0000mm mean=0.0000mm n=61

[PNG] Deformed shape saved: D:\PythonCodeStudy\WHT_DispFoldSolver\examples\dbg2_a.png
----------------------------------------------------------------------------------------------------
Step 17 | Attempting time increment: dt = 0.01000s (t: 0.1525s -> 0.1625s)
----------------------------------------------------------------------------------------------------

  Nonlinear Iteration Summary (Newton-Raphson)
  ==========================================================================================================================
  Time increment dt: 1.000e-02
  Convergence Tol  : 1.0e-02 (Disp Ratio)     Max Iterations: 50
  --------------------------------------------------------------------------------------------------------------------------
  Iter   Max Res.Force  (Node/DOF)    Max Disp.Corr  (Node/DOF)    Max Disp.Incr  Disp.Ratio  Energy.Err  LS.alpha  TieNodes
  --------------------------------------------------------------------------------------------------------------------------
     1    4.9670e+02  N143(UY)       3.3916e-04  N145(UY)       3.2035e-01     1.86e-04    9.68e+00      1.00       122
     2    4.1175e-02  N1(UY)         7.0957e-05  N652(UY)       3.2035e-01     2.09e-05    6.51e-08      1.00       122
  ---------------------------------------------------------------------------------------------------------------------
  => Increment Converged. (Time: 17.65 s)

     1    17     1       0       1     0.1625     0.0100     0.0100
[ALPHA] max|a|=5.8376e-02 (clamp 0.5)  mean|a|(nonzero)=1.958e-04  frac elems >0.9*clamp=0.000%

  [MONITOR] Step  17 | Time 0.1625s / 1.0s ( 16.2%)
            Fold Angle: Target +-  2.98deg | Actual [-2.98deg, +2.98deg]
            Plate Tips Y: Left= +1.51mm | Right= +1.51mm | Max Disp=  2.01mm
            Newton Iters:  1 | dt: 0.01000s
            [DIAGNOSTIC] display/plate max|u| ratio=1.0000 (display=2.009mm, plate=0.000mm)
            [DIAGNOSTIC] Real tie gap (not just active-pair count): DISPLAY_BOT_L_PLATE_L_TOP_TIE: max_gap=0.0000mm mean=0.0000mm n=61 | DISPLAY_BOT_R_PLATE_R_TOP_TIE: max_gap=0.0000mm mean=0.0000mm n=61

[PNG] Deformed shape saved: D:\PythonCodeStudy\WHT_DispFoldSolver\examples\dbg2_a.png
----------------------------------------------------------------------------------------------------
Step 18 | Attempting time increment: dt = 0.01000s (t: 0.1625s -> 0.1725s)
----------------------------------------------------------------------------------------------------

  Nonlinear Iteration Summary (Newton-Raphson)
  ==========================================================================================================================
  Time increment dt: 1.000e-02
  Convergence Tol  : 1.0e-02 (Disp Ratio)     Max Iterations: 50
  --------------------------------------------------------------------------------------------------------------------------
  Iter   Max Res.Force  (Node/DOF)    Max Disp.Corr  (Node/DOF)    Max Disp.Incr  Disp.Ratio  Energy.Err  LS.alpha  TieNodes
  --------------------------------------------------------------------------------------------------------------------------
     1    5.4315e+02  N1(UX)         3.4817e-04  N144(UX)       3.5389e-01     1.40e-04    7.97e+00      1.00       122
     2    5.5705e-02  N144(UY)       2.5045e-04  N652(UY)       3.5389e-01     6.92e-05    1.21e-07      1.00       122
  ---------------------------------------------------------------------------------------------------------------------
  => Increment Converged. (Time: 16.85 s)

     1    18     1       0       1     0.1725     0.0100     0.0100
[ALPHA] max|a|=8.1360e-02 (clamp 0.5)  mean|a|(nonzero)=2.451e-04  frac elems >0.9*clamp=0.000%

  [MONITOR] Step  18 | Time 0.1725s / 1.0s ( 17.2%)
            Fold Angle: Target +-  3.51deg | Actual [-3.51deg, +3.51deg]
            Plate Tips Y: Left= +1.86mm | Right= +1.86mm | Max Disp=  2.36mm
            Newton Iters:  1 | dt: 0.01000s
            [DIAGNOSTIC] display/plate max|u| ratio=1.0000 (display=2.363mm, plate=0.000mm)
            [DIAGNOSTIC] Real tie gap (not just active-pair count): DISPLAY_BOT_L_PLATE_L_TOP_TIE: max_gap=0.0000mm mean=0.0000mm n=61 | DISPLAY_BOT_R_PLATE_R_TOP_TIE: max_gap=0.0000mm mean=0.0000mm n=61

[PNG] Deformed shape saved: D:\PythonCodeStudy\WHT_DispFoldSolver\examples\dbg2_a.png
----------------------------------------------------------------------------------------------------
Step 19 | Attempting time increment: dt = 0.01000s (t: 0.1725s -> 0.1825s)
----------------------------------------------------------------------------------------------------

  Nonlinear Iteration Summary (Newton-Raphson)
  ==========================================================================================================================
  Time increment dt: 1.000e-02
  Convergence Tol  : 1.0e-02 (Disp Ratio)     Max Iterations: 50
  --------------------------------------------------------------------------------------------------------------------------
  Iter   Max Res.Force  (Node/DOF)    Max Disp.Corr  (Node/DOF)    Max Disp.Incr  Disp.Ratio  Energy.Err  LS.alpha  TieNodes
  --------------------------------------------------------------------------------------------------------------------------
     1    6.0130e+02  N1(UX)         3.8545e-04  N144(UX)       3.8820e-01     1.13e-04    5.91e+00      1.00       122
     2    7.6591e-02  N144(UY)       4.5703e-04  N651(UY)       3.8820e-01     1.11e-04    2.33e-07      1.00       122
  ---------------------------------------------------------------------------------------------------------------------
  => Increment Converged. (Time: 16.86 s)

     1    19     1       0       1     0.1825     0.0100     0.0100
[ALPHA] max|a|=1.1005e-01 (clamp 0.5)  mean|a|(nonzero)=3.084e-04  frac elems >0.9*clamp=0.000%

  [MONITOR] Step  19 | Time 0.1825s / 1.0s ( 18.3%)
            Fold Angle: Target +-  4.08deg | Actual [-4.08deg, +4.08deg]
            Plate Tips Y: Left= +2.25mm | Right= +2.25mm | Max Disp=  2.75mm
            Newton Iters:  1 | dt: 0.01000s
            [DIAGNOSTIC] display/plate max|u| ratio=1.0000 (display=2.751mm, plate=0.000mm)
            [DIAGNOSTIC] Real tie gap (not just active-pair count): DISPLAY_BOT_L_PLATE_L_TOP_TIE: max_gap=0.0000mm mean=0.0000mm n=61 | DISPLAY_BOT_R_PLATE_R_TOP_TIE: max_gap=0.0000mm mean=0.0000mm n=61

[PNG] Deformed shape saved: D:\PythonCodeStudy\WHT_DispFoldSolver\examples\dbg2_a.png
----------------------------------------------------------------------------------------------------
Step 20 | Attempting time increment: dt = 0.01000s (t: 0.1825s -> 0.1925s)
----------------------------------------------------------------------------------------------------

  Nonlinear Iteration Summary (Newton-Raphson)
  ==========================================================================================================================
  Time increment dt: 1.000e-02
  Convergence Tol  : 1.0e-02 (Disp Ratio)     Max Iterations: 50
  --------------------------------------------------------------------------------------------------------------------------
  Iter   Max Res.Force  (Node/DOF)    Max Disp.Corr  (Node/DOF)    Max Disp.Incr  Disp.Ratio  Energy.Err  LS.alpha  TieNodes
  --------------------------------------------------------------------------------------------------------------------------
     1    6.5768e+02  N1(UX)         4.2160e-04  N144(UX)       4.2308e-01     9.44e-05    4.86e+00      1.00       122
     2    1.1377e-01  N144(UY)       5.8468e-04  N62(UX)        4.2308e-01     1.20e-04    5.50e-07      1.00       122
  ---------------------------------------------------------------------------------------------------------------------
  => Increment Converged. (Time: 11.88 s)

     1    20     1       0       1     0.1925     0.0100     0.0100
[ALPHA] max|a|=1.4199e-01 (clamp 0.5)  mean|a|(nonzero)=3.934e-04  frac elems >0.9*clamp=0.000%

  [MONITOR] Step  20 | Time 0.1925s / 1.0s ( 19.3%)
            Fold Angle: Target +-  4.71deg | Actual [-4.71deg, +4.71deg]
            Plate Tips Y: Left= +2.67mm | Right= +2.67mm | Max Disp=  3.17mm
            Newton Iters:  1 | dt: 0.01000s
            [DIAGNOSTIC] display/plate max|u| ratio=1.0000 (display=3.174mm, plate=0.000mm)
            [DIAGNOSTIC] Real tie gap (not just active-pair count): DISPLAY_BOT_L_PLATE_L_TOP_TIE: max_gap=0.0000mm mean=0.0000mm n=61 | DISPLAY_BOT_R_PLATE_R_TOP_TIE: max_gap=0.0000mm mean=0.0000mm n=61
            [DIAGNOSTIC] Hinge curvature: max_curv_ratio=3.44 kink_detected=False

[PNG] Deformed shape saved: D:\PythonCodeStudy\WHT_DispFoldSolver\examples\dbg2_a.png
----------------------------------------------------------------------------------------------------
Step 21 | Attempting time increment: dt = 0.01000s (t: 0.1925s -> 0.2025s)
----------------------------------------------------------------------------------------------------

  Nonlinear Iteration Summary (Newton-Raphson)
  ==========================================================================================================================
  Time increment dt: 1.000e-02
  Convergence Tol  : 1.0e-02 (Disp Ratio)     Max Iterations: 50
  --------------------------------------------------------------------------------------------------------------------------
  Iter   Max Res.Force  (Node/DOF)    Max Disp.Corr  (Node/DOF)    Max Disp.Incr  Disp.Ratio  Energy.Err  LS.alpha  TieNodes
  --------------------------------------------------------------------------------------------------------------------------
     1    7.1126e+02  N1(UX)         2.3266e-03  N83(UX)        4.5845e-01     4.20e-04    3.87e+00      1.00       122
     2    1.6772e-01  N2(UY)         1.0281e-01  N83(UX)        4.5847e-01     4.51e-03    1.41e-04      1.00       122
  ---------------------------------------------------------------------------------------------------------------------
  => Increment Converged. (Time: 10.52 s)
  Mesh quality NOTICE: min det(J)=2.332e-01 ? approaching inversion threshold (4 elements warped)

     1    21     1       0       1     0.2025     0.0100     0.0100
[ALPHA] max|a|=4.9999e-01 (clamp 0.5)  mean|a|(nonzero)=9.601e-04  frac elems >0.9*clamp=0.016%

  [MONITOR] Step  21 | Time 0.2025s / 1.0s ( 20.3%)
            Fold Angle: Target +-  5.39deg | Actual [-5.39deg, +5.39deg]
            Plate Tips Y: Left= +3.13mm | Right= +3.13mm | Max Disp=  3.63mm
            Newton Iters:  1 | dt: 0.01000s
            [DIAGNOSTIC] display/plate max|u| ratio=1.0000 (display=3.632mm, plate=0.000mm)
            [DIAGNOSTIC] Real tie gap (not just active-pair count): DISPLAY_BOT_L_PLATE_L_TOP_TIE: max_gap=0.0000mm mean=0.0000mm n=61 | DISPLAY_BOT_R_PLATE_R_TOP_TIE: max_gap=0.0000mm mean=0.0000mm n=61

[PNG] Deformed shape saved: D:\PythonCodeStudy\WHT_DispFoldSolver\examples\dbg2_a.png
----------------------------------------------------------------------------------------------------
Step 22 | Attempting time increment: dt = 0.01000s (t: 0.2025s -> 0.2125s)
----------------------------------------------------------------------------------------------------

  Nonlinear Iteration Summary (Newton-Raphson)
  ==========================================================================================================================
  Time increment dt: 1.000e-02
  Convergence Tol  : 1.0e-02 (Disp Ratio)     Max Iterations: 50
  --------------------------------------------------------------------------------------------------------------------------
  Iter   Max Res.Force  (Node/DOF)    Max Disp.Corr  (Node/DOF)    Max Disp.Incr  Disp.Ratio  Energy.Err  LS.alpha  TieNodes
  --------------------------------------------------------------------------------------------------------------------------
     1    1.7862e+05  N285(UX)       1.8197e-02  N5340(UY)      4.9500e-01     2.32e-02    1.87e+02      0.12       122
  [DIAGNOSTIC] Line search collapsed at iter 2. Inspecting element quality on trial step:

[DEBUG] Element inversion detected in element indexes: [56, 57, 72, 73, 74, 82, 83, 84, 266, 267, 268, 269, 270, 271, 272, 275, 276, 277, 284, 477, 479, 671, 672, 673, 674, 675, 677, 681, 808, 809, 813, 863, 864, 865, 866, 867, 868, 869, 870, 871, 872, 873, 874, 875, 876, 877, 878, 879, 880, 881, 882, 883, 884, 892, 893, 1677, 1678, 1679, 1680, 1681, 1683, 1684, 1685, 1686, 1687, 1688, 1690, 1691, 1692, 1694, 1695, 2482, 2483, 2484, 2485, 2486, 2487, 2488, 2489, 2490, 2491, 2492, 2493, 2494, 2495, 2496, 2497, 2498, 2499, 2500, 2501, 3292, 3293, 3294, 3295, 3296, 3297, 3298, 3299, 3300, 3301, 3302, 3303, 3304, 3305, 3306, 3307, 3308, 3309, 4100, 4101, 4102, 4103, 4104, 4105, 4106, 4107, 4108, 4109, 4110, 4111, 4112, 4113, 4114, 4115, 4116, 4117, 4118, 4869, 4870, 4871, 4872, 4873, 4874, 4875, 4876, 4877, 4878, 4879, 4880, 4881, 4882, 4909, 4910, 4911, 4912, 4913, 4914, 4915, 4916, 4917, 4918, 4919, 4920, 4921, 4922, 4923, 4924, 4925]
  Element ID: 57 (index 56, pid 1)
    detF: [0.6543670762845885, -1.5506107268546903, -1.5420851243034208, 0.6628926788358548]
    Nodes connectivity: [57, 58, 202, 201]
      Node 57: initial=[-14.0, 0.0], current=[-13.995888822687409, 1.3332287322030991], u=[0.004111177312592075, 1.3332287322030991]
      Node 58: initial=[-13.5, 0.0], current=[-13.496052073284702, 1.2803226239313867], u=[0.003947926715298202, 1.2803226239313867]
      Node 202: initial=[-13.5, 0.03], current=[-13.507660247324484, 1.210703903820252], u=[-0.007660247324483565, 1.180703903820252]
      Node 201: initial=[-14.0, 0.03], current=[-13.985591734355685, 1.3759028390065666], u=[0.01440826564431523, 1.3459028390065666]
  Element ID: 58 (index 57, pid 1)
    detF: [-2.1704792412702942, -0.7737963926423786, -0.6075998022441068, -2.0042826508720313]
    Nodes connectivity: [58, 59, 203, 202]
      Node 58: initial=[-13.5, 0.0], current=[-13.496052073284702, 1.2803226239313867], u=[0.003947926715298202, 1.2803226239313867]
      Node 59: initial=[-13.0, 0.0], current=[-12.91969383197087, 1.1930850277470266], u=[0.0803061680291304, 1.1930850277470266]
      Node 203: initial=[-13.0, 0.03], current=[-12.981558247879493, 1.1940320003887879], u=[0.018441752120506732, 1.1640320003887878]
      Node 202: initial=[-13.5, 0.03], current=[-13.507660247324484, 1.210703903820252], u=[-0.007660247324483565, 1.180703903820252]
  Element ID: 73 (index 72, pid 1)
    detF: [-507.40836981795144, -2082.331355098697, -2074.8766411565125, -499.9536558757713]
    Nodes connectivity: [74, 75, 278, 277]
      Node 74: initial=[7.75, 0.0], current=[7.670217541134801, 0.7662879277904724], u=[-0.0797824588651987, 0.7662879277904724]
      Node 75: initial=[8.0, 0.0], current=[9.482235073371358, -4.788546095513872], u=[1.4822350733713583, -4.788546095513872]
      Node 278: initial=[8.0, 0.03], current=[6.31558997924368, -6.097156793090796], u=[-1.68441002075632, -6.127156793090796]
      Node 277: initial=[7.75, 0.03], current=[7.7579207072237955, 0.7719499852817212], u=[0.007920707223795138, 0.7419499852817212]
  Element ID: 74 (index 73, pid 1)
    detF: [1646.9195383274377, -119.61253728051568, -266.04517561197616, 1500.4868999959776]
    Nodes connectivity: [75, 76, 279, 278]
      Node 75: initial=[8.0, 0.0], current=[9.482235073371358, -4.788546095513872], u=[1.4822350733713583, -4.788546095513872]
      Node 76: initial=[8.25, 0.0], current=[7.210119181964525, -0.1685038884491873], u=[-1.0398808180354753, -0.1685038884491873]
      Node 279: initial=[8.25, 0.03], current=[8.417072972019364, -0.27043609756386144], u=[0.1670729720193644, -0.30043609756386147]
      Node 278: initial=[8.0, 0.03], current=[6.31558997924368, -6.097156793090796], u=[-1.68441002075632, -6.127156793090796]
  Element ID: 75 (index 74, pid 1)
    detF: [424.6995667116495, 88.14996359271828, -313.2184514663485, 23.331151652583515]
    Nodes connectivity: [76, 77, 280, 279]
      Node 76: initial=[8.25, 0.0], current=[7.210119181964525, -0.1685038884491873], u=[-1.0398808180354753, -0.1685038884491873]
      Node 77: initial=[8.5, 0.0], current=[8.875796593523635, -4.626635199798835], u=[0.3757965935236341, -4.626635199798835]
      Node 280: initial=[8.5, 0.03], current=[7.403516489070318, -0.18238765407754723], u=[-1.0964835109296815, -0.21238765407754723]
      Node 279: initial=[8.25, 0.03], current=[8.417072972019364, -0.27043609756386144], u=[0.1670729720193644, -0.30043609756386147]

  *** ERROR: Line search failed to resolve residual explosion at iteration 2.
     1    22     1       0      50     0.2025     0.0000     0.0100   *** CUTBACK: line search collapsed (residual explosion) (Retrying step with smaller dt & target angle) ***
[ALPHA] max|a|=5.0000e-01 (clamp 0.5)  mean|a|(nonzero)=1.703e-02  frac elems >0.9*clamp=0.296%
  *** STEP 22 FAILED (conv=-50, cutback 1/20). Cutting back dt to 0.00500s ***

----------------------------------------------------------------------------------------------------
Step 22 | Attempting time increment: dt = 0.00500s (t: 0.2025s -> 0.2075s)
----------------------------------------------------------------------------------------------------

  Nonlinear Iteration Summary (Newton-Raphson)
  ==========================================================================================================================
  Time increment dt: 5.000e-03
  Convergence Tol  : 1.0e-02 (Disp Ratio)     Max Iterations: 50
  --------------------------------------------------------------------------------------------------------------------------
  Iter   Max Res.Force  (Node/DOF)    Max Disp.Corr  (Node/DOF)    Max Disp.Incr  Disp.Ratio  Energy.Err  LS.alpha  TieNodes
  --------------------------------------------------------------------------------------------------------------------------
  [DIAGNOSTIC] Line search collapsed at iter 1. Inspecting element quality on trial step:

[DEBUG] Element inversion detected in element indexes: [71, 72, 73, 74, 75, 77, 78, 79, 887, 888]
  Element ID: 72 (index 71, pid 1)
    detF: [1.8778847843941417, 0.08614143146177854, -0.23793408939873573, 1.553809263533632]
    Nodes connectivity: [73, 74, 277, 276]
      Node 73: initial=[7.5, 0.0], current=[7.324790534262921, 1.4277794247023208], u=[-0.17520946573707905, 1.4277794247023208]
      Node 74: initial=[7.75, 0.0], current=[7.806170786692795, 1.4581734190310562], u=[0.056170786692795, 1.4581734190310562]
      Node 277: initial=[7.75, 0.03], current=[7.685227236953697, 1.4435094924892238], u=[-0.06477276304630286, 1.4135094924892238]
      Node 276: initial=[7.5, 0.03], current=[7.436916752199514, 1.4761827925794204], u=[-0.06308324780048595, 1.4461827925794204]
  Element ID: 73 (index 72, pid 1)
    detF: [-1.0432955654213703, 2.26019087292578, 3.1891067971555764, -0.11437964119157462]
    Nodes connectivity: [74, 75, 278, 277]
      Node 74: initial=[7.75, 0.0], current=[7.806170786692795, 1.4581734190310562], u=[0.056170786692795, 1.4581734190310562]
      Node 75: initial=[8.0, 0.0], current=[7.768885772913004, 1.2928879419219845], u=[-0.23111422708699575, 1.2928879419219845]
      Node 278: initial=[8.0, 0.03], current=[7.938015686718622, 1.4131678616770837], u=[-0.06198431328137881, 1.3831678616770837]
      Node 277: initial=[7.75, 0.03], current=[7.685227236953697, 1.4435094924892238], u=[-0.06477276304630286, 1.4135094924892238]
  Element ID: 74 (index 73, pid 1)
    detF: [4.175151410698065, -0.9675333023639174, -2.033201295422722, 3.10948341763923]
    Nodes connectivity: [75, 76, 279, 278]
      Node 75: initial=[8.0, 0.0], current=[7.768885772913004, 1.2928879419219845], u=[-0.23111422708699575, 1.2928879419219845]
      Node 76: initial=[8.25, 0.0], current=[8.443460620851521, 1.486709727881078], u=[0.19346062085152038, 1.486709727881078]
      Node 279: initial=[8.25, 0.03], current=[8.185820111352257, 1.3853347190928271], u=[-0.06417988864774252, 1.355334719092827]
      Node 278: initial=[8.0, 0.03], current=[7.938015686718622, 1.4131678616770837], u=[-0.06198431328137881, 1.3831678616770837]
  Element ID: 75 (index 74, pid 1)
    detF: [-6.047907368363162, 4.267937556198099, 8.42095792912092, -1.8948869954403902]
    Nodes connectivity: [76, 77, 280, 279]
      Node 76: initial=[8.25, 0.0], current=[8.443460620851521, 1.486709727881078], u=[0.19346062085152038, 1.486709727881078]
      Node 77: initial=[8.5, 0.0], current=[8.030217847789796, 0.9938851047990147], u=[-0.46978215221020364, 0.9938851047990147]
      Node 280: initial=[8.5, 0.03], current=[8.440423334581459, 1.3646882141196366], u=[-0.059576665418541626, 1.3346882141196366]
      Node 279: initial=[8.25, 0.03], current=[8.185820111352257, 1.3853347190928271], u=[-0.06417988864774252, 1.355334719092827]
  Element ID: 76 (index 75, pid 1)
    detF: [12.96152497164288, -4.469218954414105, -8.125830195131499, 9.30491373092546]
    Nodes connectivity: [77, 78, 281, 280]
      Node 77: initial=[8.5, 0.0], current=[8.030217847789796, 0.9938851047990147], u=[-0.46978215221020364, 0.9938851047990147]
      Node 78: initial=[9.0, 0.0], current=[9.601416293488805, 1.6579541820701855], u=[0.6014162934888052, 1.6579541820701855]
      Node 281: initial=[9.0, 0.03], current=[8.931566797176153, 1.284042242416552], u=[-0.06843320282384753, 1.254042242416552]
      Node 280: initial=[8.5, 0.03], current=[8.440423334581459, 1.3646882141196366], u=[-0.059576665418541626, 1.3346882141196366]

  *** ERROR: Line search failed to resolve residual explosion at iteration 1.
     1    22     2       0      50     0.2025     0.0000     0.0050   *** CUTBACK: line search collapsed (residual explosion) (Retrying step with smaller dt & target angle) ***
[ALPHA] max|a|=4.9952e-01 (clamp 0.5)  mean|a|(nonzero)=2.645e-03  frac elems >0.9*clamp=0.016%
  *** STEP 22 FAILED (conv=-50, cutback 1/20). Cutting back dt to 0.00250s ***

----------------------------------------------------------------------------------------------------
Step 22 | Attempting time increment: dt = 0.00250s (t: 0.2025s -> 0.2050s)
----------------------------------------------------------------------------------------------------

  Nonlinear Iteration Summary (Newton-Raphson)
  ==========================================================================================================================
  Time increment dt: 2.500e-03
  Convergence Tol  : 1.0e-02 (Disp Ratio)     Max Iterations: 50
  --------------------------------------------------------------------------------------------------------------------------
  Iter   Max Res.Force  (Node/DOF)    Max Disp.Corr  (Node/DOF)    Max Disp.Incr  Disp.Ratio  Energy.Err  LS.alpha  TieNodes
  --------------------------------------------------------------------------------------------------------------------------
  [DIAGNOSTIC] Line search collapsed at iter 1. Inspecting element quality on trial step:

[DEBUG] Element inversion detected in element indexes: [74, 75, 77, 78, 79, 887, 888]
  Element ID: 75 (index 74, pid 1)
    detF: [-0.44950199694887716, 2.2532805469726123, 3.170306653655234, 0.4675241097337251]
    Nodes connectivity: [76, 77, 280, 279]
      Node 76: initial=[8.25, 0.0], current=[8.307944128053286, 0.7555443054384468], u=[0.05794412805328594, 0.7555443054384468]
      Node 77: initial=[8.5, 0.0], current=[8.31670509352648, 0.6172855861218967], u=[-0.18329490647352034, 0.6172855861218967]
      Node 280: initial=[8.5, 0.03], current=[8.465285794447645, 0.7610218374676687], u=[-0.0347142055523554, 0.7310218374676687]
      Node 279: initial=[8.25, 0.03], current=[8.212460190728892, 0.743349016018631], u=[-0.037539809271108095, 0.713349016018631]
  Element ID: 76 (index 75, pid 1)
    detF: [3.965003028438815, -0.3858642615996333, -1.1525675756986924, 3.198299714339754]
    Nodes connectivity: [77, 78, 281, 280]
      Node 77: initial=[8.5, 0.0], current=[8.31670509352648, 0.6172855861218967], u=[-0.18329490647352034, 0.6172855861218967]
      Node 78: initial=[9.0, 0.0], current=[9.205480692212813, 0.8876895784673136], u=[0.2054806922128124, 0.8876895784673136]
      Node 281: initial=[9.0, 0.03], current=[8.960108888944573, 0.7843835186809367], u=[-0.03989111105542681, 0.7543835186809367]
      Node 280: initial=[8.5, 0.03], current=[8.465285794447645, 0.7610218374676687], u=[-0.0347142055523554, 0.7310218374676687]
  Element ID: 78 (index 77, pid 1)
    detF: [4.986696587431747, -1.1364902541718065, 1.0562818034479013, 7.1794686450514895]
    Nodes connectivity: [79, 80, 283, 282]
      Node 79: initial=[9.5, 0.0], current=[7.717312758476091, 0.6300896402239928], u=[-1.7826872415239088, 0.6300896402239928]
      Node 80: initial=[10.0, 0.0], current=[9.838765554642102, 0.7231005711064595], u=[-0.16123444535789816, 0.7231005711064595]
      Node 283: initial=[10.0, 0.03], current=[9.959548855969105, 0.6988384381835584], u=[-0.04045114403089549, 0.6688384381835584]
      Node 282: initial=[9.5, 0.03], current=[9.459081464514856, 0.7518851630300033], u=[-0.04091853548514426, 0.7218851630300033]
  Element ID: 79 (index 78, pid 1)
    detF: [-4.6331623598564855, -6.33342184089488, -5.4037284303550654, -3.7034689493166657]
    Nodes connectivity: [80, 81, 284, 283]
      Node 80: initial=[10.0, 0.0], current=[9.838765554642102, 0.7231005711064595], u=[-0.16123444535789816, 0.7231005711064595]
      Node 81: initial=[10.5, 0.0], current=[10.551797986001075, 1.1202336672085464], u=[0.051797986001074894, 1.1202336672085464]
      Node 284: initial=[10.5, 0.03], current=[10.490448663545948, 0.9325779426787616], u=[-0.009551336454051448, 0.9025779426787616]
      Node 283: initial=[10.0, 0.03], current=[9.959548855969105, 0.6988384381835584], u=[-0.04045114403089549, 0.6688384381835584]
  Element ID: 80 (index 79, pid 1)
    detF: [-0.5983416125798511, 14.93832872624678, 15.856219292633998, 0.31954895380735765]
    Nodes connectivity: [81, 82, 285, 284]
      Node 81: initial=[10.5, 0.0], current=[10.551797986001075, 1.1202336672085464], u=[0.051797986001074894, 1.1202336672085464]
      Node 82: initial=[11.0, 0.0], current=[10.84939397190728, 0.4116464882790899], u=[-0.1506060280927202, 0.4116464882790899]
      Node 285: initial=[11.0, 0.03], current=[10.965929854157137, 1.1568237785794988], u=[-0.034070145842863796, 1.1268237785794988]
      Node 284: initial=[10.5, 0.03], current=[10.490448663545948, 0.9325779426787616], u=[-0.009551336454051448, 0.9025779426787616]

  *** ERROR: Line search failed to resolve residual explosion at iteration 1.
     1    22     3       0      50     0.2025     0.0000     0.0025   *** CUTBACK: line search collapsed (residual explosion) (Retrying step with smaller dt & target angle) ***
[ALPHA] max|a|=5.0000e-01 (clamp 0.5)  mean|a|(nonzero)=2.000e-03  frac elems >0.9*clamp=0.049%
  *** STEP 22 FAILED (conv=-50, cutback 1/20). Cutting back dt to 0.00125s ***

----------------------------------------------------------------------------------------------------
Step 22 | Attempting time increment: dt = 0.00125s (t: 0.2025s -> 0.2038s)
----------------------------------------------------------------------------------------------------

  Nonlinear Iteration Summary (Newton-Raphson)
  ==========================================================================================================================
  Time increment dt: 1.250e-03
  Convergence Tol  : 1.0e-02 (Disp Ratio)     Max Iterations: 50
  --------------------------------------------------------------------------------------------------------------------------
  Iter   Max Res.Force  (Node/DOF)    Max Disp.Corr  (Node/DOF)    Max Disp.Incr  Disp.Ratio  Energy.Err  LS.alpha  TieNodes
  --------------------------------------------------------------------------------------------------------------------------
  [DIAGNOSTIC] Line search collapsed at iter 1. Inspecting element quality on trial step:

[DEBUG] Element inversion detected in element indexes: [74, 75, 78, 79, 887, 888]
  Element ID: 75 (index 74, pid 1)
    detF: [-0.12281874156470518, 2.069622204918513, 2.7799462204620804, 0.5875052739788523]
    Nodes connectivity: [76, 77, 280, 279]
      Node 76: initial=[8.25, 0.0], current=[8.298074126868785, 0.6950057201595484], u=[0.048074126868785746, 0.6950057201595484]
      Node 77: initial=[8.5, 0.0], current=[8.348998874493038, 0.5859052775455881], u=[-0.15100112550696165, 0.5859052775455881]
      Node 280: initial=[8.5, 0.03], current=[8.471176894982884, 0.7088550038892347], u=[-0.028823105017115207, 0.6788550038892347]
      Node 279: initial=[8.25, 0.03], current=[8.218647387522546, 0.6906013581544415], u=[-0.031352612477453246, 0.6606013581544414]
  Element ID: 76 (index 75, pid 1)
    detF: [3.3430760057581894, -0.16575493344527592, -0.7457855134665596, 2.7630454257369146]
    Nodes connectivity: [77, 78, 281, 280]
      Node 77: initial=[8.5, 0.0], current=[8.348998874493038, 0.5859052775455881], u=[-0.15100112550696165, 0.5859052775455881]
      Node 78: initial=[9.0, 0.0], current=[9.167986321470913, 0.8158871880143387], u=[0.16798632147091244, 0.8158871880143387]
      Node 281: initial=[9.0, 0.03], current=[8.966730619502764, 0.7367019391030688], u=[-0.033269380497235754, 0.7067019391030688]
      Node 280: initial=[8.5, 0.03], current=[8.471176894982884, 0.7088550038892347], u=[-0.028823105017115207, 0.6788550038892347]
  Element ID: 79 (index 78, pid 1)
    detF: [-3.7370024661051424, -5.438029008309572, -4.679453604205778, -2.978427062001341]
    Nodes connectivity: [80, 81, 284, 283]
      Node 80: initial=[10.0, 0.0], current=[9.852835932222481, 0.6902284553846981], u=[-0.14716406777751845, 0.6902284553846981]
      Node 81: initial=[10.5, 0.0], current=[10.554558043060958, 1.0760074988307873], u=[0.05455804306095718, 1.0760074988307873]
      Node 284: initial=[10.5, 0.03], current=[10.494465674705365, 0.9074835751665216], u=[-0.005534325294634846, 0.8774835751665215]
      Node 283: initial=[10.0, 0.03], current=[9.966139184786117, 0.6800098793815523], u=[-0.03386081521388232, 0.6500098793815523]
  Element ID: 80 (index 79, pid 1)
    detF: [-0.48441148078566887, 13.595499169129065, 14.443030228682456, 0.36311957876771633]
    Nodes connectivity: [81, 82, 285, 284]
      Node 81: initial=[10.5, 0.0], current=[10.554558043060958, 1.0760074988307873], u=[0.05455804306095718, 1.0760074988307873]
      Node 82: initial=[11.0, 0.0], current=[10.86076819560623, 0.4499749416837373], u=[-0.13923180439377042, 0.4499749416837373]
      Node 285: initial=[11.0, 0.03], current=[10.971478357631453, 1.1268797608678123], u=[-0.028521642368546853, 1.0968797608678122]
      Node 284: initial=[10.5, 0.03], current=[10.494465674705365, 0.9074835751665216], u=[-0.005534325294634846, 0.8774835751665215]
  Element ID: 888 (index 887, pid 3)
    detF: [-0.2856061249321093, -1.5430074396287028, -1.4080754238769668, -0.15067410918037238]
    Nodes connectivity: [893, 894, 1097, 1096]
      Node 893: initial=[10.5, 0.09], current=[10.436138208877418, 0.9653578434614535], u=[-0.06386179112258247, 0.8753578434614535]
      Node 894: initial=[11.0, 0.09], current=[10.98171523562258, 1.1853182636362385], u=[-0.01828476437741907, 1.0953182636362384]
      Node 1097: initial=[11.0, 0.12], current=[10.987686234158419, 1.131290752680226], u=[-0.012313765841581597, 1.011290752680226]
      Node 1096: initial=[10.5, 0.12], current=[10.497892180391991, 0.993698702892063], u=[-0.0021078196080095016, 0.873698702892063]

  *** ERROR: Line search failed to resolve residual explosion at iteration 1.
     1    22     4       0      50     0.2025     0.0000     0.0013   *** CUTBACK: line search collapsed (residual explosion) (Retrying step with smaller dt & target angle) ***
[ALPHA] max|a|=4.5166e-01 (clamp 0.5)  mean|a|(nonzero)=1.953e-03  frac elems >0.9*clamp=0.016%
  *** STEP 22 FAILED (conv=-50, cutback 1/20). Cutting back dt to 0.00063s ***

----------------------------------------------------------------------------------------------------
Step 22 | Attempting time increment: dt = 0.00063s (t: 0.2025s -> 0.2031s)
----------------------------------------------------------------------------------------------------

  Nonlinear Iteration Summary (Newton-Raphson)
  ==========================================================================================================================
  Time increment dt: 6.250e-04
  Convergence Tol  : 1.0e-02 (Disp Ratio)     Max Iterations: 50
  --------------------------------------------------------------------------------------------------------------------------
  Iter   Max Res.Force  (Node/DOF)    Max Disp.Corr  (Node/DOF)    Max Disp.Incr  Disp.Ratio  Energy.Err  LS.alpha  TieNodes
  --------------------------------------------------------------------------------------------------------------------------
  [DIAGNOSTIC] Line search collapsed at iter 1. Inspecting element quality on trial step:

[DEBUG] Element inversion detected in element indexes: [75, 78, 79, 887, 888]
  Element ID: 76 (index 75, pid 1)
    detF: [3.106813265492266, -0.11877256037382211, -0.6225833191741161, 2.603002506691984]
    Nodes connectivity: [77, 78, 281, 280]
      Node 77: initial=[8.5, 0.0], current=[8.36214187693809, 0.5871446312193711], u=[-0.13785812306191014, 0.5871446312193711]
      Node 78: initial=[9.0, 0.0], current=[9.149133855567545, 0.7924800308941331], u=[0.149133855567545, 0.7924800308941331]
      Node 281: initial=[9.0, 0.03], current=[8.968127611086278, 0.724001365682517], u=[-0.03187238891372282, 0.694001365682517]
      Node 280: initial=[8.5, 0.03], current=[8.47217335492557, 0.7010865356966353], u=[-0.02782664507442967, 0.6710865356966352]
  Element ID: 79 (index 78, pid 1)
    detF: [-3.311783304664907, -5.078640296692677, -4.40331331641499, -2.6364563243872174]
    Nodes connectivity: [80, 81, 284, 283]
      Node 80: initial=[10.0, 0.0], current=[9.860821104642845, 0.6713745639228097], u=[-0.1391788953571542, 0.6713745639228097]
      Node 81: initial=[10.5, 0.0], current=[10.555371237256347, 1.0547762217372207], u=[0.05537123725634686, 1.0547762217372207]
      Node 284: initial=[10.5, 0.03], current=[10.495714473999389, 0.8928575614117811], u=[-0.00428552600061162, 0.862857561411781]
      Node 283: initial=[10.0, 0.03], current=[9.967757151054979, 0.6675096501174702], u=[-0.03224284894502189, 0.6375096501174702]
  Element ID: 80 (index 79, pid 1)
    detF: [-0.43992612304570433, 13.1100154153377, 13.932484217109504, 0.3825426787260911]
    Nodes connectivity: [81, 82, 285, 284]
      Node 81: initial=[10.5, 0.0], current=[10.555371237256347, 1.0547762217372207], u=[0.05537123725634686, 1.0547762217372207]
      Node 82: initial=[11.0, 0.0], current=[10.864681317556364, 0.46094870653281594], u=[-0.1353186824436362, 0.46094870653281594]
      Node 285: initial=[11.0, 0.03], current=[10.973334342426654, 1.1140400977657363], u=[-0.026665657573346442, 1.0840400977657363]
      Node 284: initial=[10.5, 0.03], current=[10.495714473999389, 0.8928575614117811], u=[-0.00428552600061162, 0.862857561411781]
  Element ID: 888 (index 887, pid 3)
    detF: [-0.25466638493915844, -1.5217874678674808, -1.3890136883351265, -0.12189260540680408]
    Nodes connectivity: [893, 894, 1097, 1096]
      Node 893: initial=[10.5, 0.09], current=[10.438001270824396, 0.9507496900428268], u=[-0.06199872917560436, 0.8607496900428269]
      Node 894: initial=[11.0, 0.09], current=[10.982452601795949, 1.1724869387427013], u=[-0.01754739820405197, 1.0824869387427012]
      Node 1097: initial=[11.0, 0.12], current=[10.988908958020511, 1.1190732506274093], u=[-0.01109104197948792, 0.9990732506274094]
      Node 1096: initial=[10.5, 0.12], current=[10.499043676384716, 0.9800330755876637], u=[-0.0009563236152836949, 0.8600330755876637]
  Element ID: 889 (index 888, pid 3)
    detF: [-1.0374564448786472, 1.1834530043928124, 1.2402354394295387, -0.9806740098419231]
    Nodes connectivity: [894, 895, 1098, 1097]
      Node 894: initial=[11.0, 0.09], current=[10.982452601795949, 1.1724869387427013], u=[-0.01754739820405197, 1.0824869387427012]
      Node 895: initial=[11.5, 0.09], current=[11.517501532226797, 1.093232692118152], u=[0.017501532226796568, 1.003232692118152]
      Node 1098: initial=[11.5, 0.12], current=[11.482561976197585, 1.153793107020173], u=[-0.017438023802414212, 1.0337931070201731]
      Node 1097: initial=[11.0, 0.12], current=[10.988908958020511, 1.1190732506274093], u=[-0.01109104197948792, 0.9990732506274094]

  *** ERROR: Line search failed to resolve residual explosion at iteration 1.
     1    22     5       0      50     0.2025     0.0000     0.0006   *** CUTBACK: line search collapsed (residual explosion) (Retrying step with smaller dt & target angle) ***
[ALPHA] max|a|=5.0000e-01 (clamp 0.5)  mean|a|(nonzero)=1.745e-03  frac elems >0.9*clamp=0.033%
  *** STEP 22 FAILED (conv=-50, cutback 1/20). Cutting back dt to 0.00031s ***

----------------------------------------------------------------------------------------------------
Step 22 | Attempting time increment: dt = 0.00031s (t: 0.2025s -> 0.2028s)
----------------------------------------------------------------------------------------------------

  Nonlinear Iteration Summary (Newton-Raphson)
  ==========================================================================================================================
  Time increment dt: 3.125e-04
  Convergence Tol  : 1.0e-02 (Disp Ratio)     Max Iterations: 50
  --------------------------------------------------------------------------------------------------------------------------
  Iter   Max Res.Force  (Node/DOF)    Max Disp.Corr  (Node/DOF)    Max Disp.Incr  Disp.Ratio  Energy.Err  LS.alpha  TieNodes
  --------------------------------------------------------------------------------------------------------------------------
  [DIAGNOSTIC] Line search collapsed at iter 1. Inspecting element quality on trial step:

[DEBUG] Element inversion detected in element indexes: [75, 78, 79, 887, 888]
  Element ID: 76 (index 75, pid 1)
    detF: [2.8415269088791244, -0.06272358780533571, -0.48285592544913625, 2.421394571235316]
    Nodes connectivity: [77, 78, 281, 280]
      Node 77: initial=[8.5, 0.0], current=[8.376397394890654, 0.616139199567882], u=[-0.12360260510934495, 0.616139199567882]
      Node 78: initial=[9.0, 0.0], current=[9.125087349596258, 0.7869468634355405], u=[0.1250873495962589, 0.7869468634355405]
      Node 281: initial=[9.0, 0.03], current=[8.968021342226608, 0.7316400082656203], u=[-0.031978657773391365, 0.7016400082656202]
      Node 280: initial=[8.5, 0.03], current=[8.471679724865897, 0.7191858397401786], u=[-0.02832027513410209, 0.6891858397401786]
  Element ID: 79 (index 78, pid 1)
    detF: [-2.6521831189009184, -4.698274591118334, -4.170479706574032, -2.124388234356618]
    Nodes connectivity: [80, 81, 284, 283]
      Node 80: initial=[10.0, 0.0], current=[9.8807760624107, 0.6622490052835945], u=[-0.11922393758930025, 0.6622490052835945]
      Node 81: initial=[10.5, 0.0], current=[10.555433930851995, 1.046124798144097], u=[0.05543393085199458, 1.046124798144097]
      Node 284: initial=[10.5, 0.03], current=[10.496038832539714, 0.8869239924571934], u=[-0.0039611674602851015, 0.8569239924571934]
      Node 283: initial=[10.0, 0.03], current=[9.968045252033061, 0.6652932288740241], u=[-0.03195474796693856, 0.6352932288740241]
  Element ID: 80 (index 79, pid 1)
    detF: [-0.4197386661596445, 12.92706285225111, 13.737849986041523, 0.3910484676307537]
    Nodes connectivity: [81, 82, 285, 284]
      Node 81: initial=[10.5, 0.0], current=[10.555433930851995, 1.046124798144097], u=[0.05543393085199458, 1.046124798144097]
      Node 82: initial=[11.0, 0.0], current=[10.866252665470824, 0.46452724976711157], u=[-0.13374733452917478, 0.46452724976711157]
      Node 285: initial=[11.0, 0.03], current=[10.974048517915257, 1.1081166248633938], u=[-0.025951482084742343, 1.0781166248633938]
      Node 284: initial=[10.5, 0.03], current=[10.496038832539714, 0.8869239924571934], u=[-0.0039611674602851015, 0.8569239924571934]
  Element ID: 888 (index 887, pid 3)
    detF: [-0.23490312376301625, -1.5175422075518823, -1.383750663062953, -0.10111157927407988]
    Nodes connectivity: [893, 894, 1097, 1096]
      Node 893: initial=[10.5, 0.09], current=[10.438764455916493, 0.9448305702766371], u=[-0.06123554408350703, 0.8548305702766371]
      Node 894: initial=[11.0, 0.09], current=[10.982707522390513, 1.16656427409227], u=[-0.017292477609487045, 1.0765642740922698]
      Node 1097: initial=[11.0, 0.12], current=[10.990018145391675, 1.113399030760443], u=[-0.009981854608325402, 0.9933990307604431]
      Node 1096: initial=[10.5, 0.12], current=[10.50000885053909, 0.9749146202014396], u=[8.85053908919551e-06, 0.8549146202014396]
  Element ID: 889 (index 888, pid 3)
    detF: [-1.0317696043108173, 1.1721307226295365, 1.224496631388938, -0.9794036955514136]
    Nodes connectivity: [894, 895, 1098, 1097]
      Node 894: initial=[11.0, 0.09], current=[10.982707522390513, 1.16656427409227], u=[-0.017292477609487045, 1.0765642740922698]
      Node 895: initial=[11.5, 0.09], current=[11.517479839582107, 1.0890066013254414], u=[0.017479839582106395, 0.9990066013254413]
      Node 1098: initial=[11.5, 0.12], current=[11.483656830137752, 1.1488786955255015], u=[-0.016343169862246966, 1.0288786955255014]
      Node 1097: initial=[11.0, 0.12], current=[10.990018145391675, 1.113399030760443], u=[-0.009981854608325402, 0.9933990307604431]

  *** ERROR: Line search failed to resolve residual explosion at iteration 1.
     1    22     6       0      50     0.2025     0.0000     0.0003   *** CUTBACK: line search collapsed (residual explosion) (Retrying step with smaller dt & target angle) ***
[ALPHA] max|a|=5.0000e-01 (clamp 0.5)  mean|a|(nonzero)=1.902e-03  frac elems >0.9*clamp=0.016%
  *** STEP 22 FAILED (conv=-50, cutback 1/20). Cutting back dt to 0.00016s ***

----------------------------------------------------------------------------------------------------
Step 22 | Attempting time increment: dt = 0.00016s (t: 0.2025s -> 0.2027s)
----------------------------------------------------------------------------------------------------

  Nonlinear Iteration Summary (Newton-Raphson)
  ==========================================================================================================================
  Time increment dt: 1.563e-04
  Convergence Tol  : 1.0e-02 (Disp Ratio)     Max Iterations: 50
  --------------------------------------------------------------------------------------------------------------------------
  Iter   Max Res.Force  (Node/DOF)    Max Disp.Corr  (Node/DOF)    Max Disp.Incr  Disp.Ratio  Energy.Err  LS.alpha  TieNodes
  --------------------------------------------------------------------------------------------------------------------------
     1    1.8134e+05  N285(UX)       1.4689e-02  N79(UX)        1.1751e-01     3.04e-03    1.16e+02      0.12       122
  [DIAGNOSTIC] Line search collapsed at iter 2. Inspecting element quality on trial step:

[DEBUG] Element inversion detected in element indexes: [78, 79, 887, 888, 890, 891, 2501]
  Element ID: 79 (index 78, pid 1)
    detF: [0.033155818940200144, -1.844582244014405, -1.778344654294313, 0.09939340866028407]
    Nodes connectivity: [80, 81, 284, 283]
      Node 80: initial=[10.0, 0.0], current=[9.963118054000022, 0.9109548341286866], u=[-0.0368819459999775, 0.9109548341286866]
      Node 81: initial=[10.5, 0.0], current=[10.561826568545543, 1.0441863127659348], u=[0.06182656854554348, 1.0441863127659348]
      Node 284: initial=[10.5, 0.03], current=[10.50962244942313, 0.9685282393635617], u=[0.009622449423129287, 0.9385282393635617]
      Node 283: initial=[10.0, 0.03], current=[10.00420875432609, 0.9375416281071197], u=[0.0042087543260898455, 0.9075416281071197]
  Element ID: 80 (index 79, pid 1)
    detF: [-0.4917457370454811, 4.8644888915773885, 5.156082382942977, -0.2001522456798983]
    Nodes connectivity: [81, 82, 285, 284]
      Node 81: initial=[10.5, 0.0], current=[10.561826568545543, 1.0441863127659348], u=[0.06182656854554348, 1.0441863127659348]
      Node 82: initial=[11.0, 0.0], current=[10.945992165160893, 0.8656623605027808], u=[-0.05400783483910606, 0.8656623605027808]
      Node 285: initial=[11.0, 0.03], current=[11.007226000197985, 1.0995261881892646], u=[0.0072260001979842035, 1.0695261881892646]
      Node 284: initial=[10.5, 0.03], current=[10.50962244942313, 0.9685282393635617], u=[0.009622449423129287, 0.9385282393635617]
  Element ID: 888 (index 887, pid 3)
    detF: [0.5191097310066429, -2.8055551773345235, -2.8726485908036485, 0.4520163175375234]
    Nodes connectivity: [893, 894, 1097, 1096]
      Node 893: initial=[10.5, 0.09], current=[10.526386175499296, 1.031661856485872], u=[0.026386175499295596, 0.941661856485872]
      Node 894: initial=[11.0, 0.09], current=[11.032679390563962, 1.0947387857270665], u=[0.03267939056396086, 1.0047387857270664]
      Node 1097: initial=[11.0, 0.12], current=[11.031158455923649, 0.9761028439723624], u=[0.03115845592364918, 0.8561028439723624]
      Node 1096: initial=[10.5, 0.12], current=[10.512339281901838, 1.0820726775898681], u=[0.012339281901837302, 0.9620726775898681]
  Element ID: 889 (index 888, pid 3)
    detF: [-2.9588230276641374, 0.36024673008750646, 0.7774852498648857, -2.541584507886751]
    Nodes connectivity: [894, 895, 1098, 1097]
      Node 894: initial=[11.0, 0.09], current=[11.032679390563962, 1.0947387857270665], u=[0.03267939056396086, 1.0047387857270664]
      Node 895: initial=[11.5, 0.09], current=[11.579590533792535, 1.08633403857685], u=[0.07959053379253592, 0.99633403857685]
      Node 1098: initial=[11.5, 0.12], current=[11.488735124020799, 1.1267418401552218], u=[-0.011264875979200563, 1.0067418401552217]
      Node 1097: initial=[11.0, 0.12], current=[11.031158455923649, 0.9761028439723624], u=[0.03115845592364918, 0.8561028439723624]
  Element ID: 891 (index 890, pid 3)
    detF: [0.2376164415052524, -1.7466484824136648, -1.5930855553777796, 0.39117936854114016]
    Nodes connectivity: [896, 897, 1100, 1099]
      Node 896: initial=[12.0, 0.09], current=[11.949496353576686, 1.1023752682928647], u=[-0.05050364642331402, 1.0123752682928646]
      Node 897: initial=[12.5, 0.09], current=[12.488314778751766, 1.3118971532776167], u=[-0.011685221248233324, 1.2218971532776166]
      Node 1100: initial=[12.5, 0.12], current=[12.494038654000404, 1.2437147416827163], u=[-0.005961345999596768, 1.1237147416827162]
      Node 1099: initial=[12.0, 0.12], current=[12.00410712550526, 1.1488800812150575], u=[0.0041071255052613125, 1.0288800812150576]

  *** ERROR: Line search failed to resolve residual explosion at iteration 2.
     1    22     7       0      50     0.2025     0.0000     0.0002   *** CUTBACK: line search collapsed (residual explosion) (Retrying step with smaller dt & target angle) ***
[ALPHA] max|a|=4.9258e-01 (clamp 0.5)  mean|a|(nonzero)=2.498e-03  frac elems >0.9*clamp=0.016%
  *** STEP 22 FAILED (conv=-50, cutback 1/20). Cutting back dt to 0.00008s ***

----------------------------------------------------------------------------------------------------
Step 22 | Attempting time increment: dt = 0.00008s (t: 0.2025s -> 0.2026s)
----------------------------------------------------------------------------------------------------

  Nonlinear Iteration Summary (Newton-Raphson)
  ==========================================================================================================================
  Time increment dt: 7.813e-05
  Convergence Tol  : 1.0e-02 (Disp Ratio)     Max Iterations: 50
  --------------------------------------------------------------------------------------------------------------------------
  Iter   Max Res.Force  (Node/DOF)    Max Disp.Corr  (Node/DOF)    Max Disp.Incr  Disp.Ratio  Energy.Err  LS.alpha  TieNodes
  --------------------------------------------------------------------------------------------------------------------------
     1    1.8132e+05  N285(UX)       1.0553e-02  N79(UX)        8.4426e-02     2.02e-03    1.16e+02      0.12       122
     2    6.3907e+04  N279(UY)       1.9681e-02  N62(UX)        8.4426e-02     3.48e-04    4.20e-01      1.00       122
  ---------------------------------------------------------------------------------------------------------------------
  => Increment Converged. (Time: 13.14 s)
  Mesh quality WARNING: min det(J)=-8.092e-02  inverted=1  warped=2

     1    22     8       1       1     0.2026     0.0001     0.0001
[ALPHA] max|a|=3.4997e-01 (clamp 0.5)  mean|a|(nonzero)=1.272e-03  frac elems >0.9*clamp=0.000%

  [MONITOR] Step  22 | Time 0.2026s / 1.0s ( 20.3%)
            Fold Angle: Target +-  5.39deg | Actual [-5.39deg, +5.39deg]
            Plate Tips Y: Left= +3.13mm | Right= +3.13mm | Max Disp=  3.64mm
            Newton Iters:  1 | dt: 0.00008s
            [DIAGNOSTIC] display/plate max|u| ratio=1.0000 (display=3.636mm, plate=0.000mm)
            [DIAGNOSTIC] Real tie gap (not just active-pair count): DISPLAY_BOT_L_PLATE_L_TOP_TIE: max_gap=0.0000mm mean=0.0000mm n=61 | DISPLAY_BOT_R_PLATE_R_TOP_TIE: max_gap=0.0003mm mean=0.0002mm n=61

[PNG] Deformed shape saved: D:\PythonCodeStudy\WHT_DispFoldSolver\examples\dbg2_a.png
----------------------------------------------------------------------------------------------------
Step 23 | Attempting time increment: dt = 0.00012s (t: 0.2026s -> 0.2027s)
----------------------------------------------------------------------------------------------------

  Nonlinear Iteration Summary (Newton-Raphson)
  ==========================================================================================================================
  Time increment dt: 1.172e-04
  Convergence Tol  : 1.0e-02 (Disp Ratio)     Max Iterations: 50
  --------------------------------------------------------------------------------------------------------------------------
  Iter   Max Res.Force  (Node/DOF)    Max Disp.Corr  (Node/DOF)    Max Disp.Incr  Disp.Ratio  Energy.Err  LS.alpha  TieNodes
  --------------------------------------------------------------------------------------------------------------------------
  *** ELEMENT INVERSION: det(F) <= 0 detected at iteration 1. Cutting back dt.
     1    23     1       0      50     0.2026     0.0000     0.0001   *** CUTBACK: element inversion (det(F) <= 0) (Retrying step with smaller dt & target angle) ***
[ALPHA] max|a|=4.1056e-01 (clamp 0.5)  mean|a|(nonzero)=1.650e-03  frac elems >0.9*clamp=0.000%
  *** STEP 23 FAILED (conv=-50, cutback 1/20). Cutting back dt to 0.00006s ***

----------------------------------------------------------------------------------------------------
Step 23 | Attempting time increment: dt = 0.00006s (t: 0.2026s -> 0.2026s)
----------------------------------------------------------------------------------------------------

  Nonlinear Iteration Summary (Newton-Raphson)
  ==========================================================================================================================
  Time increment dt: 5.859e-05
  Convergence Tol  : 1.0e-02 (Disp Ratio)     Max Iterations: 50
  --------------------------------------------------------------------------------------------------------------------------
  Iter   Max Res.Force  (Node/DOF)    Max Disp.Corr  (Node/DOF)    Max Disp.Incr  Disp.Ratio  Energy.Err  LS.alpha  TieNodes
  --------------------------------------------------------------------------------------------------------------------------
  *** ELEMENT INVERSION: det(F) <= 0 detected at iteration 1. Cutting back dt.
     1    23     2       0      50     0.2026     0.0000     0.0001   *** CUTBACK: element inversion (det(F) <= 0) (Retrying step with smaller dt & target angle) ***
[ALPHA] max|a|=3.9078e-01 (clamp 0.5)  mean|a|(nonzero)=1.345e-03  frac elems >0.9*clamp=0.000%
  *** STEP 23 FAILED (conv=-50, cutback 1/20). Cutting back dt to 0.00003s ***

----------------------------------------------------------------------------------------------------
Step 23 | Attempting time increment: dt = 0.00003s (t: 0.2026s -> 0.2026s)
----------------------------------------------------------------------------------------------------

  Nonlinear Iteration Summary (Newton-Raphson)
  ==========================================================================================================================
  Time increment dt: 2.930e-05
  Convergence Tol  : 1.0e-02 (Disp Ratio)     Max Iterations: 50
  --------------------------------------------------------------------------------------------------------------------------
  Iter   Max Res.Force  (Node/DOF)    Max Disp.Corr  (Node/DOF)    Max Disp.Incr  Disp.Ratio  Energy.Err  LS.alpha  TieNodes
  --------------------------------------------------------------------------------------------------------------------------
  *** ELEMENT INVERSION: det(F) <= 0 detected at iteration 1. Cutting back dt.
     1    23     3       0      50     0.2026     0.0000     0.0000   *** CUTBACK: element inversion (det(F) <= 0) (Retrying step with smaller dt & target angle) ***
[ALPHA] max|a|=4.8804e-01 (clamp 0.5)  mean|a|(nonzero)=1.416e-03  frac elems >0.9*clamp=0.016%
  *** STEP 23 FAILED (conv=-50, cutback 1/20). Cutting back dt to 0.00001s ***

----------------------------------------------------------------------------------------------------
Step 23 | Attempting time increment: dt = 0.00001s (t: 0.2026s -> 0.2026s)
----------------------------------------------------------------------------------------------------

  Nonlinear Iteration Summary (Newton-Raphson)
  ==========================================================================================================================
  Time increment dt: 1.465e-05
  Convergence Tol  : 1.0e-02 (Disp Ratio)     Max Iterations: 50
  --------------------------------------------------------------------------------------------------------------------------
  Iter   Max Res.Force  (Node/DOF)    Max Disp.Corr  (Node/DOF)    Max Disp.Incr  Disp.Ratio  Energy.Err  LS.alpha  TieNodes
  --------------------------------------------------------------------------------------------------------------------------
     1    2.0159e+10  N1907(UX)      1.7506e-02  N481(UY)       1.4036e-01     4.69e-03    1.00e+01      0.12       122
  [DIAGNOSTIC] Line search collapsed at iter 2. Inspecting element quality on trial step:

[DEBUG] Element inversion detected in element indexes: [72, 73, 75, 268, 271, 272, 273, 274, 275, 276, 475, 476, 477, 478, 676, 678, 679, 680, 808, 809, 866, 867, 868, 869, 870, 871, 872, 873, 874, 875, 876, 877, 880, 882, 883, 884, 885, 889, 890, 1076, 1079, 1080, 1082, 1278, 1281, 1282, 1284, 1474, 1475, 1479, 1480, 1482, 1483, 1484, 1486, 1487, 1670, 1671, 1672, 1673, 1682, 1683, 1686, 1687, 1688, 1689, 1692, 1693, 1694, 1878, 1879, 1880, 1884, 1886, 1887, 1889, 1893, 2088, 2095, 2096, 2288, 2290, 2291, 2297, 2482, 2483, 2484, 2485, 2486, 2487, 2488, 2489, 2490, 2498, 2499, 2503, 2689, 2692, 2694, 3094, 3289, 3290, 3291, 3292, 3293, 3294, 3297, 3298, 4096, 4097, 4098, 4099, 4100, 4101, 4105, 4106, 4107, 4111, 4112, 4113, 4313, 4314, 4719, 4904, 4905, 4906, 4907, 4908, 4919, 4920, 4921, 4922, 5122]
  Element ID: 73 (index 72, pid 1)
    detF: [4.060675739638874, -8.37277417131215, -9.966564993466443, 2.4668849174845464]
    Nodes connectivity: [74, 75, 278, 277]
      Node 74: initial=[7.75, 0.0], current=[7.751038399569916, 0.6075918861879467], u=[0.0010383995699159258, 0.6075918861879467]
      Node 75: initial=[8.0, 0.0], current=[7.972650275140422, 1.2766836390184277], u=[-0.027349724859577398, 1.2766836390184277]
      Node 278: initial=[8.0, 0.03], current=[7.970542491138043, 0.852685437671339], u=[-0.02945750886195677, 0.822685437671339]
      Node 277: initial=[7.75, 0.03], current=[7.703034598389613, 0.7738445695248001], u=[-0.04696540161038677, 0.7438445695248]
  Element ID: 74 (index 73, pid 1)
    detF: [0.09018732131758356, 1.9405433215289887, -0.32247670987905447, -2.172832710090416]
    Nodes connectivity: [75, 76, 279, 278]
      Node 75: initial=[8.0, 0.0], current=[7.972650275140422, 1.2766836390184277], u=[-0.027349724859577398, 1.2766836390184277]
      Node 76: initial=[8.25, 0.0], current=[7.966470858486186, 0.8920070089047367], u=[-0.28352914151381386, 0.8920070089047367]
      Node 279: initial=[8.25, 0.03], current=[8.036766102363158, 1.0853685770466839], u=[-0.21323389763684225, 1.0553685770466839]
      Node 278: initial=[8.0, 0.03], current=[7.970542491138043, 0.852685437671339], u=[-0.02945750886195677, 0.822685437671339]
  Element ID: 76 (index 75, pid 1)
    detF: [-0.2117788311893372, 2.2872231498784403, 2.4605937227332464, -0.038408258334530404]
    Nodes connectivity: [77, 78, 281, 280]
      Node 77: initial=[8.5, 0.0], current=[8.526307795301928, 0.9081458420821307], u=[0.02630779530192757, 0.9081458420821307]
      Node 78: initial=[9.0, 0.0], current=[9.019335516447876, 0.8412979031177052], u=[0.01933551644787615, 0.8412979031177052]
      Node 281: initial=[9.0, 0.03], current=[9.00320612614668, 0.938970233313076], u=[0.0032061261466794673, 0.908970233313076]
      Node 280: initial=[8.5, 0.03], current=[8.48525053333309, 0.8775097700631517], u=[-0.01474946666690969, 0.8475097700631516]
  Element ID: 269 (index 268, pid 2)
    detF: [-1.1574008045202833, 23.166988207250753, 22.601618424001703, -1.7227705877694022]
    Nodes connectivity: [271, 272, 475, 474]
      Node 271: initial=[6.25, 0.03], current=[6.075653189188591, -4.172851250184935], u=[-0.17434681081140946, -4.202851250184935]
      Node 272: initial=[6.5, 0.03], current=[6.612600743400674, -3.4699033074438486], u=[0.11260074340067419, -3.4999033074438484]
      Node 475: initial=[6.5, 0.05], current=[6.39807543823892, -3.4501877149449642], u=[-0.10192456176107972, -3.500187714944964]
      Node 474: initial=[6.25, 0.05], current=[6.15743507125612, -4.157543649596059], u=[-0.0925649287438801, -4.207543649596059]
  Element ID: 272 (index 271, pid 2)
    detF: [23.469850737981435, -15.642513752108366, -15.443576772613824, 23.66878771747605]
    Nodes connectivity: [274, 275, 478, 477]
      Node 274: initial=[7.0, 0.03], current=[7.259031751072026, 0.36824304428242316], u=[0.2590317510720257, 0.33824304428242313]
      Node 275: initial=[7.25, 0.03], current=[7.17945722589215, 1.0471434261241084], u=[-0.07054277410785058, 1.0171434261241084]
      Node 478: initial=[7.25, 0.05], current=[7.404436955093673, 1.0147011297146253], u=[0.15443695509367328, 0.9647011297146253]
      Node 477: initial=[7.0, 0.05], current=[6.975591744487919, 0.4167731475348448], u=[-0.02440825551208116, 0.3667731475348448]

  *** ERROR: Line search failed to resolve residual explosion at iteration 2.
     1    23     4       0      50     0.2026     0.0000     0.0000   *** CUTBACK: line search collapsed (residual explosion) (Retrying step with smaller dt & target angle) ***
[ALPHA] max|a|=5.0000e-01 (clamp 0.5)  mean|a|(nonzero)=1.553e-02  frac elems >0.9*clamp=0.214%
FATAL: Exceeded maximum cutbacks (20) or dt below minimum tolerance. Simulation aborted.
====================================================================================================
 FAILED: Simulation did not reach target time.
====================================================================================================
Saved result (22 steps) for re-analysis: D:\PythonCodeStudy\WHT_DispFoldSolver\examples\dbg2.pkl
  reload with: from dispsolver.postprocess import load_result; r = load_result(r'D:\PythonCodeStudy\WHT_DispFoldSolver\examples\dbg2.pkl')

=======================================================================================================================================================================================================================================================================
 Interlayer slip at x = -40.00 mm   [um, cumulative from bottom surface]
=======================================================================================================================================================================================================================================================================
 theta[deg]       L1       L2       L3       L4       L5       L6       L7       L8       L9      L10      L11      L12      L13      L14      L15      L16      L17      L18      L19      L20      L21      L22      L23      L24      L25      L26      L27      L28
-----------------------------------------------------------------------------------------------------------------------------------------------------------------------------------------------------------------------------------------------------------------------
       0.00     0.00     0.00     0.00     0.00     0.00     0.00     0.00     0.00     0.00     0.00     0.00     0.00     0.00     0.00     0.00     0.00     0.00     0.00     0.00     0.00     0.00     0.00     0.00     0.00     0.00     0.00     0.00     0.00
       0.00     0.00     0.00     0.00     0.00     0.00     0.00     0.00     0.00     0.01     0.01     0.01     0.01     0.01     0.01     0.01     0.01     0.01     0.01     0.01     0.01     0.02     0.02     0.02     0.02     0.02     0.02     0.02     0.02
       0.01     0.01     0.01     0.01     0.01     0.03     0.03     0.03     0.03     0.04     0.04     0.04     0.04     0.06     0.06     0.06     0.06     0.07     0.07     0.07     0.07     0.09     0.09     0.09     0.09     0.10     0.10     0.10     0.10
       0.03     0.04     0.04     0.04     0.04     0.08     0.08     0.08     0.08     0.13     0.13     0.13     0.13     0.17     0.17     0.17     0.17     0.22     0.22     0.22     0.22     0.26     0.26     0.26     0.26     0.30     0.30     0.30     0.30
       0.06     0.10     0.10     0.10     0.10     0.18     0.18     0.18     0.19     0.28     0.28     0.28     0.28     0.38     0.38     0.38     0.38     0.48     0.48     0.48     0.48     0.58     0.58     0.58     0.58     0.67     0.67     0.67     0.67
       0.12     0.19     0.19     0.19     0.19     0.35     0.35     0.35     0.35     0.53     0.53     0.53     0.53     0.71     0.71     0.71     0.71     0.90     0.90     0.90     0.90     1.08     1.08     1.08     1.08     1.26     1.26     1.26     1.26
       0.20     0.36     0.36     0.36     0.36     0.62     0.62     0.62     0.62     0.90     0.90     0.90     0.90     1.20     1.20     1.21     1.21     1.51     1.51     1.51     1.51     1.81     1.81     1.81     1.82     2.11     2.11     2.11     2.11
       0.31     0.63     0.63     0.63     0.63     1.00     1.00     1.00     1.00     1.43     1.44     1.44     1.44     1.89     1.89     1.89     1.90     2.36     2.36     2.36     2.36     2.83     2.83     2.83     2.83     3.28     3.28     3.28     3.28
       0.44     1.07     1.07     1.06     1.06     1.56     1.56     1.56     1.56     2.17     2.17     2.17     2.17     2.83     2.83     2.83     2.83     3.50     3.50     3.50     3.50     4.18     4.18     4.18     4.18     4.83     4.84     4.84     4.84
       0.62     1.74     1.74     1.74     1.74     2.35     2.35     2.35     2.35     3.16     3.16     3.16     3.16     4.06     4.06     4.06     4.06     4.99     4.99     4.99     4.99     5.92     5.92     5.93     5.93     6.84     6.84     6.84     6.84
       0.83     2.77     2.76     2.76     2.75     3.45     3.44     3.44     3.44     4.48     4.48     4.48     4.48     5.66     5.67     5.67     5.67     6.90     6.90     6.90     6.90     8.15     8.15     8.15     8.15     9.37     9.37     9.37     9.37
       1.07     4.28     4.27     4.26     4.26     4.96     4.96     4.96     4.95     6.23     6.23     6.23     6.23     7.74     7.74     7.74     7.74     9.33     9.33     9.33     9.33    10.94    10.94    10.95    10.95    12.53    12.53    12.53    12.53
       1.37     6.45     6.44     6.44     6.43     7.04     7.03     7.03     7.03     8.54     8.54     8.54     8.54    10.40    10.40    10.40    10.40    12.40    12.40    12.41    12.41    14.44    14.45    14.45    14.45    16.45    16.45    16.45    16.45
       1.70     9.52     9.52     9.51     9.51     9.85     9.85     9.85     9.85    11.57    11.57    11.57    11.57    13.82    13.82    13.82    13.83    16.28    16.29    16.29    16.29    18.81    18.81    18.82    18.82    21.30    21.30    21.30    21.31
       2.08    13.76    13.76    13.77    13.78    13.63    13.64    13.64    13.65    15.52    15.53    15.54    15.54    18.19    18.20    18.20    18.21    21.17    21.18    21.18    21.19    24.25    24.25    24.26    24.26    27.28    27.29    27.29    27.29
       2.51    19.50    19.53    19.55    19.57    18.65    18.66    18.67    18.69    20.66    20.67    20.68    20.69    23.76    23.77    23.78    23.79    27.30    27.31    27.32    27.33    30.98    30.99    31.00    31.01    34.63    34.64    34.65    34.65
       2.98    27.16    27.20    27.23    27.27    25.21    25.23    25.25    25.27    27.24    27.26    27.28    27.30    30.78    30.80    30.81    30.83    34.93    34.94    34.96    34.97    39.29    39.30    39.31    39.32    43.61    43.62    43.63    43.64
       3.51    37.17    37.22    37.27    37.31    33.66    33.69    33.71    33.74    35.59    35.61    35.63    35.65    39.56    39.57    39.59    39.61    44.35    44.37    44.39    44.40    49.44    49.45    49.47    49.48    54.51    54.52    54.53    54.54
       4.08    50.07    50.12    50.18    50.23    44.40    44.42    44.45    44.48    46.03    46.06    46.08    46.10    50.40    50.42    50.44    50.46    55.87    55.89    55.91    55.93    61.75    61.76    61.78    61.80    67.62    67.63    67.64    67.66
       4.71    66.48    66.54    66.59    66.64    57.86    57.89    57.91    57.93    58.97    58.99    59.01    59.03    63.68    63.70    63.72    63.74    69.85    69.87    69.89    69.91    76.56    76.58    76.60    76.62    83.31    83.32    83.33    83.34
       5.39    87.19    87.24    87.29    87.35    74.59    74.61    74.63    74.65    74.85    74.87    74.89    74.91    79.84    79.86    79.87    79.89    86.73    86.75    86.76    86.78    94.33    94.35    94.36    94.38   102.01   102.02   102.03   102.04
       5.39    88.34    88.40    88.45    88.50    76.06    76.08    76.10    76.12    76.17    76.19    76.21    76.22    80.95    80.96    80.98    81.00    87.66    87.68    87.70    87.72    95.15    95.16    95.18    95.20   102.77   102.78   102.79   102.80
-----------------------------------------------------------------------------------------------------------------------------------------------------------------------------------------------------------------------------------------------------------------------
 final total staircase : +102.80 um at theta = 5.39 deg
 carried by            : GLASS +0.03 um (0.0%),  PET +0.42 um (0.4%),  PSA +102.35 um (99.6%)
 (equal-thickness rows -> a ~50/50 split means bending tilt, not interlayer shear)

=======================================================================================================================================================================================================================================================================
 Interlayer slip at x = +40.00 mm   [um, cumulative from bottom surface]
=======================================================================================================================================================================================================================================================================
 theta[deg]       L1       L2       L3       L4       L5       L6       L7       L8       L9      L10      L11      L12      L13      L14      L15      L16      L17      L18      L19      L20      L21      L22      L23      L24      L25      L26      L27      L28
-----------------------------------------------------------------------------------------------------------------------------------------------------------------------------------------------------------------------------------------------------------------------
       0.00     0.00     0.00     0.00     0.00     0.00     0.00     0.00     0.00     0.00     0.00     0.00     0.00     0.00     0.00     0.00     0.00     0.00     0.00     0.00     0.00     0.00     0.00     0.00     0.00     0.00     0.00     0.00     0.00
       0.00     0.00     0.00     0.00     0.00     0.00     0.00     0.00     0.00     0.01     0.01     0.01     0.01     0.01     0.01     0.01     0.01     0.01     0.01     0.01     0.01     0.02     0.02     0.02     0.02     0.02     0.02     0.02     0.02
       0.01     0.01     0.01     0.01     0.01     0.03     0.03     0.03     0.03     0.04     0.04     0.04     0.04     0.06     0.06     0.06     0.06     0.07     0.07     0.07     0.07     0.09     0.09     0.09     0.09     0.10     0.10     0.10     0.10
       0.03     0.04     0.04     0.04     0.04     0.08     0.08     0.08     0.08     0.13     0.13     0.13     0.13     0.17     0.17     0.17     0.17     0.22     0.22     0.22     0.22     0.26     0.26     0.26     0.26     0.30     0.30     0.30     0.30
       0.06     0.10     0.10     0.10     0.10     0.18     0.18     0.18     0.19     0.28     0.28     0.28     0.28     0.38     0.38     0.38     0.38     0.48     0.48     0.48     0.48     0.58     0.58     0.58     0.58     0.67     0.67     0.67     0.67
       0.12     0.19     0.19     0.19     0.19     0.35     0.35     0.35     0.35     0.53     0.53     0.53     0.53     0.71     0.71     0.71     0.71     0.90     0.90     0.90     0.90     1.08     1.08     1.08     1.08     1.26     1.26     1.26     1.26
       0.20     0.36     0.36     0.36     0.36     0.62     0.62     0.62     0.62     0.90     0.90     0.90     0.90     1.20     1.20     1.21     1.21     1.51     1.51     1.51     1.51     1.81     1.81     1.81     1.82     2.11     2.11     2.11     2.11
       0.31     0.63     0.63     0.63     0.63     1.00     1.00     1.00     1.00     1.43     1.44     1.44     1.44     1.89     1.89     1.89     1.90     2.36     2.36     2.36     2.36     2.83     2.83     2.83     2.83     3.28     3.28     3.28     3.28
       0.44     1.07     1.07     1.06     1.06     1.56     1.56     1.56     1.56     2.17     2.17     2.17     2.17     2.83     2.83     2.83     2.83     3.50     3.50     3.50     3.50     4.18     4.18     4.18     4.18     4.83     4.84     4.84     4.84
       0.62     1.74     1.74     1.74     1.74     2.35     2.35     2.35     2.35     3.16     3.16     3.16     3.16     4.06     4.06     4.06     4.06     4.99     4.99     4.99     4.99     5.92     5.92     5.93     5.93     6.84     6.84     6.84     6.84
       0.83     2.77     2.76     2.76     2.75     3.45     3.44     3.44     3.44     4.48     4.48     4.48     4.48     5.66     5.67     5.67     5.67     6.90     6.90     6.90     6.90     8.15     8.15     8.15     8.15     9.37     9.37     9.37     9.37
       1.07     4.28     4.27     4.26     4.26     4.96     4.96     4.96     4.95     6.23     6.23     6.23     6.23     7.74     7.74     7.74     7.74     9.33     9.33     9.33     9.33    10.94    10.94    10.95    10.95    12.53    12.53    12.53    12.53
       1.37     6.45     6.44     6.44     6.43     7.04     7.03     7.03     7.03     8.54     8.54     8.54     8.54    10.40    10.40    10.40    10.40    12.40    12.40    12.41    12.41    14.44    14.45    14.45    14.45    16.45    16.45    16.45    16.45
       1.70     9.52     9.52     9.51     9.51     9.85     9.85     9.85     9.85    11.57    11.57    11.57    11.57    13.82    13.82    13.82    13.83    16.28    16.29    16.29    16.29    18.81    18.81    18.82    18.82    21.30    21.30    21.30    21.31
       2.08    13.76    13.76    13.77    13.78    13.63    13.64    13.64    13.65    15.52    15.53    15.54    15.54    18.19    18.20    18.20    18.21    21.17    21.18    21.18    21.19    24.25    24.25    24.26    24.26    27.28    27.29    27.29    27.29
       2.51    19.50    19.53    19.55    19.57    18.65    18.66    18.67    18.69    20.66    20.67    20.68    20.69    23.76    23.77    23.78    23.79    27.30    27.31    27.32    27.33    30.98    30.99    31.00    31.01    34.63    34.64    34.65    34.65
       2.98    27.16    27.19    27.23    27.27    25.21    25.23    25.25    25.27    27.24    27.26    27.28    27.29    30.78    30.80    30.81    30.83    34.93    34.94    34.96    34.97    39.29    39.30    39.31    39.32    43.61    43.62    43.63    43.64
       3.51    37.17    37.22    37.27    37.31    33.66    33.69    33.71    33.74    35.59    35.61    35.63    35.65    39.56    39.57    39.59    39.61    44.35    44.37    44.39    44.40    49.44    49.45    49.47    49.48    54.51    54.52    54.53    54.54
       4.08    50.07    50.12    50.18    50.23    44.40    44.42    44.45    44.48    46.03    46.06    46.08    46.10    50.40    50.42    50.44    50.46    55.87    55.89    55.91    55.93    61.75    61.76    61.78    61.80    67.62    67.63    67.64    67.66
       4.71    66.49    66.54    66.60    66.65    57.87    57.89    57.92    57.94    58.97    59.00    59.02    59.04    63.69    63.71    63.73    63.75    69.86    69.88    69.90    69.92    76.57    76.59    76.61    76.62    83.32    83.33    83.34    83.35
       5.39    87.73    87.79    87.84    87.89    75.32    75.34    75.36    75.38    75.63    75.65    75.66    75.68    80.62    80.64    80.66    80.68    87.51    87.53    87.55    87.57    95.12    95.13    95.15    95.16   102.79   102.80   102.81   102.82
       5.39    87.30    87.36    87.41    87.46    74.06    74.08    74.10    74.11    73.69    73.71    73.73    73.75    78.94    78.96    78.97    78.99    86.13    86.14    86.16    86.18    93.91    93.93    93.94    93.96   101.67   101.67   101.68   101.69
-----------------------------------------------------------------------------------------------------------------------------------------------------------------------------------------------------------------------------------------------------------------------
 final total staircase : +101.69 um at theta = 5.39 deg
 carried by            : GLASS +0.03 um (0.0%),  PET +0.42 um (0.4%),  PSA +101.25 um (99.6%)
 (equal-thickness rows -> a ~50/50 split means bending tilt, not interlayer shear)

Saving final shape visualization to: D:\PythonCodeStudy\WHT_DispFoldSolver\examples\dbg2_a.png
[PNG] Deformed shape saved: D:\PythonCodeStudy\WHT_DispFoldSolver\examples\dbg2_a.png
Done.
