D:\PythonCodeStudy\WHT_DispFoldSolver\dispsolver\io\abaqus_parser.py:131: UserWarning: Unsupported keyword: *SECTION CONTROLS \u2014 skipping
  warnings.warn(f"Unsupported keyword: *{block.keyword} \u2014 skipping")
Found translation boundary conditions on 4 DOFs.
Found prescribed rotations on master nodes: {100000: -1.570796, 100306: 1.570796}
====================================================================================================
 MODEL REVIEW
====================================================================================================
Materials (4 distinct):
  - PSA: Arruda-Boyce + Prony viscoelastic: mu=0.015614, lambda_m=3.0, K=0.83333
  - PET: J2 plasticity: E=4000.0, nu=0.3, sigma_y0=80.0, H=400.0
  - GLASS: J2 plasticity: E=70000.0, nu=0.22, sigma_y0=1000000000.0, H=0.0
  - STEEL: NeoHookean: E=20000.0, nu=0.3
Parts / Layers (16 total):
  - pid 1: 142 elements, material=PSA, thickness=0.0300 mm (30.0 um), element=CPE4I
  - pid 2: 606 elements, material=PET, thickness=0.0600 mm (60.0 um), element=Q4_COROTATIONAL_SRI
  - pid 3: 202 elements, material=PSA, thickness=0.0300 mm (30.0 um), element=CPE4I
  - pid 4: 606 elements, material=PET, thickness=0.0600 mm (60.0 um), element=Q4_COROTATIONAL_SRI
  - pid 5: 202 elements, material=PSA, thickness=0.0300 mm (30.0 um), element=CPE4I
  - pid 6: 606 elements, material=PET, thickness=0.0600 mm (60.0 um), element=Q4_COROTATIONAL_SRI
  - pid 7: 202 elements, material=PSA, thickness=0.0300 mm (30.0 um), element=CPE4I
  - pid 8: 606 elements, material=PET, thickness=0.0600 mm (60.0 um), element=Q4_COROTATIONAL_SRI
  - pid 9: 202 elements, material=PSA, thickness=0.0300 mm (30.0 um), element=CPE4I
  - pid 10: 606 elements, material=PET, thickness=0.0600 mm (60.0 um), element=Q4_COROTATIONAL_SRI
  - pid 11: 202 elements, material=PSA, thickness=0.0300 mm (30.0 um), element=CPE4I
  - pid 12: 606 elements, material=PET, thickness=0.0600 mm (60.0 um), element=Q4_COROTATIONAL_SRI
  - pid 13: 202 elements, material=PSA, thickness=0.0300 mm (30.0 um), element=CPE4I
  - pid 14: 606 elements, material=GLASS, thickness=0.0600 mm (60.0 um), element=Q4_COROTATIONAL_SRI
  - Plate Left: 240 elements, material=STEEL, thickness=0.5000 mm (500.0 um), element=Q4_COROTATIONAL
  - Plate Right: 240 elements, material=STEEL, thickness=0.5000 mm (500.0 um), element=Q4_COROTATIONAL
Total elements: 6076, total layers/parts: 16
====================================================================================================
[PNG] Deformed shape saved: D:\PythonCodeStudy\WHT_DispFoldSolver\examples\dbg2_b.png
----------------------------------------------------------------------------------------------------
Step 1 | Attempting time increment: dt = 0.00500s (t: 0.0000s -> 0.0050s)
----------------------------------------------------------------------------------------------------

  Nonlinear Iteration Summary (Newton-Raphson)
  ==========================================================================================================================
  Time increment dt: 5.000e-03
  Convergence Tol  : 1.0e-02 (Disp Ratio)     Max Iterations: 50
  --------------------------------------------------------------------------------------------------------------------------
  Iter   Max Res.Force  (Node/DOF)    Max Disp.Corr  (Node/DOF)    Max Disp.Incr  Disp.Ratio  Energy.Err  LS.alpha  TieNodes
  --------------------------------------------------------------------------------------------------------------------------
     1    1.1735e+02  N1(UY)         7.5224e-05  N1(UY)         7.5224e-05     9.39e-01    5.21e-01      1.00       122
     2    3.6811e-06  N144(UY)       2.4494e-10  N246(UY)       7.5224e-05     2.55e-06    5.17e-16      1.00       122
  ---------------------------------------------------------------------------------------------------------------------
  => Increment Converged. (Time: 74.27 s)


  STEP   INC   ATT   SEVERE   EQUIL     TOTAL      STEP      INC OF
                     DISCON   ITERS      TIME       TIME       TIME
     1     1     1       0       1     0.0050     0.0050     0.0050
[ALPHA] max|a|=9.9859e-07 (clamp 0.05)  mean|a|(nonzero)=2.731e-09  frac elems >0.9*clamp=0.000%

  [MONITOR] Step   1 | Time 0.0050s / 1.0s (  0.5%)
            Fold Angle: Target +-  0.00deg | Actual [-0.00deg, +0.00deg]
            Plate Tips Y: Left= -0.50mm | Right= -0.50mm | Max Disp=  0.00mm
            Newton Iters:  1 | dt: 0.00500s
            [DIAGNOSTIC] display/plate max|u| ratio=1.0000 (display=0.000mm, plate=0.000mm)
            [DIAGNOSTIC] Real tie gap (not just active-pair count): DISPLAY_BOT_L_PLATE_L_TOP_TIE: max_gap=0.0000mm mean=0.0000mm n=61 | DISPLAY_BOT_R_PLATE_R_TOP_TIE: max_gap=0.0000mm mean=0.0000mm n=61
            [DIAGNOSTIC] Hinge curvature: max_curv_ratio=11.79 kink_detected=True at x=8.50mm

[PNG] Deformed shape saved: D:\PythonCodeStudy\WHT_DispFoldSolver\examples\dbg2_a.png
----------------------------------------------------------------------------------------------------
Step 2 | Attempting time increment: dt = 0.00750s (t: 0.0050s -> 0.0125s)
----------------------------------------------------------------------------------------------------

  Nonlinear Iteration Summary (Newton-Raphson)
  ==========================================================================================================================
  Time increment dt: 7.500e-03
  Convergence Tol  : 1.0e-02 (Disp Ratio)     Max Iterations: 50
  --------------------------------------------------------------------------------------------------------------------------
  Iter   Max Res.Force  (Node/DOF)    Max Disp.Corr  (Node/DOF)    Max Disp.Incr  Disp.Ratio  Energy.Err  LS.alpha  TieNodes
  --------------------------------------------------------------------------------------------------------------------------
     1    1.0002e+03  N144(UY)       6.4115e-04  N144(UY)       1.0869e-03     5.18e-01    3.79e+01      1.00       122
     2    2.7826e-05  N1(UY)         1.5538e-08  N5321(UY)      1.0869e-03     1.06e-05    4.46e-14      1.00       122
  ---------------------------------------------------------------------------------------------------------------------
  => Increment Converged. (Time: 10.57 s)

     1     2     1       0       1     0.0125     0.0075     0.0075
[ALPHA] max|a|=1.5612e-05 (clamp 0.05)  mean|a|(nonzero)=4.453e-08  frac elems >0.9*clamp=0.000%

  [MONITOR] Step   2 | Time 0.0125s / 1.0s (  1.2%)
            Fold Angle: Target +-  0.00deg | Actual [-0.00deg, +0.00deg]
            Plate Tips Y: Left= -0.50mm | Right= -0.50mm | Max Disp=  0.00mm
            Newton Iters:  1 | dt: 0.00750s
            [DIAGNOSTIC] display/plate max|u| ratio=1.0000 (display=0.001mm, plate=0.000mm)
            [DIAGNOSTIC] Real tie gap (not just active-pair count): DISPLAY_BOT_L_PLATE_L_TOP_TIE: max_gap=0.0000mm mean=0.0000mm n=61 | DISPLAY_BOT_R_PLATE_R_TOP_TIE: max_gap=0.0000mm mean=0.0000mm n=61

[PNG] Deformed shape saved: D:\PythonCodeStudy\WHT_DispFoldSolver\examples\dbg2_a.png
----------------------------------------------------------------------------------------------------
Step 3 | Attempting time increment: dt = 0.01000s (t: 0.0125s -> 0.0225s)
----------------------------------------------------------------------------------------------------

  Nonlinear Iteration Summary (Newton-Raphson)
  ==========================================================================================================================
  Time increment dt: 1.000e-02
  Convergence Tol  : 1.0e-02 (Disp Ratio)     Max Iterations: 50
  --------------------------------------------------------------------------------------------------------------------------
  Iter   Max Res.Force  (Node/DOF)    Max Disp.Corr  (Node/DOF)    Max Disp.Incr  Disp.Ratio  Energy.Err  LS.alpha  TieNodes
  --------------------------------------------------------------------------------------------------------------------------
     1    1.6000e+03  N1(UY)         1.0256e-03  N1(UY)         5.5133e-03     1.44e-01    9.69e+01      1.00       122
     2    2.6085e-05  N1(UY)         1.6777e-07  N5321(UY)      5.5133e-03     1.94e-05    1.27e-13      1.00       122
  ---------------------------------------------------------------------------------------------------------------------
  => Increment Converged. (Time: 10.17 s)

     1     3     1       0       1     0.0225     0.0100     0.0100
[ALPHA] max|a|=9.0150e-05 (clamp 0.05)  mean|a|(nonzero)=2.598e-07  frac elems >0.9*clamp=0.000%

  [MONITOR] Step   3 | Time 0.0225s / 1.0s (  2.2%)
            Fold Angle: Target +-  0.01deg | Actual [-0.01deg, +0.01deg]
            Plate Tips Y: Left= -0.49mm | Right= -0.49mm | Max Disp=  0.01mm
            Newton Iters:  1 | dt: 0.01000s
            [DIAGNOSTIC] display/plate max|u| ratio=1.0000 (display=0.007mm, plate=0.000mm)
            [DIAGNOSTIC] Real tie gap (not just active-pair count): DISPLAY_BOT_L_PLATE_L_TOP_TIE: max_gap=0.0000mm mean=0.0000mm n=61 | DISPLAY_BOT_R_PLATE_R_TOP_TIE: max_gap=0.0000mm mean=0.0000mm n=61

[PNG] Deformed shape saved: D:\PythonCodeStudy\WHT_DispFoldSolver\examples\dbg2_a.png
----------------------------------------------------------------------------------------------------
Step 4 | Attempting time increment: dt = 0.01000s (t: 0.0225s -> 0.0325s)
----------------------------------------------------------------------------------------------------

  Nonlinear Iteration Summary (Newton-Raphson)
  ==========================================================================================================================
  Time increment dt: 1.000e-02
  Convergence Tol  : 1.0e-02 (Disp Ratio)     Max Iterations: 50
  --------------------------------------------------------------------------------------------------------------------------
  Iter   Max Res.Force  (Node/DOF)    Max Disp.Corr  (Node/DOF)    Max Disp.Incr  Disp.Ratio  Energy.Err  LS.alpha  TieNodes
  --------------------------------------------------------------------------------------------------------------------------
     1    2.2071e+03  N144(UY)       1.4148e-03  N347(UY)       1.3137e-02     6.70e-02    1.84e+02      1.00       122
     2    1.0814e-03  N144(UY)       7.4128e-07  N5321(UY)      1.3137e-02     2.87e-05    4.47e-11      1.00       122
  ---------------------------------------------------------------------------------------------------------------------
  => Increment Converged. (Time: 10.96 s)

     1     4     1       0       1     0.0325     0.0100     0.0100
[ALPHA] max|a|=2.6866e-04 (clamp 0.05)  mean|a|(nonzero)=7.723e-07  frac elems >0.9*clamp=0.000%

  [MONITOR] Step   4 | Time 0.0325s / 1.0s (  3.2%)
            Fold Angle: Target +-  0.03deg | Actual [-0.03deg, +0.03deg]
            Plate Tips Y: Left= -0.48mm | Right= -0.48mm | Max Disp=  0.02mm
            Newton Iters:  1 | dt: 0.01000s
            [DIAGNOSTIC] display/plate max|u| ratio=1.0000 (display=0.020mm, plate=0.000mm)
            [DIAGNOSTIC] Real tie gap (not just active-pair count): DISPLAY_BOT_L_PLATE_L_TOP_TIE: max_gap=0.0000mm mean=0.0000mm n=61 | DISPLAY_BOT_R_PLATE_R_TOP_TIE: max_gap=0.0000mm mean=0.0000mm n=61

[PNG] Deformed shape saved: D:\PythonCodeStudy\WHT_DispFoldSolver\examples\dbg2_a.png
----------------------------------------------------------------------------------------------------
Step 5 | Attempting time increment: dt = 0.01000s (t: 0.0325s -> 0.0425s)
----------------------------------------------------------------------------------------------------

  Nonlinear Iteration Summary (Newton-Raphson)
  ==========================================================================================================================
  Time increment dt: 1.000e-02
  Convergence Tol  : 1.0e-02 (Disp Ratio)     Max Iterations: 50
  --------------------------------------------------------------------------------------------------------------------------
  Iter   Max Res.Force  (Node/DOF)    Max Disp.Corr  (Node/DOF)    Max Disp.Incr  Disp.Ratio  Energy.Err  LS.alpha  TieNodes
  --------------------------------------------------------------------------------------------------------------------------
     1    1.2891e+03  N1(UY)         8.2669e-04  N145(UY)       2.3816e-02     1.78e-02    6.29e+01      1.00       122
     2    1.8277e-03  N144(UY)       9.4179e-07  N5321(UY)      2.3816e-02     1.66e-05    1.27e-10      1.00       122
  ---------------------------------------------------------------------------------------------------------------------
  => Increment Converged. (Time: 9.63 s)

     1     5     1       0       1     0.0425     0.0100     0.0100
[ALPHA] max|a|=5.9460e-04 (clamp 0.05)  mean|a|(nonzero)=1.707e-06  frac elems >0.9*clamp=0.000%

  [MONITOR] Step   5 | Time 0.0425s / 1.0s (  4.2%)
            Fold Angle: Target +-  0.06deg | Actual [-0.06deg, +0.06deg]
            Plate Tips Y: Left= -0.46mm | Right= -0.46mm | Max Disp=  0.04mm
            Newton Iters:  1 | dt: 0.01000s
            [DIAGNOSTIC] display/plate max|u| ratio=1.0000 (display=0.044mm, plate=0.000mm)
            [DIAGNOSTIC] Real tie gap (not just active-pair count): DISPLAY_BOT_L_PLATE_L_TOP_TIE: max_gap=0.0000mm mean=0.0000mm n=61 | DISPLAY_BOT_R_PLATE_R_TOP_TIE: max_gap=0.0000mm mean=0.0000mm n=61

[PNG] Deformed shape saved: D:\PythonCodeStudy\WHT_DispFoldSolver\examples\dbg2_a.png
----------------------------------------------------------------------------------------------------
Step 6 | Attempting time increment: dt = 0.01000s (t: 0.0425s -> 0.0525s)
----------------------------------------------------------------------------------------------------

  Nonlinear Iteration Summary (Newton-Raphson)
  ==========================================================================================================================
  Time increment dt: 1.000e-02
  Convergence Tol  : 1.0e-02 (Disp Ratio)     Max Iterations: 50
  --------------------------------------------------------------------------------------------------------------------------
  Iter   Max Res.Force  (Node/DOF)    Max Disp.Corr  (Node/DOF)    Max Disp.Incr  Disp.Ratio  Energy.Err  LS.alpha  TieNodes
  --------------------------------------------------------------------------------------------------------------------------
     1    1.8964e+03  N144(UY)       1.2163e-03  N145(UY)       3.7346e-02     1.40e-02    1.36e+02      1.00       122
     2    5.9596e-03  N144(UY)       2.8168e-06  N5321(UY)      3.7346e-02     2.66e-05    1.35e-09      1.00       122
  ---------------------------------------------------------------------------------------------------------------------
  => Increment Converged. (Time: 10.09 s)

     1     6     1       0       1     0.0525     0.0100     0.0100
[ALPHA] max|a|=1.1111e-03 (clamp 0.05)  mean|a|(nonzero)=3.202e-06  frac elems >0.9*clamp=0.000%

  [MONITOR] Step   6 | Time 0.0525s / 1.0s (  5.3%)
            Fold Angle: Target +-  0.12deg | Actual [-0.12deg, +0.12deg]
            Plate Tips Y: Left= -0.42mm | Right= -0.42mm | Max Disp=  0.08mm
            Newton Iters:  1 | dt: 0.01000s
            [DIAGNOSTIC] display/plate max|u| ratio=1.0000 (display=0.081mm, plate=0.000mm)
            [DIAGNOSTIC] Real tie gap (not just active-pair count): DISPLAY_BOT_L_PLATE_L_TOP_TIE: max_gap=0.0000mm mean=0.0000mm n=61 | DISPLAY_BOT_R_PLATE_R_TOP_TIE: max_gap=0.0000mm mean=0.0000mm n=61

[PNG] Deformed shape saved: D:\PythonCodeStudy\WHT_DispFoldSolver\examples\dbg2_a.png
----------------------------------------------------------------------------------------------------
Step 7 | Attempting time increment: dt = 0.01000s (t: 0.0525s -> 0.0625s)
----------------------------------------------------------------------------------------------------

  Nonlinear Iteration Summary (Newton-Raphson)
  ==========================================================================================================================
  Time increment dt: 1.000e-02
  Convergence Tol  : 1.0e-02 (Disp Ratio)     Max Iterations: 50
  --------------------------------------------------------------------------------------------------------------------------
  Iter   Max Res.Force  (Node/DOF)    Max Disp.Corr  (Node/DOF)    Max Disp.Incr  Disp.Ratio  Energy.Err  LS.alpha  TieNodes
  --------------------------------------------------------------------------------------------------------------------------
     1    1.1834e+03  N1(UY)         7.5996e-04  N145(UY)       5.3528e-02     5.28e-03    5.31e+01      1.00       122
     2    6.3288e-03  N144(UY)       2.9194e-06  N5321(UY)      5.3528e-02     1.65e-05    1.52e-09      1.00       122
  ---------------------------------------------------------------------------------------------------------------------
  => Increment Converged. (Time: 9.45 s)

     1     7     1       0       1     0.0625     0.0100     0.0100
[ALPHA] max|a|=1.8620e-03 (clamp 0.05)  mean|a|(nonzero)=5.413e-06  frac elems >0.9*clamp=0.000%

  [MONITOR] Step   7 | Time 0.0625s / 1.0s (  6.2%)
            Fold Angle: Target +-  0.20deg | Actual [-0.20deg, +0.20deg]
            Plate Tips Y: Left= -0.37mm | Right= -0.37mm | Max Disp=  0.13mm
            Newton Iters:  1 | dt: 0.01000s
            [DIAGNOSTIC] display/plate max|u| ratio=1.0000 (display=0.134mm, plate=0.000mm)
            [DIAGNOSTIC] Real tie gap (not just active-pair count): DISPLAY_BOT_L_PLATE_L_TOP_TIE: max_gap=0.0000mm mean=0.0000mm n=61 | DISPLAY_BOT_R_PLATE_R_TOP_TIE: max_gap=0.0000mm mean=0.0000mm n=61

[PNG] Deformed shape saved: D:\PythonCodeStudy\WHT_DispFoldSolver\examples\dbg2_a.png
----------------------------------------------------------------------------------------------------
Step 8 | Attempting time increment: dt = 0.01000s (t: 0.0625s -> 0.0725s)
----------------------------------------------------------------------------------------------------

  Nonlinear Iteration Summary (Newton-Raphson)
  ==========================================================================================================================
  Time increment dt: 1.000e-02
  Convergence Tol  : 1.0e-02 (Disp Ratio)     Max Iterations: 50
  --------------------------------------------------------------------------------------------------------------------------
  Iter   Max Res.Force  (Node/DOF)    Max Disp.Corr  (Node/DOF)    Max Disp.Incr  Disp.Ratio  Energy.Err  LS.alpha  TieNodes
  --------------------------------------------------------------------------------------------------------------------------
     1    1.5418e+03  N1(UY)         9.9031e-04  N145(UY)       7.2171e-02     4.48e-03    9.01e+01      1.00       122
     2    1.3388e-02  N144(UY)       4.9551e-06  N5321(UY)      7.2171e-02     1.83e-05    6.79e-09      1.00       122
  ---------------------------------------------------------------------------------------------------------------------
  => Increment Converged. (Time: 9.54 s)

     1     8     1       0       1     0.0725     0.0100     0.0100
[ALPHA] max|a|=2.8936e-03 (clamp 0.05)  mean|a|(nonzero)=8.552e-06  frac elems >0.9*clamp=0.000%

  [MONITOR] Step   8 | Time 0.0725s / 1.0s (  7.2%)
            Fold Angle: Target +-  0.31deg | Actual [-0.31deg, +0.31deg]
            Plate Tips Y: Left= -0.29mm | Right= -0.29mm | Max Disp=  0.21mm
            Newton Iters:  1 | dt: 0.01000s
            [DIAGNOSTIC] display/plate max|u| ratio=1.0000 (display=0.207mm, plate=0.000mm)
            [DIAGNOSTIC] Real tie gap (not just active-pair count): DISPLAY_BOT_L_PLATE_L_TOP_TIE: max_gap=0.0000mm mean=0.0000mm n=61 | DISPLAY_BOT_R_PLATE_R_TOP_TIE: max_gap=0.0000mm mean=0.0000mm n=61

[PNG] Deformed shape saved: D:\PythonCodeStudy\WHT_DispFoldSolver\examples\dbg2_a.png
----------------------------------------------------------------------------------------------------
Step 9 | Attempting time increment: dt = 0.01000s (t: 0.0725s -> 0.0825s)
----------------------------------------------------------------------------------------------------

  Nonlinear Iteration Summary (Newton-Raphson)
  ==========================================================================================================================
  Time increment dt: 1.000e-02
  Convergence Tol  : 1.0e-02 (Disp Ratio)     Max Iterations: 50
  --------------------------------------------------------------------------------------------------------------------------
  Iter   Max Res.Force  (Node/DOF)    Max Disp.Corr  (Node/DOF)    Max Disp.Incr  Disp.Ratio  Energy.Err  LS.alpha  TieNodes
  --------------------------------------------------------------------------------------------------------------------------
     1    1.0763e+03  N1(UY)         6.9274e-04  N347(UY)       9.3083e-02     2.18e-03    4.40e+01      1.00       122
     2    1.2923e-02  N144(UY)       2.7802e-06  N5321(UY)      9.3083e-02     7.22e-06    6.33e-09      1.00       122
  ---------------------------------------------------------------------------------------------------------------------
  => Increment Converged. (Time: 9.40 s)

     1     9     1       0       1     0.0825     0.0100     0.0100
[ALPHA] max|a|=4.2579e-03 (clamp 0.05)  mean|a|(nonzero)=1.293e-05  frac elems >0.9*clamp=0.000%

  [MONITOR] Step   9 | Time 0.0825s / 1.0s (  8.2%)
            Fold Angle: Target +-  0.44deg | Actual [-0.44deg, +0.44deg]
            Plate Tips Y: Left= -0.20mm | Right= -0.20mm | Max Disp=  0.30mm
            Newton Iters:  1 | dt: 0.01000s
            [DIAGNOSTIC] display/plate max|u| ratio=1.0000 (display=0.300mm, plate=0.000mm)
            [DIAGNOSTIC] Real tie gap (not just active-pair count): DISPLAY_BOT_L_PLATE_L_TOP_TIE: max_gap=0.0000mm mean=0.0000mm n=61 | DISPLAY_BOT_R_PLATE_R_TOP_TIE: max_gap=0.0000mm mean=0.0000mm n=61

[PNG] Deformed shape saved: D:\PythonCodeStudy\WHT_DispFoldSolver\examples\dbg2_a.png
----------------------------------------------------------------------------------------------------
Step 10 | Attempting time increment: dt = 0.01000s (t: 0.0825s -> 0.0925s)
----------------------------------------------------------------------------------------------------

  Nonlinear Iteration Summary (Newton-Raphson)
  ==========================================================================================================================
  Time increment dt: 1.000e-02
  Convergence Tol  : 1.0e-02 (Disp Ratio)     Max Iterations: 50
  --------------------------------------------------------------------------------------------------------------------------
  Iter   Max Res.Force  (Node/DOF)    Max Disp.Corr  (Node/DOF)    Max Disp.Incr  Disp.Ratio  Energy.Err  LS.alpha  TieNodes
  --------------------------------------------------------------------------------------------------------------------------
     1    1.2325e+03  N1(UY)         7.9278e-04  N145(UY)       1.1608e-01     1.85e-03    5.79e+01      1.00       122
     2    2.0820e-02  N144(UY)       1.7369e-06  N5322(UY)      1.1608e-01     2.81e-06    1.64e-08      1.00       122
  ---------------------------------------------------------------------------------------------------------------------
  => Increment Converged. (Time: 9.48 s)

     1    10     1       0       1     0.0925     0.0100     0.0100
[ALPHA] max|a|=6.0183e-03 (clamp 0.05)  mean|a|(nonzero)=1.905e-05  frac elems >0.9*clamp=0.000%

  [MONITOR] Step  10 | Time 0.0925s / 1.0s (  9.2%)
            Fold Angle: Target +-  0.62deg | Actual [-0.62deg, +0.62deg]
            Plate Tips Y: Left= -0.08mm | Right= -0.08mm | Max Disp=  0.42mm
            Newton Iters:  1 | dt: 0.01000s
            [DIAGNOSTIC] display/plate max|u| ratio=1.0000 (display=0.416mm, plate=0.000mm)
            [DIAGNOSTIC] Real tie gap (not just active-pair count): DISPLAY_BOT_L_PLATE_L_TOP_TIE: max_gap=0.0000mm mean=0.0000mm n=61 | DISPLAY_BOT_R_PLATE_R_TOP_TIE: max_gap=0.0000mm mean=0.0000mm n=61
            [DIAGNOSTIC] Hinge curvature: max_curv_ratio=11.73 kink_detected=True at x=8.50mm

[PNG] Deformed shape saved: D:\PythonCodeStudy\WHT_DispFoldSolver\examples\dbg2_a.png
----------------------------------------------------------------------------------------------------
Step 11 | Attempting time increment: dt = 0.01000s (t: 0.0925s -> 0.1025s)
----------------------------------------------------------------------------------------------------

  Nonlinear Iteration Summary (Newton-Raphson)
  ==========================================================================================================================
  Time increment dt: 1.000e-02
  Convergence Tol  : 1.0e-02 (Disp Ratio)     Max Iterations: 50
  --------------------------------------------------------------------------------------------------------------------------
  Iter   Max Res.Force  (Node/DOF)    Max Disp.Corr  (Node/DOF)    Max Disp.Incr  Disp.Ratio  Energy.Err  LS.alpha  TieNodes
  --------------------------------------------------------------------------------------------------------------------------
     1    9.3757e+02  N143(UY)       6.0231e-04  N5219(UY)      1.4097e-01     1.18e-03    3.37e+01      1.00       122
     2    1.9602e-02  N1(UY)         8.8108e-06  N5321(UY)      1.4097e-01     1.15e-05    1.46e-08      1.00       122
  ---------------------------------------------------------------------------------------------------------------------
  => Increment Converged. (Time: 9.50 s)

     1    11     1       0       1     0.1025     0.0100     0.0100
[ALPHA] max|a|=8.2650e-03 (clamp 0.05)  mean|a|(nonzero)=2.771e-05  frac elems >0.9*clamp=0.000%

  [MONITOR] Step  11 | Time 0.1025s / 1.0s ( 10.2%)
            Fold Angle: Target +-  0.83deg | Actual [-0.83deg, +0.83deg]
            Plate Tips Y: Left= +0.06mm | Right= +0.06mm | Max Disp=  0.56mm
            Newton Iters:  1 | dt: 0.01000s
            [DIAGNOSTIC] display/plate max|u| ratio=1.0000 (display=0.557mm, plate=0.000mm)
            [DIAGNOSTIC] Real tie gap (not just active-pair count): DISPLAY_BOT_L_PLATE_L_TOP_TIE: max_gap=0.0000mm mean=0.0000mm n=61 | DISPLAY_BOT_R_PLATE_R_TOP_TIE: max_gap=0.0000mm mean=0.0000mm n=61

[PNG] Deformed shape saved: D:\PythonCodeStudy\WHT_DispFoldSolver\examples\dbg2_a.png
----------------------------------------------------------------------------------------------------
Step 12 | Attempting time increment: dt = 0.01000s (t: 0.1025s -> 0.1125s)
----------------------------------------------------------------------------------------------------

  Nonlinear Iteration Summary (Newton-Raphson)
  ==========================================================================================================================
  Time increment dt: 1.000e-02
  Convergence Tol  : 1.0e-02 (Disp Ratio)     Max Iterations: 50
  --------------------------------------------------------------------------------------------------------------------------
  Iter   Max Res.Force  (Node/DOF)    Max Disp.Corr  (Node/DOF)    Max Disp.Incr  Disp.Ratio  Energy.Err  LS.alpha  TieNodes
  --------------------------------------------------------------------------------------------------------------------------
     1    9.7624e+02  N2(UY)         6.7872e-04  N246(UY)       1.6757e-01     1.11e-03    3.66e+01      1.00       122
     2    2.6341e-02  N1(UY)         7.0743e-06  N5322(UY)      1.6757e-01     7.19e-06    2.63e-08      1.00       122
  ---------------------------------------------------------------------------------------------------------------------
  => Increment Converged. (Time: 9.46 s)

     1    12     1       0       1     0.1125     0.0100     0.0100
[ALPHA] max|a|=1.4543e-02 (clamp 0.05)  mean|a|(nonzero)=4.014e-05  frac elems >0.9*clamp=0.000%

  [MONITOR] Step  12 | Time 0.1125s / 1.0s ( 11.2%)
            Fold Angle: Target +-  1.07deg | Actual [-1.07deg, +1.07deg]
            Plate Tips Y: Left= +0.22mm | Right= +0.22mm | Max Disp=  0.72mm
            Newton Iters:  1 | dt: 0.01000s
            [DIAGNOSTIC] display/plate max|u| ratio=1.0000 (display=0.724mm, plate=0.000mm)
            [DIAGNOSTIC] Real tie gap (not just active-pair count): DISPLAY_BOT_L_PLATE_L_TOP_TIE: max_gap=0.0000mm mean=0.0000mm n=61 | DISPLAY_BOT_R_PLATE_R_TOP_TIE: max_gap=0.0000mm mean=0.0000mm n=61

[PNG] Deformed shape saved: D:\PythonCodeStudy\WHT_DispFoldSolver\examples\dbg2_a.png
----------------------------------------------------------------------------------------------------
Step 13 | Attempting time increment: dt = 0.01000s (t: 0.1125s -> 0.1225s)
----------------------------------------------------------------------------------------------------

  Nonlinear Iteration Summary (Newton-Raphson)
  ==========================================================================================================================
  Time increment dt: 1.000e-02
  Convergence Tol  : 1.0e-02 (Disp Ratio)     Max Iterations: 50
  --------------------------------------------------------------------------------------------------------------------------
  Iter   Max Res.Force  (Node/DOF)    Max Disp.Corr  (Node/DOF)    Max Disp.Incr  Disp.Ratio  Energy.Err  LS.alpha  TieNodes
  --------------------------------------------------------------------------------------------------------------------------
     1    7.8684e+02  N143(UY)       8.3425e-04  N246(UY)       1.9568e-01     8.90e-04    2.38e+01      1.00       122
     2    2.4764e-02  N1(UY)         1.9045e-05  N652(UY)       1.9568e-01     1.51e-05    2.33e-08      1.00       122
  ---------------------------------------------------------------------------------------------------------------------
  => Increment Converged. (Time: 10.08 s)

     1    13     1       0       1     0.1225     0.0100     0.0100
[ALPHA] max|a|=2.4028e-02 (clamp 0.05)  mean|a|(nonzero)=5.786e-05  frac elems >0.9*clamp=0.000%

  [MONITOR] Step  13 | Time 0.1225s / 1.0s ( 12.2%)
            Fold Angle: Target +-  1.37deg | Actual [-1.37deg, +1.37deg]
            Plate Tips Y: Left= +0.42mm | Right= +0.42mm | Max Disp=  0.92mm
            Newton Iters:  1 | dt: 0.01000s
            [DIAGNOSTIC] display/plate max|u| ratio=1.0000 (display=0.920mm, plate=0.000mm)
            [DIAGNOSTIC] Real tie gap (not just active-pair count): DISPLAY_BOT_L_PLATE_L_TOP_TIE: max_gap=0.0000mm mean=0.0000mm n=61 | DISPLAY_BOT_R_PLATE_R_TOP_TIE: max_gap=0.0000mm mean=0.0000mm n=61

[PNG] Deformed shape saved: D:\PythonCodeStudy\WHT_DispFoldSolver\examples\dbg2_a.png
----------------------------------------------------------------------------------------------------
Step 14 | Attempting time increment: dt = 0.01000s (t: 0.1225s -> 0.1325s)
----------------------------------------------------------------------------------------------------

  Nonlinear Iteration Summary (Newton-Raphson)
  ==========================================================================================================================
  Time increment dt: 1.000e-02
  Convergence Tol  : 1.0e-02 (Disp Ratio)     Max Iterations: 50
  --------------------------------------------------------------------------------------------------------------------------
  Iter   Max Res.Force  (Node/DOF)    Max Disp.Corr  (Node/DOF)    Max Disp.Incr  Disp.Ratio  Energy.Err  LS.alpha  TieNodes
  --------------------------------------------------------------------------------------------------------------------------
     1    7.6588e+02  N143(UY)       8.5013e-04  N5321(UY)      2.2516e-01     7.28e-04    2.26e+01      1.00       122
     2    3.0021e-02  N1(UY)         6.4408e-05  N652(UY)       2.2516e-01     4.14e-05    3.43e-08      1.00       122
  ---------------------------------------------------------------------------------------------------------------------
  => Increment Converged. (Time: 9.59 s)

     1    14     1       0       1     0.1325     0.0100     0.0100
[ALPHA] max|a|=3.5543e-02 (clamp 0.05)  mean|a|(nonzero)=8.213e-05  frac elems >0.9*clamp=0.000%

  [MONITOR] Step  14 | Time 0.1325s / 1.0s ( 13.2%)
            Fold Angle: Target +-  1.70deg | Actual [-1.70deg, +1.70deg]
            Plate Tips Y: Left= +0.65mm | Right= +0.65mm | Max Disp=  1.15mm
            Newton Iters:  1 | dt: 0.01000s
            [DIAGNOSTIC] display/plate max|u| ratio=1.0000 (display=1.145mm, plate=0.000mm)
            [DIAGNOSTIC] Real tie gap (not just active-pair count): DISPLAY_BOT_L_PLATE_L_TOP_TIE: max_gap=0.0000mm mean=0.0000mm n=61 | DISPLAY_BOT_R_PLATE_R_TOP_TIE: max_gap=0.0000mm mean=0.0000mm n=61

[PNG] Deformed shape saved: D:\PythonCodeStudy\WHT_DispFoldSolver\examples\dbg2_a.png
----------------------------------------------------------------------------------------------------
Step 15 | Attempting time increment: dt = 0.01000s (t: 0.1325s -> 0.1425s)
----------------------------------------------------------------------------------------------------

  Nonlinear Iteration Summary (Newton-Raphson)
  ==========================================================================================================================
  Time increment dt: 1.000e-02
  Convergence Tol  : 1.0e-02 (Disp Ratio)     Max Iterations: 50
  --------------------------------------------------------------------------------------------------------------------------
  Iter   Max Res.Force  (Node/DOF)    Max Disp.Corr  (Node/DOF)    Max Disp.Incr  Disp.Ratio  Energy.Err  LS.alpha  TieNodes
  --------------------------------------------------------------------------------------------------------------------------
     1    6.3548e+02  N143(UY)       6.4917e-04  N5321(UY)      2.5584e-01     4.86e-04    1.56e+01      1.00       122
     2    2.9626e-02  N1(UY)         9.2301e-05  N855(UY)       2.5584e-01     4.96e-05    3.36e-08      1.00       122
  ---------------------------------------------------------------------------------------------------------------------
  => Increment Converged. (Time: 10.14 s)

     1    15     1       0       1     0.1425     0.0100     0.0100
[ALPHA] max|a|=4.4103e-02 (clamp 0.05)  mean|a|(nonzero)=1.130e-04  frac elems >0.9*clamp=0.000%

  [MONITOR] Step  15 | Time 0.1425s / 1.0s ( 14.2%)
            Fold Angle: Target +-  2.08deg | Actual [-2.08deg, +2.08deg]
            Plate Tips Y: Left= +0.90mm | Right= +0.90mm | Max Disp=  1.40mm
            Newton Iters:  1 | dt: 0.01000s
            [DIAGNOSTIC] display/plate max|u| ratio=1.0000 (display=1.401mm, plate=0.000mm)
            [DIAGNOSTIC] Real tie gap (not just active-pair count): DISPLAY_BOT_L_PLATE_L_TOP_TIE: max_gap=0.0000mm mean=0.0000mm n=61 | DISPLAY_BOT_R_PLATE_R_TOP_TIE: max_gap=0.0000mm mean=0.0000mm n=61

[PNG] Deformed shape saved: D:\PythonCodeStudy\WHT_DispFoldSolver\examples\dbg2_a.png
----------------------------------------------------------------------------------------------------
Step 16 | Attempting time increment: dt = 0.01000s (t: 0.1425s -> 0.1525s)
----------------------------------------------------------------------------------------------------

  Nonlinear Iteration Summary (Newton-Raphson)
  ==========================================================================================================================
  Time increment dt: 1.000e-02
  Convergence Tol  : 1.0e-02 (Disp Ratio)     Max Iterations: 50
  --------------------------------------------------------------------------------------------------------------------------
  Iter   Max Res.Force  (Node/DOF)    Max Disp.Corr  (Node/DOF)    Max Disp.Incr  Disp.Ratio  Energy.Err  LS.alpha  TieNodes
  --------------------------------------------------------------------------------------------------------------------------
     1    5.9047e+02  N143(UY)       4.2759e-04  N145(UY)       2.8761e-01     3.09e-04    1.35e+01      1.00       122
     2    3.5926e-02  N1(UY)         5.8048e-05  N5319(UY)      2.8761e-01     2.89e-05    4.93e-08      1.00       122
  ---------------------------------------------------------------------------------------------------------------------
  => Increment Converged. (Time: 9.43 s)

     1    16     1       0       1     0.1525     0.0100     0.0100
[ALPHA] max|a|=4.6976e-02 (clamp 0.05)  mean|a|(nonzero)=1.499e-04  frac elems >0.9*clamp=0.033%

  [MONITOR] Step  16 | Time 0.1525s / 1.0s ( 15.2%)
            Fold Angle: Target +-  2.51deg | Actual [-2.51deg, +2.51deg]
            Plate Tips Y: Left= +1.19mm | Right= +1.19mm | Max Disp=  1.69mm
            Newton Iters:  1 | dt: 0.01000s
            [DIAGNOSTIC] display/plate max|u| ratio=1.0000 (display=1.689mm, plate=0.000mm)
            [DIAGNOSTIC] Real tie gap (not just active-pair count): DISPLAY_BOT_L_PLATE_L_TOP_TIE: max_gap=0.0000mm mean=0.0000mm n=61 | DISPLAY_BOT_R_PLATE_R_TOP_TIE: max_gap=0.0000mm mean=0.0000mm n=61

[PNG] Deformed shape saved: D:\PythonCodeStudy\WHT_DispFoldSolver\examples\dbg2_a.png
----------------------------------------------------------------------------------------------------
Step 17 | Attempting time increment: dt = 0.01000s (t: 0.1525s -> 0.1625s)
----------------------------------------------------------------------------------------------------

  Nonlinear Iteration Summary (Newton-Raphson)
  ==========================================================================================================================
  Time increment dt: 1.000e-02
  Convergence Tol  : 1.0e-02 (Disp Ratio)     Max Iterations: 50
  --------------------------------------------------------------------------------------------------------------------------
  Iter   Max Res.Force  (Node/DOF)    Max Disp.Corr  (Node/DOF)    Max Disp.Incr  Disp.Ratio  Energy.Err  LS.alpha  TieNodes
  --------------------------------------------------------------------------------------------------------------------------
     1    4.9670e+02  N143(UY)       3.4045e-04  N145(UY)       3.2035e-01     1.86e-04    9.68e+00      1.00       122
     2    4.1121e-02  N1(UY)         7.1272e-05  N652(UY)       3.2035e-01     2.10e-05    6.51e-08      1.00       122
  ---------------------------------------------------------------------------------------------------------------------
  => Increment Converged. (Time: 10.25 s)

     1    17     1       0       1     0.1625     0.0100     0.0100
[ALPHA] max|a|=4.8567e-02 (clamp 0.05)  mean|a|(nonzero)=1.895e-04  frac elems >0.9*clamp=0.066%

  [MONITOR] Step  17 | Time 0.1625s / 1.0s ( 16.2%)
            Fold Angle: Target +-  2.98deg | Actual [-2.98deg, +2.98deg]
            Plate Tips Y: Left= +1.51mm | Right= +1.51mm | Max Disp=  2.01mm
            Newton Iters:  1 | dt: 0.01000s
            [DIAGNOSTIC] display/plate max|u| ratio=1.0000 (display=2.009mm, plate=0.000mm)
            [DIAGNOSTIC] Real tie gap (not just active-pair count): DISPLAY_BOT_L_PLATE_L_TOP_TIE: max_gap=0.0000mm mean=0.0000mm n=61 | DISPLAY_BOT_R_PLATE_R_TOP_TIE: max_gap=0.0000mm mean=0.0000mm n=61

[PNG] Deformed shape saved: D:\PythonCodeStudy\WHT_DispFoldSolver\examples\dbg2_a.png
----------------------------------------------------------------------------------------------------
Step 18 | Attempting time increment: dt = 0.01000s (t: 0.1625s -> 0.1725s)
----------------------------------------------------------------------------------------------------

  Nonlinear Iteration Summary (Newton-Raphson)
  ==========================================================================================================================
  Time increment dt: 1.000e-02
  Convergence Tol  : 1.0e-02 (Disp Ratio)     Max Iterations: 50
  --------------------------------------------------------------------------------------------------------------------------
  Iter   Max Res.Force  (Node/DOF)    Max Disp.Corr  (Node/DOF)    Max Disp.Incr  Disp.Ratio  Energy.Err  LS.alpha  TieNodes
  --------------------------------------------------------------------------------------------------------------------------
     1    5.4315e+02  N1(UX)         7.9100e-03  N83(UX)        3.5389e-01     4.08e-04    7.97e+00      1.00       122
     2    5.5975e-02  N144(UY)       3.7783e-03  N83(UX)        3.5389e-01     6.01e-04    1.18e-05      1.00       122
  ---------------------------------------------------------------------------------------------------------------------
  => Increment Converged. (Time: 9.60 s)

     1    18     1       0       1     0.1725     0.0100     0.0100
[ALPHA] max|a|=4.8444e-02 (clamp 0.05)  mean|a|(nonzero)=2.228e-04  frac elems >0.9*clamp=0.066%

  [MONITOR] Step  18 | Time 0.1725s / 1.0s ( 17.2%)
            Fold Angle: Target +-  3.51deg | Actual [-3.51deg, +3.51deg]
            Plate Tips Y: Left= +1.86mm | Right= +1.86mm | Max Disp=  2.36mm
            Newton Iters:  1 | dt: 0.01000s
            [DIAGNOSTIC] display/plate max|u| ratio=1.0000 (display=2.363mm, plate=0.000mm)
            [DIAGNOSTIC] Real tie gap (not just active-pair count): DISPLAY_BOT_L_PLATE_L_TOP_TIE: max_gap=0.0000mm mean=0.0000mm n=61 | DISPLAY_BOT_R_PLATE_R_TOP_TIE: max_gap=0.0000mm mean=0.0000mm n=61

[PNG] Deformed shape saved: D:\PythonCodeStudy\WHT_DispFoldSolver\examples\dbg2_a.png
----------------------------------------------------------------------------------------------------
Step 19 | Attempting time increment: dt = 0.01000s (t: 0.1725s -> 0.1825s)
----------------------------------------------------------------------------------------------------

  Nonlinear Iteration Summary (Newton-Raphson)
  ==========================================================================================================================
  Time increment dt: 1.000e-02
  Convergence Tol  : 1.0e-02 (Disp Ratio)     Max Iterations: 50
  --------------------------------------------------------------------------------------------------------------------------
  Iter   Max Res.Force  (Node/DOF)    Max Disp.Corr  (Node/DOF)    Max Disp.Incr  Disp.Ratio  Energy.Err  LS.alpha  TieNodes
  --------------------------------------------------------------------------------------------------------------------------
     1    6.0130e+02  N1(UX)         2.3650e-02  N81(UX)        3.8802e-01     3.64e-03    9.24e-02      0.12       122
     2    1.5709e+06  N77(UY)        1.9486e-02  N83(UY)        3.8821e-01     7.58e-04    9.96e+00      1.00       122
  ---------------------------------------------------------------------------------------------------------------------
  => Increment Converged. (Time: 11.36 s)

     1    19     1       0       1     0.1825     0.0100     0.0100
[ALPHA] max|a|=5.0000e-02 (clamp 0.05)  mean|a|(nonzero)=4.090e-04  frac elems >0.9*clamp=0.115%

  [MONITOR] Step  19 | Time 0.1825s / 1.0s ( 18.3%)
            Fold Angle: Target +-  4.08deg | Actual [-4.08deg, +4.08deg]
            Plate Tips Y: Left= +2.25mm | Right= +2.25mm | Max Disp=  2.75mm
            Newton Iters:  1 | dt: 0.01000s
            [DIAGNOSTIC] display/plate max|u| ratio=1.0000 (display=2.751mm, plate=0.000mm)
            [DIAGNOSTIC] Real tie gap (not just active-pair count): DISPLAY_BOT_L_PLATE_L_TOP_TIE: max_gap=0.0000mm mean=0.0000mm n=61 | DISPLAY_BOT_R_PLATE_R_TOP_TIE: max_gap=0.0000mm mean=0.0000mm n=61

[PNG] Deformed shape saved: D:\PythonCodeStudy\WHT_DispFoldSolver\examples\dbg2_a.png
----------------------------------------------------------------------------------------------------
Step 20 | Attempting time increment: dt = 0.01000s (t: 0.1825s -> 0.1925s)
----------------------------------------------------------------------------------------------------

  Nonlinear Iteration Summary (Newton-Raphson)
  ==========================================================================================================================
  Time increment dt: 1.000e-02
  Convergence Tol  : 1.0e-02 (Disp Ratio)     Max Iterations: 50
  --------------------------------------------------------------------------------------------------------------------------
  Iter   Max Res.Force  (Node/DOF)    Max Disp.Corr  (Node/DOF)    Max Disp.Incr  Disp.Ratio  Energy.Err  LS.alpha  TieNodes
  --------------------------------------------------------------------------------------------------------------------------
     1    2.4191e+06  N287(UY)       4.1195e-02  N5327(UY)      4.2135e-01     4.08e-02    1.41e+03      0.25       122
  [DIAGNOSTIC] Line search collapsed at iter 2. Inspecting element quality on trial step:

[DEBUG] Element inversion detected in element indexes: [71, 78, 82, 83, 84, 85, 86, 88, 90, 92, 94, 96, 98, 100, 102, 104, 106, 108, 110, 112, 114, 116, 118, 120, 122, 124, 258, 260, 261, 262, 263, 264, 265, 266, 269, 271, 272, 273, 282, 283, 285, 286, 287, 288, 289, 290, 291, 292, 293, 294, 295, 296, 297, 298, 299, 300, 301, 302, 303, 304, 305, 306, 307, 308, 309, 310, 311, 312, 313, 314, 458, 459, 460, 461, 462, 463, 464, 465, 466, 467, 468, 469, 470, 471, 472, 473, 474, 475, 476, 479, 480, 484, 485, 486, 487, 488, 489, 490, 491, 492, 493, 494, 495, 496, 497, 498, 499, 500, 501, 502, 503, 504, 505, 506, 507, 508, 509, 510, 511, 512, 513, 514, 515, 516, 517, 518, 519, 520, 521, 659, 660, 661, 662, 663, 664, 665, 666, 667, 668, 669, 670, 671, 672, 673, 674, 675, 677, 678, 679, 680, 681, 682, 683, 684, 685, 686, 687, 688, 689, 690, 691, 692, 693, 694, 695, 696, 697, 698, 699, 700, 701, 702, 703, 704, 705, 706, 707, 708, 709, 710, 711, 712, 713, 714, 715, 716, 717, 718, 719, 720, 721, 722, 723, 724, 725, 808, 809, 810, 811, 812, 813, 814, 815, 816, 817, 818, 819, 820, 821, 822, 823, 824, 825, 826, 827, 828, 829, 830, 831, 832, 833, 834, 835, 836, 837, 838, 839, 840, 841, 842, 843, 844, 845, 846, 847, 870, 871, 872, 873, 875, 876, 881, 883, 884, 885, 886, 888, 889, 890, 891, 892, 893, 894, 895, 896, 898, 900, 902, 904, 906, 908, 910, 912, 914, 916, 918, 920, 922, 924, 926, 928, 930, 1083, 1087, 1089, 1090, 1092, 1278, 1289, 1291, 1292, 1294, 1491, 1493, 1494, 1496, 1616, 1617, 1618, 1619, 1620, 1621, 1622, 1623, 1624, 1625, 1626, 1627, 1628, 1629, 1630, 1631, 1632, 1633, 1634, 1635, 1636, 1637, 1638, 1639, 1640, 1641, 1642, 1643, 1644, 1645, 1646, 1647, 1648, 1649, 1650, 1651, 1677, 1678, 1679, 1680, 1681, 1682, 1683, 1684, 1688, 1689, 1691, 1692, 1693, 1694, 1695, 1696, 1699, 1700, 1701, 1703, 1704, 1705, 1706, 1895, 1899, 1901, 2097, 2101, 2103, 2295, 2299, 2305, 2423, 2424, 2425, 2426, 2427, 2428, 2429, 2430, 2431, 2432, 2433, 2434, 2435, 2436, 2437, 2438, 2439, 2440, 2441, 2442, 2443, 2444, 2445, 2446, 2447, 2448, 2449, 2450, 2451, 2452, 2453, 2454, 2455, 2456, 2457, 2458, 2459, 2460, 2461, 2462, 2463, 2464, 2490, 2491, 2492, 2498, 2499, 2500, 2501, 2502, 2503, 2505, 2506, 2507, 2508, 2509, 2510, 2511, 2512, 2513, 2703, 2709, 2905, 2911, 3107, 3113, 3232, 3233, 3234, 3235, 3236, 3237, 3238, 3239, 3240, 3241, 3242, 3243, 3244, 3245, 3246, 3247, 3248, 3249, 3250, 3251, 3252, 3253, 3254, 3255, 3256, 3257, 3258, 3259, 3260, 3261, 3262, 3263, 3264, 3265, 3266, 3267, 3268, 3269, 3294, 3295, 3296, 3297, 3298, 3299, 3300, 3305, 3306, 3307, 3308, 3309, 3310, 3311, 3312, 3313, 3314, 3316, 3317, 3318, 3319, 3320, 3321, 3511, 3713, 3915, 4042, 4043, 4044, 4045, 4046, 4047, 4048, 4049, 4050, 4051, 4052, 4053, 4054, 4055, 4056, 4057, 4058, 4059, 4060, 4061, 4062, 4063, 4064, 4065, 4066, 4067, 4068, 4069, 4070, 4071, 4101, 4102, 4103, 4104, 4105, 4106, 4107, 4108, 4109, 4110, 4111, 4112, 4113, 4114, 4115, 4116, 4117, 4118, 4119, 4120, 4121, 4122, 4123, 4124, 4125, 4126, 4127, 4128, 4319, 4521, 4723, 4853, 4854, 4855, 4856, 4857, 4858, 4859, 4860, 4861, 4862, 4863, 4864, 4865, 4866, 4867, 4868, 4869, 4870, 4871, 4909, 4910, 4911, 4912, 4913, 4914, 4915, 4916, 4917, 4918, 4919, 4920, 4921, 4922, 4923, 4924, 4925, 4926, 4927, 4928, 4929, 4930, 4931, 4932, 4933, 4934, 4935, 4936, 5127, 5329, 5531]
  Element ID: 72 (index 71, pid 1)
    detF: [-85.40088646400294, -19.363592175027716, -17.939899003620678, -83.97719329259597]
    Nodes connectivity: [73, 74, 277, 276]
      Node 73: initial=[7.5, 0.0], current=[7.489387488346909, 1.312001694711241], u=[-0.010612511653090496, 1.312001694711241]
      Node 74: initial=[7.75, 0.0], current=[7.7505506495016, 0.8018752013296856], u=[0.0005506495015993757, 0.8018752013296856]
      Node 277: initial=[7.75, 0.03], current=[7.79240818120739, 0.8432174356691546], u=[0.042408181207390434, 0.8132174356691546]
      Node 276: initial=[7.5, 0.03], current=[6.264126008173459, 0.5436637367539268], u=[-1.235873991826541, 0.5136637367539267]
  Element ID: 79 (index 78, pid 1)
    detF: [-3259.706418318119, 993.762310662124, 8217.435721050184, 3963.9669920699525]
    Nodes connectivity: [80, 81, 284, 283]
      Node 80: initial=[10.0, 0.0], current=[10.421535088272023, -1.2788485014526398], u=[0.421535088272023, -1.2788485014526398]
      Node 81: initial=[10.5, 0.0], current=[10.077074988591518, 0.7742048281082813], u=[-0.4229250114084817, 0.7742048281082813]
      Node 284: initial=[10.5, 0.03], current=[10.709784356673646, 1.070711688840322], u=[0.20978435667364534, 1.040711688840322]
      Node 283: initial=[10.0, 0.03], current=[14.817370425739819, 297.404789406726], u=[4.817370425739819, 297.37478940672605]
  Element ID: 83 (index 82, pid 1)
    detF: [-448.83887129740094, -705.3529505059573, -1731.6310932192478, -1475.117014010691]
    Nodes connectivity: [84, 85, 288, 287]
      Node 84: initial=[12.0, 0.0], current=[11.989417118777228, 0.8731090606707463], u=[-0.010582881222773257, 0.8731090606707463]
      Node 85: initial=[12.5, 0.0], current=[12.489486187683656, 0.9139399492444265], u=[-0.010513812316343098, 0.9139399492444265]
      Node 288: initial=[12.5, 0.03], current=[11.01633058650364, -11.912581177874012], u=[-1.4836694134963602, -11.942581177874011]
      Node 287: initial=[12.0, 0.03], current=[9.962933913616894, 1.328430034826966], u=[-2.037066086383107, 1.298430034826966]
  Element ID: 84 (index 83, pid 1)
    detF: [-380.3662303803031, -118.39935128671792, -263.61139363726414, -525.5782727308491]
    Nodes connectivity: [85, 86, 289, 288]
      Node 85: initial=[12.5, 0.0], current=[12.489486187683656, 0.9139399492444265], u=[-0.010513812316343098, 0.9139399492444265]
      Node 86: initial=[13.0, 0.0], current=[12.98901444882696, 0.9551357302293493], u=[-0.01098555117303897, 0.9551357302293493]
      Node 289: initial=[13.0, 0.03], current=[13.392638465997159, 1.9084447046453614], u=[0.39263846599715974, 1.8784447046453614]
      Node 288: initial=[12.5, 0.03], current=[11.01633058650364, -11.912581177874012], u=[-1.4836694134963602, -11.942581177874011]
  Element ID: 85 (index 84, pid 1)
    detF: [-16.506742081009854, -21.185042082461397, -145.30877727458954, -140.63047727313793]
    Nodes connectivity: [86, 87, 290, 289]
      Node 86: initial=[13.0, 0.0], current=[12.98901444882696, 0.9551357302293493], u=[-0.01098555117303897, 0.9551357302293493]
      Node 87: initial=[13.5, 0.0], current=[13.488536282534714, 0.9963313068014712], u=[-0.011463717465285588, 0.9963313068014712]
      Node 290: initial=[13.5, 0.03], current=[10.280246202243687, 1.4084413486288663], u=[-3.219753797756313, 1.3784413486288662]
      Node 289: initial=[13.0, 0.03], current=[13.392638465997159, 1.9084447046453614], u=[0.39263846599715974, 1.8784447046453614]

  *** ERROR: Line search failed to resolve residual explosion at iteration 2.
     1    20     1       0      50     0.1825     0.0000     0.0100   *** CUTBACK: line search collapsed (residual explosion) (Retrying step with smaller dt & target angle) ***
[ALPHA] max|a|=5.0000e-02 (clamp 0.05)  mean|a|(nonzero)=1.226e-02  frac elems >0.9*clamp=6.468%
  *** STEP 20 FAILED (conv=-50, cutback 1/20). Cutting back dt to 0.00500s ***

----------------------------------------------------------------------------------------------------
Step 20 | Attempting time increment: dt = 0.00500s (t: 0.1825s -> 0.1875s)
----------------------------------------------------------------------------------------------------

  Nonlinear Iteration Summary (Newton-Raphson)
  ==========================================================================================================================
  Time increment dt: 5.000e-03
  Convergence Tol  : 1.0e-02 (Disp Ratio)     Max Iterations: 50
  --------------------------------------------------------------------------------------------------------------------------
  Iter   Max Res.Force  (Node/DOF)    Max Disp.Corr  (Node/DOF)    Max Disp.Incr  Disp.Ratio  Energy.Err  LS.alpha  TieNodes
  --------------------------------------------------------------------------------------------------------------------------
     1    4.3374e+05  N77(UY)        2.3866e-02  N76(UX)        2.0639e-01     3.52e-02    3.00e+02      0.12       122
  [DIAGNOSTIC] Line search collapsed at iter 2. Inspecting element quality on trial step:

[DEBUG] Element inversion detected in element indexes: [74, 75, 81, 82, 83, 1687, 1688, 1689, 1690, 1691, 1692]
  Element ID: 75 (index 74, pid 1)
    detF: [7.081060484921106, -2.8971617734706774, -2.0466154552961635, 7.931606803095667]
    Nodes connectivity: [76, 77, 280, 279]
      Node 76: initial=[8.25, 0.0], current=[8.05057715795058, 0.39527013145002693], u=[-0.1994228420494199, 0.39527013145002693]
      Node 77: initial=[8.5, 0.0], current=[8.538003292829286, 0.7674282891203826], u=[0.038003292829285454, 0.7674282891203826]
      Node 280: initial=[8.5, 0.03], current=[8.501079432448028, 0.6336700488051293], u=[0.0010794324480279318, 0.6036700488051293]
      Node 279: initial=[8.25, 0.03], current=[8.211330677774214, 0.678371276580607], u=[-0.0386693222257854, 0.648371276580607]
  Element ID: 76 (index 75, pid 1)
    detF: [-3.390208307881888, 0.21554020678832192, 0.533472438670631, -3.07227607599958]
    Nodes connectivity: [77, 78, 281, 280]
      Node 77: initial=[8.5, 0.0], current=[8.538003292829286, 0.7674282891203826], u=[0.038003292829285454, 0.7674282891203826]
      Node 78: initial=[9.0, 0.0], current=[9.05467721392123, 0.6784280457566753], u=[0.054677213921230476, 0.6784280457566753]
      Node 281: initial=[9.0, 0.03], current=[9.006581978054701, 0.7279079091523329], u=[0.0065819780547007834, 0.6979079091523329]
      Node 280: initial=[8.5, 0.03], current=[8.501079432448028, 0.6336700488051293], u=[0.0010794324480279318, 0.6036700488051293]
  Element ID: 82 (index 81, pid 1)
    detF: [4.429645117100452, -1.615754509187248, -0.9779507582655961, 5.067448868022106]
    Nodes connectivity: [83, 84, 287, 286]
      Node 83: initial=[11.5, 0.0], current=[11.478838618017392, 0.5935685201791141], u=[-0.021161381982608037, 0.5935685201791141]
      Node 84: initial=[12.0, 0.0], current=[11.995298831647174, 0.8132593236354176], u=[-0.004701168352825582, 0.8132593236354176]
      Node 287: initial=[12.0, 0.03], current=[12.065891041190937, 0.7253121973565058], u=[0.06589104119093717, 0.6953121973565057]
      Node 286: initial=[11.5, 0.03], current=[11.507916864257284, 0.7920788009077278], u=[0.007916864257284457, 0.7620788009077277]
  Element ID: 83 (index 82, pid 1)
    detF: [-2.6849831813535063, -1.331877708899028, -1.521284010931328, -2.8743894833858037]
    Nodes connectivity: [84, 85, 288, 287]
      Node 84: initial=[12.0, 0.0], current=[11.995298831647174, 0.8132593236354176], u=[-0.004701168352825582, 0.8132593236354176]
      Node 85: initial=[12.5, 0.0], current=[12.495092438719926, 0.8516274119024967], u=[-0.004907561280073323, 0.8516274119024967]
      Node 288: initial=[12.5, 0.03], current=[12.565208812370473, 0.833982214226872], u=[0.06520881237047296, 0.803982214226872]
      Node 287: initial=[12.0, 0.03], current=[12.065891041190937, 0.7253121973565058], u=[0.06589104119093717, 0.6953121973565057]
  Element ID: 84 (index 83, pid 1)
    detF: [-0.32349152299509976, 1.0731572250194148, 0.8888342900612081, -0.5078144579533015]
    Nodes connectivity: [85, 86, 289, 288]
      Node 85: initial=[12.5, 0.0], current=[12.495092438719926, 0.8516274119024967], u=[-0.004907561280073323, 0.8516274119024967]
      Node 86: initial=[13.0, 0.0], current=[12.994871429034117, 0.8899894136048052], u=[-0.005128570965883757, 0.8899894136048052]
      Node 289: initial=[13.0, 0.03], current=[13.051877855329264, 0.9439420136538683], u=[0.051877855329263846, 0.9139420136538683]
      Node 288: initial=[12.5, 0.03], current=[12.565208812370473, 0.833982214226872], u=[0.06520881237047296, 0.803982214226872]

  *** ERROR: Line search failed to resolve residual explosion at iteration 2.
     1    20     2       0      50     0.1825     0.0000     0.0050   *** CUTBACK: line search collapsed (residual explosion) (Retrying step with smaller dt & target angle) ***
[ALPHA] max|a|=5.0000e-02 (clamp 0.05)  mean|a|(nonzero)=1.212e-03  frac elems >0.9*clamp=0.691%
  *** STEP 20 FAILED (conv=-50, cutback 1/20). Cutting back dt to 0.00250s ***

----------------------------------------------------------------------------------------------------
Step 20 | Attempting time increment: dt = 0.00250s (t: 0.1825s -> 0.1850s)
----------------------------------------------------------------------------------------------------

  Nonlinear Iteration Summary (Newton-Raphson)
  ==========================================================================================================================
  Time increment dt: 2.500e-03
  Convergence Tol  : 1.0e-02 (Disp Ratio)     Max Iterations: 50
  --------------------------------------------------------------------------------------------------------------------------
  Iter   Max Res.Force  (Node/DOF)    Max Disp.Corr  (Node/DOF)    Max Disp.Incr  Disp.Ratio  Energy.Err  LS.alpha  TieNodes
  --------------------------------------------------------------------------------------------------------------------------
  [DIAGNOSTIC] Line search collapsed at iter 1. Inspecting element quality on trial step:

[DEBUG] Element inversion detected in element indexes: [71, 72, 73, 74, 80, 83, 84, 281, 283, 881, 882, 883, 886, 887, 889, 890, 1688, 1689, 1690, 1691, 1692, 1698, 2495, 2496, 2497, 2498, 2499, 2500, 3303, 3304, 3305, 3306, 3307, 3308, 4111, 4112, 4113, 4114, 4115, 4116, 4919, 4920, 4921, 4922, 4923, 4924]
  Element ID: 72 (index 71, pid 1)
    detF: [1.0550349429228305, -1.6299870097562268, -1.4112579238441376, 1.2737640288349388]
    Nodes connectivity: [73, 74, 277, 276]
      Node 73: initial=[7.5, 0.0], current=[7.366670927147463, -1.462550974752066], u=[-0.13332907285253756, -1.462550974752066]
      Node 74: initial=[7.75, 0.0], current=[7.97820324144228, -0.9227582834494298], u=[0.22820324144228035, -0.9227582834494298]
      Node 277: initial=[7.75, 0.03], current=[7.8208580644362735, -1.094670750743799], u=[0.07085806443627311, -1.124670750743799]
      Node 276: initial=[7.5, 0.03], current=[7.567100376626502, -1.261623640303229], u=[0.06710037662650267, -1.291623640303229]
  Element ID: 73 (index 72, pid 1)
    detF: [-7.6299296633854485, 17.166944221582106, 29.94118064122368, 5.1443067562561895]
    Nodes connectivity: [74, 75, 278, 277]
      Node 74: initial=[7.75, 0.0], current=[7.97820324144228, -0.9227582834494298], u=[0.22820324144228035, -0.9227582834494298]
      Node 75: initial=[8.0, 0.0], current=[8.853554472370066, -0.9855535909033836], u=[0.8535544723700662, -0.9855535909033836]
      Node 278: initial=[8.0, 0.03], current=[8.106467498770193, -0.747169201886483], u=[0.10646749877019401, -0.777169201886483]
      Node 277: initial=[7.75, 0.03], current=[7.8208580644362735, -1.094670750743799], u=[0.07085806443627311, -1.124670750743799]
  Element ID: 74 (index 73, pid 1)
    detF: [118.28618611747936, 8.089970549687642, -41.6239463748116, 68.57226919298002]
    Nodes connectivity: [75, 76, 279, 278]
      Node 75: initial=[8.0, 0.0], current=[8.853554472370066, -0.9855535909033836], u=[0.8535544723700662, -0.9855535909033836]
      Node 76: initial=[8.25, 0.0], current=[7.890170551586072, 1.0969159465316236], u=[-0.35982944841392733, 1.0969159465316236]
      Node 279: initial=[8.25, 0.03], current=[8.418677892288944, 0.06384931379517608], u=[0.16867789228894425, 0.033849313795176084]
      Node 278: initial=[8.0, 0.03], current=[8.106467498770193, -0.747169201886483], u=[0.10646749877019401, -0.777169201886483]
  Element ID: 75 (index 74, pid 1)
    detF: [-43.852505643155354, -10.818418741631335, -12.493749510089277, -45.527836411613436]
    Nodes connectivity: [76, 77, 280, 279]
      Node 76: initial=[8.25, 0.0], current=[7.890170551586072, 1.0969159465316236], u=[-0.35982944841392733, 1.0969159465316236]
      Node 77: initial=[8.5, 0.0], current=[8.492628058337978, 0.704491510289884], u=[-0.007371941662022797, 0.704491510289884]
      Node 280: initial=[8.5, 0.03], current=[8.506207576469809, 0.7191263836626397], u=[0.00620757646980945, 0.6891263836626397]
      Node 279: initial=[8.25, 0.03], current=[8.418677892288944, 0.06384931379517608], u=[0.16867789228894425, 0.033849313795176084]
  Element ID: 81 (index 80, pid 1)
    detF: [-2.9185842651340455, 11.12926720165955, 12.337140877168034, -1.71071058962554]
    Nodes connectivity: [82, 83, 286, 285]
      Node 82: initial=[11.0, 0.0], current=[11.134500191817533, 0.8624946109275095], u=[0.13450019181753425, 0.8624946109275095]
      Node 83: initial=[11.5, 0.0], current=[11.437234784235326, 0.41689245453271945], u=[-0.06276521576467495, 0.41689245453271945]
      Node 286: initial=[11.5, 0.03], current=[11.701673744182495, 0.8119606464992272], u=[0.20167374418249442, 0.7819606464992271]
      Node 285: initial=[11.0, 0.03], current=[10.952444721235779, 0.7091781443150973], u=[-0.047555278764222074, 0.6791781443150973]

  *** ERROR: Line search failed to resolve residual explosion at iteration 1.
     1    20     3       0      50     0.1825     0.0000     0.0025   *** CUTBACK: line search collapsed (residual explosion) (Retrying step with smaller dt & target angle) ***
[ALPHA] max|a|=5.0000e-02 (clamp 0.05)  mean|a|(nonzero)=1.876e-03  frac elems >0.9*clamp=0.955%
  *** STEP 20 FAILED (conv=-50, cutback 1/20). Cutting back dt to 0.00125s ***

----------------------------------------------------------------------------------------------------
Step 20 | Attempting time increment: dt = 0.00125s (t: 0.1825s -> 0.1838s)
----------------------------------------------------------------------------------------------------

  Nonlinear Iteration Summary (Newton-Raphson)
  ==========================================================================================================================
  Time increment dt: 1.250e-03
  Convergence Tol  : 1.0e-02 (Disp Ratio)     Max Iterations: 50
  --------------------------------------------------------------------------------------------------------------------------
  Iter   Max Res.Force  (Node/DOF)    Max Disp.Corr  (Node/DOF)    Max Disp.Incr  Disp.Ratio  Energy.Err  LS.alpha  TieNodes
  --------------------------------------------------------------------------------------------------------------------------
  [DIAGNOSTIC] Line search collapsed at iter 1. Inspecting element quality on trial step:

[DEBUG] Element inversion detected in element indexes: [57, 61, 62, 63, 64, 65, 71, 72, 77, 78, 82, 83, 84, 86, 87, 89, 91, 93, 95, 97, 99, 101, 103, 277, 280, 281, 282, 284, 286, 478, 479, 482, 483, 484, 485, 488, 489, 490, 491, 492, 493, 676, 680, 681, 682, 685, 686, 687, 688, 689, 690, 691, 692, 693, 694, 695, 696, 807, 808, 809, 810, 811, 812, 813, 814, 815, 816, 817, 818, 819, 820, 821, 822, 823, 824, 825, 826, 827, 828, 829, 830, 831, 832, 833, 834, 835, 836, 837, 838, 839, 840, 841, 842, 843, 844, 845, 846, 847, 848, 849, 850, 851, 852, 853, 854, 855, 856, 857, 858, 859, 860, 861, 879, 880, 881, 882, 883, 884, 885, 886, 887, 888, 889, 890, 893, 894, 896, 898, 900, 902, 904, 1090, 1292, 1494, 1616, 1617, 1618, 1619, 1620, 1621, 1622, 1623, 1624, 1625, 1626, 1627, 1628, 1629, 1630, 1631, 1632, 1633, 1634, 1635, 1636, 1637, 1638, 1639, 1640, 1641, 1642, 1643, 1644, 1645, 1646, 1647, 1648, 1649, 1650, 1651, 1652, 1653, 1654, 1655, 1656, 1657, 1658, 1659, 1660, 1661, 1662, 1663, 1664, 1665, 1666, 1667, 1668, 1669, 1673, 1674, 1675, 1676, 1677, 1678, 1679, 1680, 1681, 1682, 1683, 1684, 1685, 1686, 1687, 1688, 1689, 1690, 1691, 1692, 1693, 1694, 1695, 1696, 1697, 1698, 1699, 1700, 1701, 1702, 2424, 2425, 2426, 2427, 2428, 2429, 2430, 2431, 2432, 2433, 2434, 2435, 2436, 2437, 2438, 2439, 2440, 2441, 2442, 2443, 2444, 2445, 2446, 2447, 2448, 2449, 2450, 2451, 2452, 2453, 2454, 2455, 2456, 2457, 2458, 2459, 2460, 2461, 2462, 2463, 2464, 2465, 2466, 2467, 2468, 2469, 2470, 2471, 2472, 2473, 2474, 2475, 2476, 2479, 2480, 2481, 2482, 2483, 2484, 2485, 2486, 2487, 2488, 2489, 2490, 2491, 2492, 2493, 2494, 2495, 2496, 2497, 2498, 2499, 2500, 2501, 2502, 2503, 2504, 2505, 2506, 2507, 2508, 2509, 2510, 3232, 3233, 3234, 3235, 3236, 3237, 3238, 3239, 3240, 3241, 3242, 3243, 3244, 3245, 3246, 3247, 3248, 3249, 3250, 3251, 3252, 3253, 3254, 3255, 3256, 3257, 3258, 3259, 3260, 3261, 3262, 3263, 3264, 3265, 3266, 3267, 3268, 3269, 3270, 3271, 3272, 3273, 3274, 3275, 3276, 3277, 3278, 3279, 3280, 3281, 3282, 3283, 3284, 3287, 3288, 3289, 3290, 3291, 3292, 3293, 3294, 3295, 3296, 3297, 3298, 3299, 3300, 3301, 3302, 3303, 3304, 3305, 3306, 3307, 3308, 3309, 3310, 3311, 3312, 3313, 3314, 3316, 3317, 3318, 4040, 4041, 4042, 4043, 4044, 4045, 4046, 4047, 4048, 4049, 4050, 4051, 4052, 4053, 4054, 4055, 4056, 4057, 4058, 4059, 4060, 4061, 4062, 4063, 4064, 4065, 4066, 4067, 4068, 4069, 4070, 4071, 4072, 4073, 4074, 4075, 4076, 4077, 4078, 4079, 4080, 4081, 4082, 4083, 4084, 4085, 4086, 4087, 4088, 4089, 4090, 4091, 4092, 4095, 4096, 4097, 4098, 4099, 4100, 4101, 4102, 4103, 4104, 4105, 4106, 4107, 4108, 4109, 4110, 4111, 4112, 4113, 4114, 4115, 4116, 4118, 4119, 4120, 4121, 4122, 4124, 4125, 4126, 4848, 4849, 4850, 4851, 4852, 4853, 4854, 4855, 4856, 4857, 4858, 4859, 4860, 4861, 4862, 4863, 4864, 4865, 4866, 4867, 4868, 4869, 4870, 4871, 4872, 4873, 4874, 4875, 4876, 4877, 4878, 4879, 4880, 4881, 4882, 4883, 4884, 4885, 4886, 4887, 4888, 4889, 4890, 4891, 4892, 4893, 4894, 4895, 4896, 4897, 4898, 4899, 4900, 4903, 4904, 4905, 4906, 4907, 4908, 4909, 4910, 4911, 4912, 4913, 4914, 4915, 4916, 4917, 4918, 4919, 4920, 4921, 4922, 4923, 4924, 4925, 4927, 4928, 4929, 4930, 4933, 4934]
  Element ID: 58 (index 57, pid 1)
    detF: [0.8313584536672405, 1.1374374865206396, -0.08386139387656932, -0.3899404267299693]
    Nodes connectivity: [58, 59, 203, 202]
      Node 58: initial=[-13.5, 0.0], current=[-13.497094578224402, 0.879425999418245], u=[0.002905421775597425, 0.879425999418245]
      Node 59: initial=[-13.0, 0.0], current=[-12.997214636036258, 0.8430861030673693], u=[0.0027853639637428484, 0.8430861030673693]
      Node 203: initial=[-13.0, 0.03], current=[-10.889564856207016, 0.7407728850978313], u=[2.110435143792983, 0.7107728850978313]
      Node 202: initial=[-13.5, 0.03], current=[-11.424774614089944, 0.7637730089607947], u=[2.075225385910055, 0.7337730089607947]
  Element ID: 62 (index 61, pid 1)
    detF: [-23.86957148237765, 1.5341920260697748, 8.49326748144131, -16.910496027006076]
    Nodes connectivity: [62, 63, 207, 206]
      Node 62: initial=[-11.5, 0.0], current=[-8.529333616005793, -0.3389685212382165], u=[2.970666383994206, -0.3389685212382165]
      Node 63: initial=[-11.0, 0.0], current=[-9.291180343669238, -0.6829088979585962], u=[1.708819656330762, -0.6829088979585962]
      Node 207: initial=[-11.0, 0.03], current=[-8.843560011359529, -0.6439595156626484], u=[2.1564399886404724, -0.6739595156626484]
      Node 206: initial=[-11.5, 0.03], current=[-9.350529277518856, -0.006505919711164904], u=[2.1494707224811442, -0.0365059197111649]
  Element ID: 63 (index 62, pid 1)
    detF: [17.63619699285674, -4.882174243907758, -5.35866518080411, 17.15970605596044]
    Nodes connectivity: [63, 64, 208, 207]
      Node 63: initial=[-11.0, 0.0], current=[-9.291180343669238, -0.6829088979585962], u=[1.708819656330762, -0.6829088979585962]
      Node 64: initial=[-10.5, 0.0], current=[-8.087188564503307, -1.4511911891397282], u=[2.4128114354966934, -1.4511911891397282]
      Node 208: initial=[-10.5, 0.03], current=[-8.347826470395098, -1.4462139526682132], u=[2.1521735296049025, -1.4762139526682132]
      Node 207: initial=[-11.0, 0.03], current=[-8.843560011359529, -0.6439595156626484], u=[2.1564399886404724, -0.6739595156626484]
  Element ID: 64 (index 63, pid 1)
    detF: [-11.031830609689012, 12.683620213860822, 13.949236144628905, -9.766214678920862]
    Nodes connectivity: [64, 65, 209, 208]
      Node 64: initial=[-10.5, 0.0], current=[-8.087188564503307, -1.4511911891397282], u=[2.4128114354966934, -1.4511911891397282]
      Node 65: initial=[-10.0, 0.0], current=[-8.131629241745095, -2.611466944259665], u=[1.8683707582549054, -2.611466944259665]
      Node 209: initial=[-10.0, 0.03], current=[-7.856793044886784, -2.4905568963759444], u=[2.143206955113216, -2.520556896375944]
      Node 208: initial=[-10.5, 0.03], current=[-8.347826470395098, -1.4462139526682132], u=[2.1521735296049025, -1.4762139526682132]
  Element ID: 65 (index 64, pid 1)
    detF: [19.84784820769537, -0.4467352478537079, -0.07549772496579388, 20.219085730583245]
    Nodes connectivity: [65, 66, 210, 209]
      Node 65: initial=[-10.0, 0.0], current=[-8.131629241745095, -2.611466944259665], u=[1.8683707582549054, -2.611466944259665]
      Node 66: initial=[-9.5, 0.0], current=[-7.306243118151405, -3.7296129963376576], u=[2.193756881848595, -3.7296129963376576]
      Node 210: initial=[-9.5, 0.03], current=[-7.3678111242949695, -3.7917926674873867], u=[2.1321888757050305, -3.8217926674873866]
      Node 209: initial=[-10.0, 0.03], current=[-7.856793044886784, -2.4905568963759444], u=[2.143206955113216, -2.520556896375944]

  *** ERROR: Line search failed to resolve residual explosion at iteration 1.
     1    20     4       0      50     0.1825     0.0000     0.0013   *** CUTBACK: line search collapsed (residual explosion) (Retrying step with smaller dt & target angle) ***
[ALPHA] max|a|=5.0000e-02 (clamp 0.05)  mean|a|(nonzero)=1.521e-02  frac elems >0.9*clamp=7.192%
  *** STEP 20 FAILED (conv=-50, cutback 1/20). Cutting back dt to 0.00063s ***

----------------------------------------------------------------------------------------------------
Step 20 | Attempting time increment: dt = 0.00063s (t: 0.1825s -> 0.1831s)
----------------------------------------------------------------------------------------------------

  Nonlinear Iteration Summary (Newton-Raphson)
  ==========================================================================================================================
  Time increment dt: 6.250e-04
  Convergence Tol  : 1.0e-02 (Disp Ratio)     Max Iterations: 50
  --------------------------------------------------------------------------------------------------------------------------
  Iter   Max Res.Force  (Node/DOF)    Max Disp.Corr  (Node/DOF)    Max Disp.Incr  Disp.Ratio  Energy.Err  LS.alpha  TieNodes
  --------------------------------------------------------------------------------------------------------------------------
     1    6.4577e+08  N280(UY)       1.6657e-02  N75(UX)        6.5183e-02     2.58e-03    1.72e+03      0.25       122
  [DIAGNOSTIC] Line search collapsed at iter 2. Inspecting element quality on trial step:

[DEBUG] Element inversion detected in element indexes: [73, 74, 868, 869, 870, 871, 872, 873, 874, 875, 876, 877, 878, 879, 880, 881, 882, 884, 885, 886, 887, 889, 890, 1086, 1087, 1088, 1089, 1090, 1091, 1092, 1490, 1690, 1691, 1692, 1693, 1695, 1696, 1698, 1699, 2498, 2499, 2500, 2501, 2503, 2504, 2507, 3305, 3306, 3307, 3308, 3309, 3312, 3313, 4113, 4114, 4115, 4116, 4117, 4921, 4922, 4923, 4924, 4925]
  Element ID: 74 (index 73, pid 1)
    detF: [-0.752611592546137, -6.234057061630455, -4.792154794413574, 0.6892906746707255]
    Nodes connectivity: [75, 76, 279, 278]
      Node 75: initial=[8.0, 0.0], current=[7.950600284508702, 0.6121138186537161], u=[-0.0493997154912982, 0.6121138186537161]
      Node 76: initial=[8.25, 0.0], current=[8.18794942317737, 0.8352078207857606], u=[-0.06205057682262939, 0.8352078207857606]
      Node 279: initial=[8.25, 0.03], current=[8.28800261169828, 0.6521860049785182], u=[0.03800261169827981, 0.6221860049785182]
      Node 278: initial=[8.0, 0.03], current=[8.009920717897781, 0.6908112253113301], u=[0.00992071789778206, 0.6608112253113301]
  Element ID: 75 (index 74, pid 1)
    detF: [-4.174649536012583, -0.48164527246481936, -0.75640066083922, -4.449404924387003]
    Nodes connectivity: [76, 77, 280, 279]
      Node 76: initial=[8.25, 0.0], current=[8.18794942317737, 0.8352078207857606], u=[-0.06205057682262939, 0.8352078207857606]
      Node 77: initial=[8.5, 0.0], current=[8.496583489869012, 0.677360264066467], u=[-0.00341651013098835, 0.677360264066467]
      Node 280: initial=[8.5, 0.03], current=[8.505754235394443, 0.6962575198357575], u=[0.005754235394443523, 0.6662575198357574]
      Node 279: initial=[8.25, 0.03], current=[8.28800261169828, 0.6521860049785182], u=[0.03800261169827981, 0.6221860049785182]
  Element ID: 869 (index 868, pid 3)
    detF: [-0.1684415272000097, -0.17246639104521, -0.16819973876153171, -0.16417487491633098]
    Nodes connectivity: [874, 875, 1078, 1077]
      Node 874: initial=[4.75, 0.09], current=[4.763905297816696, -0.12008823996702508], u=[0.013905297816695908, -0.21008823996702508]
      Node 875: initial=[5.0, 0.09], current=[5.014745570574845, -0.07568437325413344], u=[0.014745570574845022, -0.16568437325413343]
      Node 1078: initial=[5.0, 0.12], current=[5.212215148121772, -0.045975614788351216], u=[0.21221514812177258, -0.1659756147883512]
      Node 1077: initial=[4.75, 0.12], current=[4.964093435440581, -0.08968980319537623], u=[0.21409343544058074, -0.20968980319537622]
  Element ID: 870 (index 869, pid 3)
    detF: [-0.4757245536944388, -0.5315950083071409, -0.5028878821221081, -0.4470174275094059]
    Nodes connectivity: [875, 876, 1079, 1078]
      Node 875: initial=[5.0, 0.09], current=[5.014745570574845, -0.07568437325413344], u=[0.014745570574845022, -0.16568437325413343]
      Node 876: initial=[5.25, 0.09], current=[5.25878661645723, -0.021278412284815168], u=[0.008786616457230122, -0.11127841228481516]
      Node 1079: initial=[5.25, 0.12], current=[5.471230932849298, 0.008794778981929041], u=[0.22123093284929737, -0.11120522101807095]
      Node 1078: initial=[5.0, 0.12], current=[5.212215148121772, -0.045975614788351216], u=[0.21221514812177258, -0.1659756147883512]
  Element ID: 871 (index 870, pid 3)
    detF: [-0.7396137835522316, -0.7281771768047623, -0.726510074308152, -0.73794668105562]
    Nodes connectivity: [876, 877, 1080, 1079]
      Node 876: initial=[5.25, 0.09], current=[5.25878661645723, -0.021278412284815168], u=[0.008786616457230122, -0.11127841228481516]
      Node 877: initial=[5.5, 0.09], current=[5.510994342370268, 0.04070379067126431], u=[0.010994342370268428, -0.049296209328735685]
      Node 1080: initial=[5.5, 0.12], current=[5.716807213116438, 0.06973630909850648], u=[0.2168072131164376, -0.05026369090149352]
      Node 1079: initial=[5.25, 0.12], current=[5.471230932849298, 0.008794778981929041], u=[0.22123093284929737, -0.11120522101807095]

  *** ERROR: Line search failed to resolve residual explosion at iteration 2.
     1    20     5       0      50     0.1825     0.0000     0.0006   *** CUTBACK: line search collapsed (residual explosion) (Retrying step with smaller dt & target angle) ***
[ALPHA] max|a|=5.0000e-02 (clamp 0.05)  mean|a|(nonzero)=2.338e-03  frac elems >0.9*clamp=1.201%
  *** STEP 20 FAILED (conv=-50, cutback 1/20). Cutting back dt to 0.00031s ***

----------------------------------------------------------------------------------------------------
Step 20 | Attempting time increment: dt = 0.00031s (t: 0.1825s -> 0.1828s)
----------------------------------------------------------------------------------------------------

  Nonlinear Iteration Summary (Newton-Raphson)
  ==========================================================================================================================
  Time increment dt: 3.125e-04
  Convergence Tol  : 1.0e-02 (Disp Ratio)     Max Iterations: 50
  --------------------------------------------------------------------------------------------------------------------------
  Iter   Max Res.Force  (Node/DOF)    Max Disp.Corr  (Node/DOF)    Max Disp.Incr  Disp.Ratio  Energy.Err  LS.alpha  TieNodes
  --------------------------------------------------------------------------------------------------------------------------
  [DIAGNOSTIC] Line search collapsed at iter 1. Inspecting element quality on trial step:

[DEBUG] Element inversion detected in element indexes: [72, 77, 81, 82, 83, 279, 280, 281, 282, 284, 482, 483, 684, 685, 878, 879, 880, 881, 882, 886, 887, 888, 889, 892, 1685, 1686, 1687, 1688, 1689, 1690, 1693, 1694, 1696, 1697, 1698, 2492, 2493, 2494, 2495, 2496, 2497, 2498, 2501, 2502, 2504, 2505, 2506, 3300, 3301, 3302, 3303, 3304, 3305, 3306, 3310, 3311, 3312, 3313, 3314, 4108, 4109, 4110, 4111, 4112, 4113, 4118, 4119, 4120, 4121, 4122, 4915, 4916, 4917, 4918, 4919, 4920, 4921, 4927, 4928, 4929]
  Element ID: 73 (index 72, pid 1)
    detF: [-78.06221709421305, -10.886500963025853, 34.18002375419343, -32.995692376993574]
    Nodes connectivity: [74, 75, 278, 277]
      Node 74: initial=[7.75, 0.0], current=[8.314116071271759, 3.0076889785144676], u=[0.5641160712717579, 3.0076889785144676]
      Node 75: initial=[8.0, 0.0], current=[6.446174258781689, 1.8422861308978509], u=[-1.5538257412183119, 1.8422861308978509]
      Node 278: initial=[8.0, 0.03], current=[7.65117016804992, 2.605297306546024], u=[-0.3488298319500798, 2.575297306546024]
      Node 277: initial=[7.75, 0.03], current=[7.5135463082330896, 2.9865998221877224], u=[-0.23645369176691006, 2.9565998221877225]
  Element ID: 78 (index 77, pid 1)
    detF: [-10.341888643296505, -32.73779391834975, -35.35992320671593, -12.964017931662667]
    Nodes connectivity: [79, 80, 283, 282]
      Node 79: initial=[9.5, 0.0], current=[9.431398711289512, 0.6814147984751358], u=[-0.06860128871048683, 0.6814147984751358]
      Node 80: initial=[10.0, 0.0], current=[9.403272374068223, 0.9073623625916687], u=[-0.5967276259317764, 0.9073623625916687]
      Node 283: initial=[10.0, 0.03], current=[11.82357064895161, 2.7836100166234385], u=[1.8235706489516106, 2.7536100166234387]
      Node 282: initial=[9.5, 0.03], current=[9.506318416640202, 0.7113462349781445], u=[0.006318416640201956, 0.6813462349781445]
  Element ID: 82 (index 81, pid 1)
    detF: [-81.45863874148122, -49.19369076988505, -26.251377052819823, -58.51632502441599]
    Nodes connectivity: [83, 84, 287, 286]
      Node 83: initial=[11.5, 0.0], current=[10.938185951498774, 4.327351684087054], u=[-0.561814048501226, 4.327351684087054]
      Node 84: initial=[12.0, 0.0], current=[11.997515400816924, 0.7598696431671579], u=[-0.0024845991830753727, 0.7598696431671579]
      Node 287: initial=[12.0, 0.03], current=[11.539169739095328, 1.655171260900682], u=[-0.4608302609046714, 1.6251712609006819]
      Node 286: initial=[11.5, 0.03], current=[10.839821017711664, 3.2190341999394034], u=[-0.6601789822883365, 3.1890341999394036]
  Element ID: 83 (index 82, pid 1)
    detF: [18.46549026967716, -0.06549446269233261, -15.592456238331142, 2.9385284940383727]
    Nodes connectivity: [84, 85, 288, 287]
      Node 84: initial=[12.0, 0.0], current=[11.997515400816924, 0.7598696431671579], u=[-0.0024845991830753727, 0.7598696431671579]
      Node 85: initial=[12.5, 0.0], current=[12.497397267314149, 0.7957124928033252], u=[-0.0026027326858508097, 0.7957124928033252]
      Node 288: initial=[12.5, 0.03], current=[12.080038032653361, 0.7308271786077892], u=[-0.4199619673466385, 0.7008271786077892]
      Node 287: initial=[12.0, 0.03], current=[11.539169739095328, 1.655171260900682], u=[-0.4608302609046714, 1.6251712609006819]
  Element ID: 84 (index 83, pid 1)
    detF: [-1.0991057306169276, -0.8940657287837387, -0.9188143445290939, -1.1238543463622848]
    Nodes connectivity: [85, 86, 289, 288]
      Node 85: initial=[12.5, 0.0], current=[12.497397267314149, 0.7957124928033252], u=[-0.0026027326858508097, 0.7957124928033252]
      Node 86: initial=[13.0, 0.0], current=[12.997280395660013, 0.8315536057615609], u=[-0.0027196043399864145, 0.8315536057615609]
      Node 289: initial=[13.0, 0.03], current=[12.725530290505898, 0.7877650003200937], u=[-0.2744697094941021, 0.7577650003200936]
      Node 288: initial=[12.5, 0.03], current=[12.080038032653361, 0.7308271786077892], u=[-0.4199619673466385, 0.7008271786077892]

  *** ERROR: Line search failed to resolve residual explosion at iteration 1.
     1    20     6       0      50     0.1825     0.0000     0.0003   *** CUTBACK: line search collapsed (residual explosion) (Retrying step with smaller dt & target angle) ***
[ALPHA] max|a|=5.0000e-02 (clamp 0.05)  mean|a|(nonzero)=2.534e-03  frac elems >0.9*clamp=1.267%
  *** STEP 20 FAILED (conv=-50, cutback 1/20). Cutting back dt to 0.00016s ***

----------------------------------------------------------------------------------------------------
Step 20 | Attempting time increment: dt = 0.00016s (t: 0.1825s -> 0.1827s)
----------------------------------------------------------------------------------------------------

  Nonlinear Iteration Summary (Newton-Raphson)
  ==========================================================================================================================
  Time increment dt: 1.563e-04
  Convergence Tol  : 1.0e-02 (Disp Ratio)     Max Iterations: 50
  --------------------------------------------------------------------------------------------------------------------------
  Iter   Max Res.Force  (Node/DOF)    Max Disp.Corr  (Node/DOF)    Max Disp.Incr  Disp.Ratio  Energy.Err  LS.alpha  TieNodes
  --------------------------------------------------------------------------------------------------------------------------
  [DIAGNOSTIC] Line search collapsed at iter 1. Inspecting element quality on trial step:

[DEBUG] Element inversion detected in element indexes: [71, 72, 73, 74, 77, 81, 82, 83, 85, 86, 280, 281, 282, 283, 483, 484, 485, 680, 682, 685, 686, 687, 882, 883, 884, 885, 886, 887, 888, 889, 891, 892, 893, 1692, 1693, 1694, 1695, 1696, 1699, 1700, 2500, 2501, 2502, 2503, 2504, 2507, 2508, 2509, 3308, 3309, 3310, 3311, 3312, 3315, 3316, 3317, 4116, 4117, 4118, 4119, 4123, 4124, 4125, 4924, 4925, 4926, 4927, 4931, 4932, 4933]
  Element ID: 72 (index 71, pid 1)
    detF: [4.423633324183935, -0.16128065749913834, -0.9548575355395206, 3.630056446143543]
    Nodes connectivity: [73, 74, 277, 276]
      Node 73: initial=[7.5, 0.0], current=[7.2471333180666, 0.27559351871574334], u=[-0.25286668193339984, 0.27559351871574334]
      Node 74: initial=[7.75, 0.0], current=[8.276513034192782, 0.5178816257903377], u=[0.5265130341927808, 0.5178816257903377]
      Node 277: initial=[7.75, 0.03], current=[7.959680805750933, 0.4320219307304066], u=[0.20968080575093312, 0.4020219307304066]
      Node 276: initial=[7.5, 0.03], current=[7.641184349549138, 0.41491636368581464], u=[0.14118434954913808, 0.38491636368581467]
  Element ID: 73 (index 72, pid 1)
    detF: [-11.375857525129698, -4.0440127859798505, 3.649740714867046, -3.6821040242827956]
    Nodes connectivity: [74, 75, 278, 277]
      Node 74: initial=[7.75, 0.0], current=[8.276513034192782, 0.5178816257903377], u=[0.5265130341927808, 0.5178816257903377]
      Node 75: initial=[8.0, 0.0], current=[7.862480186953804, 0.006204527105622359], u=[-0.13751981304619595, 0.006204527105622359]
      Node 278: initial=[8.0, 0.03], current=[8.11101324227284, 0.38900574234594243], u=[0.11101324227283925, 0.35900574234594246]
      Node 277: initial=[7.75, 0.03], current=[7.959680805750933, 0.4320219307304066], u=[0.20968080575093312, 0.4020219307304066]
  Element ID: 74 (index 73, pid 1)
    detF: [-17.99298483809767, -36.92545800532379, -14.20407437549802, 4.728398791728051]
    Nodes connectivity: [75, 76, 279, 278]
      Node 75: initial=[8.0, 0.0], current=[7.862480186953804, 0.006204527105622359], u=[-0.13751981304619595, 0.006204527105622359]
      Node 76: initial=[8.25, 0.0], current=[7.912826199374438, 0.6685759043309061], u=[-0.3371738006255621, 0.6685759043309061]
      Node 279: initial=[8.25, 0.03], current=[8.479656836544487, 0.35402629786538886], u=[0.22965683654448713, 0.32402629786538883]
      Node 278: initial=[8.0, 0.03], current=[8.11101324227284, 0.38900574234594243], u=[0.11101324227283925, 0.35900574234594246]
  Element ID: 75 (index 74, pid 1)
    detF: [-19.535856680335186, -4.39065433934187, -5.454648163472495, -20.599850504465884]
    Nodes connectivity: [76, 77, 280, 279]
      Node 76: initial=[8.25, 0.0], current=[7.912826199374438, 0.6685759043309061], u=[-0.3371738006255621, 0.6685759043309061]
      Node 77: initial=[8.5, 0.0], current=[8.497424488736739, 0.670850593466106], u=[-0.002575511263260667, 0.670850593466106]
      Node 280: initial=[8.5, 0.03], current=[8.505651122929061, 0.6906695657183102], u=[0.005651122929061058, 0.6606695657183101]
      Node 279: initial=[8.25, 0.03], current=[8.479656836544487, 0.35402629786538886], u=[0.22965683654448713, 0.32402629786538883]
  Element ID: 78 (index 77, pid 1)
    detF: [-128.85013235011186, -457.17213163175444, -465.5131599426488, -137.191160661006]
    Nodes connectivity: [79, 80, 283, 282]
      Node 79: initial=[9.5, 0.0], current=[9.43363156212344, 0.6796111915926871], u=[-0.0663684378765614, 0.6796111915926871]
      Node 80: initial=[10.0, 0.0], current=[7.670852688137786, 1.115911273628352], u=[-2.329147311862214, 1.115911273628352]
      Node 283: initial=[10.0, 0.03], current=[10.560779458215634, 5.287463507251109], u=[0.5607794582156336, 5.257463507251109]
      Node 282: initial=[9.5, 0.03], current=[9.50627183039204, 0.709479215209401], u=[0.006271830392039706, 0.679479215209401]

  *** ERROR: Line search failed to resolve residual explosion at iteration 1.
     1    20     7       0      50     0.1825     0.0000     0.0002   *** CUTBACK: line search collapsed (residual explosion) (Retrying step with smaller dt & target angle) ***
[ALPHA] max|a|=5.0000e-02 (clamp 0.05)  mean|a|(nonzero)=2.882e-03  frac elems >0.9*clamp=1.646%
  *** STEP 20 FAILED (conv=-50, cutback 1/20). Cutting back dt to 0.00008s ***

----------------------------------------------------------------------------------------------------
Step 20 | Attempting time increment: dt = 0.00008s (t: 0.1825s -> 0.1826s)
----------------------------------------------------------------------------------------------------

  Nonlinear Iteration Summary (Newton-Raphson)
  ==========================================================================================================================
  Time increment dt: 7.813e-05
  Convergence Tol  : 1.0e-02 (Disp Ratio)     Max Iterations: 50
  --------------------------------------------------------------------------------------------------------------------------
  Iter   Max Res.Force  (Node/DOF)    Max Disp.Corr  (Node/DOF)    Max Disp.Incr  Disp.Ratio  Energy.Err  LS.alpha  TieNodes
  --------------------------------------------------------------------------------------------------------------------------
  [DIAGNOSTIC] Line search collapsed at iter 1. Inspecting element quality on trial step:

[DEBUG] Element inversion detected in element indexes: [56, 58, 59, 60, 61, 62, 63, 64, 65, 71, 72, 73, 79, 81, 82, 83, 85, 86, 88, 90, 92, 94, 96, 98, 100, 102, 104, 106, 108, 110, 112, 114, 116, 118, 120, 122, 124, 125, 126, 127, 128, 129, 130, 131, 132, 133, 134, 135, 136, 137, 138, 264, 266, 267, 268, 269, 270, 271, 272, 273, 274, 275, 276, 277, 278, 279, 281, 282, 283, 285, 287, 288, 289, 290, 291, 292, 293, 294, 295, 296, 297, 298, 299, 300, 301, 302, 303, 304, 305, 306, 307, 308, 309, 311, 475, 478, 479, 481, 483, 484, 485, 487, 488, 489, 490, 491, 492, 493, 494, 495, 496, 497, 498, 499, 500, 501, 502, 503, 504, 505, 506, 507, 508, 509, 510, 511, 512, 513, 514, 667, 669, 670, 671, 672, 673, 674, 675, 676, 677, 678, 679, 680, 681, 682, 683, 685, 686, 687, 689, 691, 692, 693, 694, 695, 696, 697, 698, 699, 700, 701, 702, 703, 704, 705, 706, 707, 708, 709, 710, 711, 712, 713, 714, 715, 716, 717, 804, 805, 806, 807, 808, 809, 810, 811, 812, 813, 850, 851, 852, 853, 854, 855, 856, 857, 858, 859, 860, 861, 862, 863, 864, 865, 866, 867, 868, 869, 870, 871, 872, 873, 874, 875, 876, 877, 878, 879, 882, 884, 885, 886, 887, 888, 889, 892, 893, 895, 896, 897, 898, 899, 900, 901, 903, 905, 907, 909, 911, 913, 915, 917, 919, 921, 923, 925, 927, 929, 931, 933, 935, 936, 937, 938, 939, 940, 941, 943, 944, 945, 946, 947, 948, 949, 1080, 1085, 1087, 1091, 1094, 1282, 1287, 1289, 1293, 1296, 1484, 1489, 1491, 1495, 1498, 1626, 1627, 1628, 1629, 1630, 1631, 1632, 1633, 1634, 1635, 1636, 1637, 1638, 1639, 1640, 1641, 1642, 1643, 1644, 1645, 1646, 1647, 1648, 1649, 1650, 1651, 1652, 1653, 1654, 1655, 1656, 1657, 1686, 1687, 1688, 1689, 1690, 1691, 1693, 1694, 1695, 1696, 1697, 1698, 1699, 1700, 1701, 1704, 1705, 1706, 1707, 1708, 1709, 1710, 1715, 1716, 1717, 1718, 1719, 1720, 1721, 1722, 1723, 1724, 1725, 1726, 1727, 1728, 1729, 1730, 1731, 1732, 1733, 1734, 1735, 1736, 1737, 1738, 1739, 1740, 1741, 1742, 1743, 1744, 1745, 1746, 1747, 1748, 1749, 1750, 1751, 1752, 1753, 1754, 1755, 1756, 1757, 1893, 1899, 1904, 2095, 2101, 2106, 2297, 2303, 2308, 2364, 2431, 2432, 2433, 2434, 2435, 2436, 2437, 2438, 2439, 2440, 2441, 2442, 2443, 2444, 2445, 2446, 2447, 2448, 2449, 2450, 2451, 2452, 2453, 2454, 2455, 2456, 2457, 2458, 2459, 2460, 2461, 2462, 2463, 2464, 2465, 2494, 2495, 2496, 2497, 2498, 2499, 2501, 2502, 2503, 2504, 2505, 2506, 2507, 2508, 2509, 2510, 2513, 2514, 2515, 2516, 2517, 2518, 2526, 2527, 2528, 2554, 2555, 2556, 2557, 2558, 2559, 2560, 2561, 2562, 2563, 2707, 2711, 2909, 2913, 3111, 3115, 3240, 3241, 3242, 3243, 3244, 3245, 3246, 3247, 3248, 3249, 3250, 3251, 3252, 3253, 3254, 3255, 3256, 3257, 3258, 3259, 3260, 3261, 3262, 3263, 3264, 3265, 3266, 3267, 3268, 3269, 3270, 3271, 3272, 3273, 3301, 3302, 3303, 3304, 3305, 3306, 3307, 3308, 3309, 3310, 3311, 3312, 3313, 3314, 3315, 3316, 3317, 3318, 3321, 3322, 3323, 3324, 3325, 3326, 3368, 3369, 3370, 3515, 3717, 3919, 4048, 4049, 4050, 4051, 4052, 4053, 4054, 4055, 4056, 4057, 4058, 4059, 4060, 4061, 4062, 4063, 4064, 4065, 4066, 4067, 4068, 4069, 4070, 4071, 4072, 4073, 4074, 4075, 4076, 4077, 4078, 4079, 4080, 4109, 4110, 4111, 4112, 4113, 4114, 4115, 4116, 4117, 4118, 4119, 4120, 4121, 4122, 4123, 4124, 4125, 4129, 4130, 4131, 4132, 4133, 4134, 4323, 4525, 4727, 4863, 4864, 4865, 4866, 4867, 4868, 4869, 4870, 4871, 4872, 4873, 4874, 4875, 4876, 4877, 4878, 4879, 4880, 4881, 4882, 4883, 4884, 4885, 4886, 4887, 4905, 4906, 4907, 4908, 4909, 4910, 4911, 4912, 4913, 4914, 4915, 4916, 4917, 4918, 4919, 4920, 4921, 4922, 4923, 4924, 4925, 4926, 4927, 4928, 4929, 4930, 4931, 4932, 4933, 4934, 4937, 4938, 4939, 4940, 4941, 5131, 5333, 5535]
  Element ID: 57 (index 56, pid 1)
    detF: [0.4376791447642523, 0.5864859281239161, -0.12171765259607525, -0.2705244359557417]
    Nodes connectivity: [57, 58, 202, 201]
      Node 57: initial=[-14.0, 0.0], current=[-13.997063485593822, 0.9001192016387712], u=[0.00293651440617826, 0.9001192016387712]
      Node 58: initial=[-13.5, 0.0], current=[-13.497180015620302, 0.8644002325005381], u=[0.0028199843796983402, 0.8644002325005381]
      Node 202: initial=[-13.5, 0.03], current=[-11.056937836871978, 0.717045224570042], u=[2.443062163128023, 0.687045224570042]
      Node 201: initial=[-14.0, 0.03], current=[-11.574341137341936, 0.7462820362672427], u=[2.425658862658064, 0.7162820362672426]
  Element ID: 59 (index 58, pid 1)
    detF: [-0.23356370542048666, 0.43746539877216417, -2.8365569197323346, -3.5075860239249748]
    Nodes connectivity: [59, 60, 204, 203]
      Node 59: initial=[-13.0, 0.0], current=[-12.997296532550719, 0.8286812451797252], u=[0.0027034674492817747, 0.8286812451797252]
      Node 60: initial=[-12.5, 0.0], current=[-12.497412853676177, 0.7929628185968395], u=[0.0025871463238217687, 0.7929628185968395]
      Node 204: initial=[-12.5, 0.03], current=[-10.015657108317598, 0.6720895107453919], u=[2.484342891682403, 0.6420895107453919]
      Node 203: initial=[-13.0, 0.03], current=[-10.541961773139253, 0.674819999979306], u=[2.4580382268607464, 0.644819999979306]
  Element ID: 60 (index 59, pid 1)
    detF: [-2.94723454795791, 0.401061232668787, -16.139888205240972, -19.48818398586766]
    Nodes connectivity: [60, 61, 205, 204]
      Node 60: initial=[-12.5, 0.0], current=[-12.497412853676177, 0.7929628185968395], u=[0.0025871463238217687, 0.7929628185968395]
      Node 61: initial=[-12.0, 0.0], current=[-11.997529707045679, 0.7572434666230331], u=[0.0024702929543215513, 0.7572434666230331]
      Node 205: initial=[-12.0, 0.03], current=[-9.477931211602446, 0.8076893125168927], u=[2.522068788397554, 0.7776893125168927]
      Node 204: initial=[-12.5, 0.03], current=[-10.015657108317598, 0.6720895107453919], u=[2.484342891682403, 0.6420895107453919]
  Element ID: 61 (index 60, pid 1)
    detF: [11.989732129183665, 47.227959991282106, 20.09771994810657, -15.14050791399185]
    Nodes connectivity: [61, 62, 206, 205]
      Node 61: initial=[-12.0, 0.0], current=[-11.997529707045679, 0.7572434666230331], u=[0.0024702929543215513, 0.7572434666230331]
      Node 62: initial=[-11.5, 0.0], current=[-8.07373536918722, 0.7820923008288762], u=[3.4262646308127795, 0.7820923008288762]
      Node 206: initial=[-11.5, 0.03], current=[-8.945917639305524, 1.0443826385355564], u=[2.554082360694476, 1.0143826385355563]
      Node 205: initial=[-12.0, 0.03], current=[-9.477931211602446, 0.8076893125168927], u=[2.522068788397554, 0.7776893125168927]
  Element ID: 62 (index 61, pid 1)
    detF: [9.502095349000957, -5.0870912995444275, 1.5506034916888283, 16.13979014023419]
    Nodes connectivity: [62, 63, 207, 206]
      Node 62: initial=[-11.5, 0.0], current=[-8.07373536918722, 0.7820923008288762], u=[3.4262646308127795, 0.7820923008288762]
      Node 63: initial=[-11.0, 0.0], current=[-8.721975705858004, 1.190510746750265], u=[2.278024294141996, 1.190510746750265]
      Node 207: initial=[-11.0, 0.03], current=[-8.419003679147258, 1.2971234782140877], u=[2.580996320852743, 1.2671234782140877]
      Node 206: initial=[-11.5, 0.03], current=[-8.945917639305524, 1.0443826385355564], u=[2.554082360694476, 1.0143826385355563]

  *** ERROR: Line search failed to resolve residual explosion at iteration 1.
     1    20     8       0      50     0.1825     0.0000     0.0001   *** CUTBACK: line search collapsed (residual explosion) (Retrying step with smaller dt & target angle) ***
[ALPHA] max|a|=5.0000e-02 (clamp 0.05)  mean|a|(nonzero)=1.684e-02  frac elems >0.9*clamp=8.822%
  *** STEP 20 FAILED (conv=-50, cutback 1/20). Cutting back dt to 0.00004s ***

----------------------------------------------------------------------------------------------------
Step 20 | Attempting time increment: dt = 0.00004s (t: 0.1825s -> 0.1825s)
----------------------------------------------------------------------------------------------------

  Nonlinear Iteration Summary (Newton-Raphson)
  ==========================================================================================================================
  Time increment dt: 3.906e-05
  Convergence Tol  : 1.0e-02 (Disp Ratio)     Max Iterations: 50
  --------------------------------------------------------------------------------------------------------------------------
  Iter   Max Res.Force  (Node/DOF)    Max Disp.Corr  (Node/DOF)    Max Disp.Incr  Disp.Ratio  Energy.Err  LS.alpha  TieNodes
  --------------------------------------------------------------------------------------------------------------------------
  [DIAGNOSTIC] Line search collapsed at iter 1. Inspecting element quality on trial step:

[DEBUG] Element inversion detected in element indexes: [71, 72, 80, 81, 874, 875, 876, 877, 878, 879, 880, 881, 882, 1684, 1685, 1686, 1687, 1688, 1689, 1690, 2492, 2493, 2494, 2495, 2496, 2497, 2498, 3300, 3301, 3302, 3303, 3304, 3305, 3306, 4109, 4110, 4111, 4112, 4113, 4917, 4918, 4919, 4920, 4921]
  Element ID: 72 (index 71, pid 1)
    detF: [-2.293117521284584, 16.387135674459785, 12.12200446529829, -6.558248730446081]
    Nodes connectivity: [73, 74, 277, 276]
      Node 73: initial=[7.5, 0.0], current=[6.828873981194667, 1.7173323938366174], u=[-0.6711260188053331, 1.7173323938366174]
      Node 74: initial=[7.75, 0.0], current=[8.151457693490967, 1.9926755558190639], u=[0.40145769349096605, 1.9926755558190639]
      Node 277: initial=[7.75, 0.03], current=[7.5980000893872885, 2.0180064308693897], u=[-0.1519999106127118, 1.9880064308693899]
      Node 276: initial=[7.5, 0.03], current=[7.392094800840825, 1.791662935419004], u=[-0.10790519915917499, 1.7616629354190039]
  Element ID: 73 (index 72, pid 1)
    detF: [-26.68136181651726, -17.67940717120685, 4.557121260688734, -4.444833384621651]
    Nodes connectivity: [74, 75, 278, 277]
      Node 74: initial=[7.75, 0.0], current=[8.151457693490967, 1.9926755558190639], u=[0.40145769349096605, 1.9926755558190639]
      Node 75: initial=[8.0, 0.0], current=[7.09909470149641, 1.5243315957600596], u=[-0.9009052985035901, 1.5243315957600596]
      Node 278: initial=[8.0, 0.03], current=[7.835428603075665, 2.0125514587635256], u=[-0.16457139692433517, 1.9825514587635256]
      Node 277: initial=[7.75, 0.03], current=[7.5980000893872885, 2.0180064308693897], u=[-0.1519999106127118, 1.9880064308693899]
  Element ID: 81 (index 80, pid 1)
    detF: [-0.11083642975982722, -7.6674372628028244, -8.275459094006424, -0.7188582609634351]
    Nodes connectivity: [82, 83, 286, 285]
      Node 82: initial=[11.0, 0.0], current=[11.063528997149126, 0.7477172602041651], u=[0.06352899714912562, 0.7477172602041651]
      Node 83: initial=[11.5, 0.0], current=[11.372909970749543, 1.1587017392704193], u=[-0.12709002925045718, 1.1587017392704193]
      Node 286: initial=[11.5, 0.03], current=[11.466770273412273, 0.7883273864560165], u=[-0.0332297265877274, 0.7583273864560165]
      Node 285: initial=[11.0, 0.03], current=[11.005168078491725, 0.8097085041697989], u=[0.005168078491724341, 0.7797085041697989]
  Element ID: 82 (index 81, pid 1)
    detF: [-9.991604931814674, -2.513773457876234, -2.0235047541242737, -9.501336228062716]
    Nodes connectivity: [83, 84, 287, 286]
      Node 83: initial=[11.5, 0.0], current=[11.372909970749543, 1.1587017392704193], u=[-0.12709002925045718, 1.1587017392704193]
      Node 84: initial=[12.0, 0.0], current=[11.997532564856378, 0.7568043691981052], u=[-0.002467435143621995, 0.7568043691981052]
      Node 287: initial=[12.0, 0.03], current=[11.956122473754444, 0.7845017135942298], u=[-0.04387752624555527, 0.7545017135942298]
      Node 286: initial=[11.5, 0.03], current=[11.466770273412273, 0.7883273864560165], u=[-0.0332297265877274, 0.7583273864560165]
  Element ID: 875 (index 874, pid 3)
    detF: [-0.3571421971306452, -0.40261346104330675, -0.38357613835056115, -0.3381048744378987]
    Nodes connectivity: [880, 881, 1084, 1083]
      Node 880: initial=[6.25, 0.09], current=[6.1011631424949915, 1.0946556383771695], u=[-0.14883685750500822, 1.0046556383771694]
      Node 881: initial=[6.5, 0.09], current=[6.3489581168353535, 1.1858743931821354], u=[-0.15104188316464656, 1.0958743931821353]
      Node 1084: initial=[6.5, 0.12], current=[6.474600563175041, 1.2192255868816142], u=[-0.025399436824958377, 1.0992255868816143]
      Node 1083: initial=[6.25, 0.12], current=[6.222759088284098, 1.1289010080154718], u=[-0.027240911715901994, 1.0089010080154717]

  *** ERROR: Line search failed to resolve residual explosion at iteration 1.
     1    20     9       0      50     0.1825     0.0000     0.0000   *** CUTBACK: line search collapsed (residual explosion) (Retrying step with smaller dt & target angle) ***
[ALPHA] max|a|=5.0000e-02 (clamp 0.05)  mean|a|(nonzero)=1.370e-03  frac elems >0.9*clamp=0.691%
  *** STEP 20 FAILED (conv=-50, cutback 1/20). Cutting back dt to 0.00002s ***

----------------------------------------------------------------------------------------------------
Step 20 | Attempting time increment: dt = 0.00002s (t: 0.1825s -> 0.1825s)
----------------------------------------------------------------------------------------------------

  Nonlinear Iteration Summary (Newton-Raphson)
  ==========================================================================================================================
  Time increment dt: 1.953e-05
  Convergence Tol  : 1.0e-02 (Disp Ratio)     Max Iterations: 50
  --------------------------------------------------------------------------------------------------------------------------
  Iter   Max Res.Force  (Node/DOF)    Max Disp.Corr  (Node/DOF)    Max Disp.Incr  Disp.Ratio  Energy.Err  LS.alpha  TieNodes
  --------------------------------------------------------------------------------------------------------------------------
  [DIAGNOSTIC] Line search collapsed at iter 1. Inspecting element quality on trial step:

[DEBUG] Element inversion detected in element indexes: [78, 80, 81, 82, 887, 888, 890, 891, 1695, 1696]
  Element ID: 79 (index 78, pid 1)
    detF: [-0.14981456820045846, 0.21739138936121727, 1.784911706840238, 1.4177057492785483]
    Nodes connectivity: [80, 81, 284, 283]
      Node 80: initial=[10.0, 0.0], current=[10.151741501735529, 0.6849093365003366], u=[0.15174150173552903, 0.6849093365003366]
      Node 81: initial=[10.5, 0.0], current=[9.970689016593774, 0.569352835514784], u=[-0.5293109834062255, 0.569352835514784]
      Node 284: initial=[10.5, 0.03], current=[10.514003433748496, 0.9345111779317814], u=[0.014003433748496111, 0.9045111779317814]
      Node 283: initial=[10.0, 0.03], current=[10.03724667788026, 0.6829153389483534], u=[0.03724667788026092, 0.6529153389483534]
  Element ID: 81 (index 80, pid 1)
    detF: [-3.0215192374701565, -16.67427496016508, -16.027281108613835, -2.3745253859189033]
    Nodes connectivity: [82, 83, 286, 285]
      Node 82: initial=[11.0, 0.0], current=[11.116650952827044, 0.8597420689879649], u=[0.11665095282704394, 0.8597420689879649]
      Node 83: initial=[11.5, 0.0], current=[10.804442351398457, 2.4962878844698295], u=[-0.6955576486015439, 2.4962878844698295]
      Node 286: initial=[11.5, 0.03], current=[11.31510229162615, 0.87207513885008], u=[-0.18489770837384933, 0.84207513885008]
      Node 285: initial=[11.0, 0.03], current=[11.060148928517833, 1.072370264052564], u=[0.06014892851783288, 1.042370264052564]
  Element ID: 82 (index 81, pid 1)
    detF: [-55.87169492699879, -23.203663423907603, -17.374976718917992, -50.043008222009156]
    Nodes connectivity: [83, 84, 287, 286]
      Node 83: initial=[11.5, 0.0], current=[10.804442351398457, 2.4962878844698295], u=[-0.6955576486015439, 2.4962878844698295]
      Node 84: initial=[12.0, 0.0], current=[11.997533694388254, 0.7565839843084353], u=[-0.0024663056117457532, 0.7565839843084353]
      Node 287: initial=[12.0, 0.03], current=[11.923030429949529, 0.6970050578482386], u=[-0.07696957005047009, 0.6670050578482386]
      Node 286: initial=[11.5, 0.03], current=[11.31510229162615, 0.87207513885008], u=[-0.18489770837384933, 0.84207513885008]
  Element ID: 83 (index 82, pid 1)
    detF: [-0.5780408850949877, 2.244822608579097, 2.782922512400485, -0.03994098127360912]
    Nodes connectivity: [84, 85, 288, 287]
      Node 84: initial=[12.0, 0.0], current=[11.997533694388254, 0.7565839843084353], u=[-0.0024663056117457532, 0.7565839843084353]
      Node 85: initial=[12.5, 0.0], current=[12.497417471909307, 0.7922731020012475], u=[-0.0025825280906936012, 0.7922731020012475]
      Node 288: initial=[12.5, 0.03], current=[12.366711538163537, 0.8753959883150609], u=[-0.13328846183646317, 0.8453959883150609]
      Node 287: initial=[12.0, 0.03], current=[11.923030429949529, 0.6970050578482386], u=[-0.07696957005047009, 0.6670050578482386]
  Element ID: 888 (index 887, pid 3)
    detF: [-0.7047738092484392, -1.9909033828781084, -2.0179931573061447, -0.7318635836764782]
    Nodes connectivity: [893, 894, 1097, 1096]
      Node 893: initial=[10.5, 0.09], current=[10.508680318061074, 0.9915342371442417], u=[0.008680318061074627, 0.9015342371442417]
      Node 894: initial=[11.0, 0.09], current=[11.012666203132893, 1.1360012501797618], u=[0.012666203132892809, 1.0460012501797618]
      Node 1097: initial=[11.0, 0.12], current=[10.983093149765095, 1.0545535531138808], u=[-0.016906850234905634, 0.9345535531138808]
      Node 1096: initial=[10.5, 0.12], current=[10.496332030400751, 0.9813247195891452], u=[-0.0036679695992492645, 0.8613247195891452]

  *** ERROR: Line search failed to resolve residual explosion at iteration 1.
     1    20    10       0      50     0.1825     0.0000     0.0000   *** CUTBACK: line search collapsed (residual explosion) (Retrying step with smaller dt & target angle) ***
[ALPHA] max|a|=5.0000e-02 (clamp 0.05)  mean|a|(nonzero)=7.657e-04  frac elems >0.9*clamp=0.379%
FATAL: Exceeded maximum cutbacks (20) or dt below minimum tolerance. Simulation aborted.
====================================================================================================
 FAILED: Simulation did not reach target time.
====================================================================================================
Saved result (19 steps) for re-analysis: D:\PythonCodeStudy\WHT_DispFoldSolver\examples\dbg2.pkl
  reload with: from dispsolver.postprocess import load_result; r = load_result(r'D:\PythonCodeStudy\WHT_DispFoldSolver\examples\dbg2.pkl')

=======================================================================================================================================================================================================================================================================
 Interlayer slip at x = -40.00 mm   [um, cumulative from bottom surface]
=======================================================================================================================================================================================================================================================================
 theta[deg]       L1       L2       L3       L4       L5       L6       L7       L8       L9      L10      L11      L12      L13      L14      L15      L16      L17      L18      L19      L20      L21      L22      L23      L24      L25      L26      L27      L28
-----------------------------------------------------------------------------------------------------------------------------------------------------------------------------------------------------------------------------------------------------------------------
       0.00     0.00     0.00     0.00     0.00     0.00     0.00     0.00     0.00     0.00     0.00     0.00     0.00     0.00     0.00     0.00     0.00     0.00     0.00     0.00     0.00     0.00     0.00     0.00     0.00     0.00     0.00     0.00     0.00
       0.00     0.00     0.00     0.00     0.00     0.00     0.00     0.00     0.00     0.01     0.01     0.01     0.01     0.01     0.01     0.01     0.01     0.01     0.01     0.01     0.01     0.02     0.02     0.02     0.02     0.02     0.02     0.02     0.02
       0.01     0.01     0.01     0.01     0.01     0.03     0.03     0.03     0.03     0.04     0.04     0.04     0.04     0.06     0.06     0.06     0.06     0.07     0.07     0.07     0.07     0.09     0.09     0.09     0.09     0.10     0.10     0.10     0.10
       0.03     0.04     0.04     0.04     0.04     0.08     0.08     0.08     0.08     0.13     0.13     0.13     0.13     0.17     0.17     0.17     0.17     0.22     0.22     0.22     0.22     0.26     0.26     0.26     0.26     0.30     0.30     0.30     0.30
       0.06     0.10     0.10     0.10     0.10     0.18     0.18     0.18     0.19     0.28     0.28     0.28     0.28     0.38     0.38     0.38     0.38     0.48     0.48     0.48     0.48     0.58     0.58     0.58     0.58     0.67     0.67     0.67     0.67
       0.12     0.19     0.19     0.19     0.19     0.35     0.35     0.35     0.35     0.53     0.53     0.53     0.53     0.71     0.71     0.71     0.71     0.90     0.90     0.90     0.90     1.08     1.08     1.08     1.08     1.26     1.26     1.26     1.26
       0.20     0.36     0.36     0.36     0.36     0.62     0.62     0.62     0.62     0.90     0.90     0.90     0.90     1.20     1.20     1.21     1.21     1.51     1.51     1.51     1.51     1.81     1.81     1.81     1.82     2.11     2.11     2.11     2.11
       0.31     0.63     0.63     0.63     0.63     1.00     1.00     1.00     1.00     1.43     1.44     1.44     1.44     1.89     1.89     1.89     1.90     2.36     2.36     2.36     2.36     2.83     2.83     2.83     2.83     3.28     3.28     3.28     3.28
       0.44     1.07     1.07     1.06     1.06     1.56     1.56     1.56     1.56     2.17     2.17     2.17     2.17     2.83     2.83     2.83     2.83     3.50     3.50     3.50     3.50     4.18     4.18     4.18     4.18     4.83     4.84     4.84     4.84
       0.62     1.74     1.74     1.74     1.74     2.35     2.35     2.35     2.35     3.16     3.16     3.16     3.16     4.06     4.06     4.06     4.06     4.99     4.99     4.99     4.99     5.92     5.92     5.93     5.93     6.84     6.84     6.84     6.84
       0.83     2.77     2.76     2.76     2.75     3.45     3.44     3.44     3.44     4.48     4.48     4.48     4.48     5.66     5.67     5.67     5.67     6.90     6.90     6.90     6.90     8.15     8.15     8.15     8.15     9.37     9.37     9.37     9.37
       1.07     4.28     4.27     4.26     4.26     4.96     4.96     4.96     4.95     6.23     6.23     6.23     6.23     7.74     7.74     7.74     7.74     9.33     9.33     9.33     9.33    10.94    10.94    10.95    10.95    12.53    12.53    12.53    12.53
       1.37     6.45     6.44     6.44     6.43     7.04     7.03     7.03     7.03     8.54     8.54     8.54     8.54    10.40    10.40    10.40    10.40    12.40    12.40    12.41    12.41    14.44    14.45    14.45    14.45    16.45    16.45    16.45    16.45
       1.70     9.52     9.52     9.51     9.51     9.85     9.85     9.85     9.85    11.57    11.57    11.57    11.57    13.82    13.82    13.82    13.83    16.28    16.29    16.29    16.29    18.81    18.81    18.82    18.82    21.30    21.30    21.30    21.31
       2.08    13.76    13.76    13.77    13.78    13.63    13.64    13.64    13.65    15.52    15.53    15.54    15.54    18.19    18.20    18.20    18.21    21.17    21.18    21.18    21.19    24.25    24.25    24.26    24.26    27.28    27.29    27.29    27.29
       2.51    19.51    19.53    19.55    19.57    18.65    18.66    18.68    18.69    20.66    20.67    20.68    20.69    23.76    23.77    23.78    23.79    27.30    27.31    27.32    27.33    30.98    30.99    31.00    31.01    34.63    34.64    34.65    34.65
       2.98    27.16    27.20    27.23    27.27    25.21    25.23    25.25    25.27    27.24    27.26    27.28    27.30    30.78    30.80    30.81    30.83    34.93    34.95    34.96    34.98    39.29    39.30    39.31    39.33    43.61    43.62    43.63    43.64
       3.51    37.18    37.22    37.27    37.32    33.67    33.69    33.72    33.74    35.60    35.62    35.64    35.66    39.57    39.58    39.60    39.62    44.36    44.38    44.40    44.41    49.45    49.46    49.48    49.49    54.52    54.53    54.54    54.55
       4.08    49.93    49.99    50.04    50.09    44.19    44.21    44.24    44.27    45.80    45.82    45.84    45.86    50.16    50.18    50.20    50.22    55.63    55.64    55.66    55.68    61.50    61.51    61.53    61.55    67.37    67.39    67.40    67.41
-----------------------------------------------------------------------------------------------------------------------------------------------------------------------------------------------------------------------------------------------------------------------
 final total staircase : +67.41 um at theta = 4.08 deg
 carried by            : GLASS +0.03 um (0.0%),  PET +0.47 um (0.7%),  PSA +66.90 um (99.2%)
 (equal-thickness rows -> a ~50/50 split means bending tilt, not interlayer shear)

=======================================================================================================================================================================================================================================================================
 Interlayer slip at x = +40.00 mm   [um, cumulative from bottom surface]
=======================================================================================================================================================================================================================================================================
 theta[deg]       L1       L2       L3       L4       L5       L6       L7       L8       L9      L10      L11      L12      L13      L14      L15      L16      L17      L18      L19      L20      L21      L22      L23      L24      L25      L26      L27      L28
-----------------------------------------------------------------------------------------------------------------------------------------------------------------------------------------------------------------------------------------------------------------------
       0.00     0.00     0.00     0.00     0.00     0.00     0.00     0.00     0.00     0.00     0.00     0.00     0.00     0.00     0.00     0.00     0.00     0.00     0.00     0.00     0.00     0.00     0.00     0.00     0.00     0.00     0.00     0.00     0.00
       0.00     0.00     0.00     0.00     0.00     0.00     0.00     0.00     0.00     0.01     0.01     0.01     0.01     0.01     0.01     0.01     0.01     0.01     0.01     0.01     0.01     0.02     0.02     0.02     0.02     0.02     0.02     0.02     0.02
       0.01     0.01     0.01     0.01     0.01     0.03     0.03     0.03     0.03     0.04     0.04     0.04     0.04     0.06     0.06     0.06     0.06     0.07     0.07     0.07     0.07     0.09     0.09     0.09     0.09     0.10     0.10     0.10     0.10
       0.03     0.04     0.04     0.04     0.04     0.08     0.08     0.08     0.08     0.13     0.13     0.13     0.13     0.17     0.17     0.17     0.17     0.22     0.22     0.22     0.22     0.26     0.26     0.26     0.26     0.30     0.30     0.30     0.30
       0.06     0.10     0.10     0.10     0.10     0.18     0.18     0.18     0.19     0.28     0.28     0.28     0.28     0.38     0.38     0.38     0.38     0.48     0.48     0.48     0.48     0.58     0.58     0.58     0.58     0.67     0.67     0.67     0.67
       0.12     0.19     0.19     0.19     0.19     0.35     0.35     0.35     0.35     0.53     0.53     0.53     0.53     0.71     0.71     0.71     0.71     0.90     0.90     0.90     0.90     1.08     1.08     1.08     1.08     1.26     1.26     1.26     1.26
       0.20     0.36     0.36     0.36     0.36     0.62     0.62     0.62     0.62     0.90     0.90     0.90     0.90     1.20     1.20     1.21     1.21     1.51     1.51     1.51     1.51     1.81     1.81     1.81     1.82     2.11     2.11     2.11     2.11
       0.31     0.63     0.63     0.63     0.63     1.00     1.00     1.00     1.00     1.43     1.44     1.44     1.44     1.89     1.89     1.89     1.90     2.36     2.36     2.36     2.36     2.83     2.83     2.83     2.83     3.28     3.28     3.28     3.28
       0.44     1.07     1.07     1.06     1.06     1.56     1.56     1.56     1.56     2.17     2.17     2.17     2.17     2.83     2.83     2.83     2.83     3.50     3.50     3.50     3.50     4.18     4.18     4.18     4.18     4.83     4.84     4.84     4.84
       0.62     1.74     1.74     1.74     1.74     2.35     2.35     2.35     2.35     3.16     3.16     3.16     3.16     4.06     4.06     4.06     4.06     4.99     4.99     4.99     4.99     5.92     5.92     5.93     5.93     6.84     6.84     6.84     6.84
       0.83     2.77     2.76     2.76     2.75     3.45     3.44     3.44     3.44     4.48     4.48     4.48     4.48     5.66     5.67     5.67     5.67     6.90     6.90     6.90     6.90     8.15     8.15     8.15     8.15     9.37     9.37     9.37     9.37
       1.07     4.28     4.27     4.26     4.26     4.96     4.96     4.96     4.95     6.23     6.23     6.23     6.23     7.74     7.74     7.74     7.74     9.33     9.33     9.33     9.33    10.94    10.94    10.95    10.95    12.53    12.53    12.53    12.53
       1.37     6.45     6.44     6.44     6.43     7.04     7.03     7.03     7.03     8.54     8.54     8.54     8.54    10.40    10.40    10.40    10.40    12.40    12.40    12.41    12.41    14.44    14.45    14.45    14.45    16.45    16.45    16.45    16.45
       1.70     9.52     9.52     9.51     9.51     9.85     9.85     9.85     9.85    11.57    11.57    11.57    11.57    13.82    13.82    13.82    13.83    16.28    16.29    16.29    16.29    18.81    18.81    18.82    18.82    21.30    21.30    21.30    21.31
       2.08    13.76    13.76    13.77    13.78    13.63    13.64    13.64    13.65    15.52    15.53    15.54    15.54    18.19    18.20    18.20    18.21    21.17    21.18    21.18    21.19    24.25    24.25    24.26    24.26    27.28    27.29    27.29    27.29
       2.51    19.51    19.53    19.55    19.57    18.65    18.66    18.68    18.69    20.66    20.67    20.68    20.69    23.76    23.77    23.78    23.79    27.30    27.31    27.32    27.33    30.98    30.99    31.00    31.01    34.63    34.64    34.65    34.65
       2.98    27.16    27.20    27.23    27.27    25.21    25.23    25.25    25.27    27.24    27.26    27.28    27.30    30.78    30.80    30.81    30.83    34.93    34.95    34.96    34.98    39.29    39.30    39.31    39.33    43.61    43.62    43.63    43.64
       3.51    37.17    37.22    37.26    37.31    33.66    33.69    33.71    33.74    35.59    35.61    35.63    35.65    39.56    39.58    39.60    39.62    44.35    44.37    44.39    44.41    49.44    49.45    49.47    49.48    54.51    54.52    54.53    54.54
       4.08    50.38    50.43    50.49    50.54    44.75    44.77    44.80    44.83    46.38    46.41    46.43    46.45    50.75    50.77    50.79    50.81    56.22    56.24    56.26    56.28    62.09    62.11    62.13    62.14    67.97    67.98    67.99    68.01
-----------------------------------------------------------------------------------------------------------------------------------------------------------------------------------------------------------------------------------------------------------------------
 final total staircase : +68.01 um at theta = 4.08 deg
 carried by            : GLASS +0.03 um (0.0%),  PET +0.48 um (0.7%),  PSA +67.50 um (99.3%)
 (equal-thickness rows -> a ~50/50 split means bending tilt, not interlayer shear)

Saving final shape visualization to: D:\PythonCodeStudy\WHT_DispFoldSolver\examples\dbg2_a.png
[PNG] Deformed shape saved: D:\PythonCodeStudy\WHT_DispFoldSolver\examples\dbg2_a.png
Done.
