D:\PythonCodeStudy\WHT_DispFoldSolver\dispsolver\io\abaqus_parser.py:131: UserWarning: Unsupported keyword: *SECTION CONTROLS \u2014 skipping
  warnings.warn(f"Unsupported keyword: *{block.keyword} \u2014 skipping")
Found translation boundary conditions on 4 DOFs.
Found prescribed rotations on master nodes: {100000: -1.570796, 100306: 1.570796}
====================================================================================================
 MODEL REVIEW
====================================================================================================
Materials (4 distinct):
  - PSA: Arruda-Boyce + Prony viscoelastic: mu=0.015614, lambda_m=3.0, K=0.83333
  - PET: J2 plasticity: E=4000.0, nu=0.3, sigma_y0=80.0, H=400.0
  - GLASS: J2 plasticity: E=70000.0, nu=0.22, sigma_y0=1000000000.0, H=0.0
  - STEEL: NeoHookean: E=20000.0, nu=0.3
Parts / Layers (16 total):
  - pid 1: 142 elements, material=PSA, thickness=0.0300 mm (30.0 um), element=CPE4I
  - pid 2: 606 elements, material=PET, thickness=0.0600 mm (60.0 um), element=Q4_COROTATIONAL_SRI
  - pid 3: 202 elements, material=PSA, thickness=0.0300 mm (30.0 um), element=CPE4I
  - pid 4: 606 elements, material=PET, thickness=0.0600 mm (60.0 um), element=Q4_COROTATIONAL_SRI
  - pid 5: 202 elements, material=PSA, thickness=0.0300 mm (30.0 um), element=CPE4I
  - pid 6: 606 elements, material=PET, thickness=0.0600 mm (60.0 um), element=Q4_COROTATIONAL_SRI
  - pid 7: 202 elements, material=PSA, thickness=0.0300 mm (30.0 um), element=CPE4I
  - pid 8: 606 elements, material=PET, thickness=0.0600 mm (60.0 um), element=Q4_COROTATIONAL_SRI
  - pid 9: 202 elements, material=PSA, thickness=0.0300 mm (30.0 um), element=CPE4I
  - pid 10: 606 elements, material=PET, thickness=0.0600 mm (60.0 um), element=Q4_COROTATIONAL_SRI
  - pid 11: 202 elements, material=PSA, thickness=0.0300 mm (30.0 um), element=CPE4I
  - pid 12: 606 elements, material=PET, thickness=0.0600 mm (60.0 um), element=Q4_COROTATIONAL_SRI
  - pid 13: 202 elements, material=PSA, thickness=0.0300 mm (30.0 um), element=CPE4I
  - pid 14: 606 elements, material=GLASS, thickness=0.0600 mm (60.0 um), element=Q4_COROTATIONAL_SRI
  - Plate Left: 240 elements, material=STEEL, thickness=0.5000 mm (500.0 um), element=Q4_COROTATIONAL
  - Plate Right: 240 elements, material=STEEL, thickness=0.5000 mm (500.0 um), element=Q4_COROTATIONAL
Total elements: 6076, total layers/parts: 16
====================================================================================================
[PNG] Deformed shape saved: D:\PythonCodeStudy\WHT_DispFoldSolver\examples\ex12_after_f6_before.png
----------------------------------------------------------------------------------------------------
Step 1 | Attempting time increment: dt = 0.00500s (t: 0.0000s -> 0.0050s)
----------------------------------------------------------------------------------------------------

  Nonlinear Iteration Summary (Newton-Raphson)
  ==========================================================================================================================
  Time increment dt: 5.000e-03
  Convergence Tol  : 1.0e-02 (Disp Ratio)     Max Iterations: 50
  --------------------------------------------------------------------------------------------------------------------------
  Iter   Max Res.Force  (Node/DOF)    Max Disp.Corr  (Node/DOF)    Max Disp.Incr  Disp.Ratio  Energy.Err  LS.alpha  TieNodes
  --------------------------------------------------------------------------------------------------------------------------
     1    1.1735e+02  N1(UY)         7.5224e-05  N1(UY)         7.5224e-05     9.39e-01    5.21e-01      1.00       122
     2    3.6811e-06  N144(UY)       2.4494e-10  N246(UY)       7.5224e-05     2.55e-06    5.17e-16      1.00       122
  ---------------------------------------------------------------------------------------------------------------------
  => Increment Converged. (Time: 65.08 s)


  STEP   INC   ATT   SEVERE   EQUIL     TOTAL      STEP      INC OF
                     DISCON   ITERS      TIME       TIME       TIME
     1     1     1       0       1     0.0050     0.0050     0.0050

  [MONITOR] Step   1 | Time 0.0050s / 1.0s (  0.5%)
            Fold Angle: Target +-  0.00deg | Actual [-0.00deg, +0.00deg]
            Plate Tips Y: Left= -0.50mm | Right= -0.50mm | Max Disp=  0.00mm
            Newton Iters:  1 | dt: 0.00500s
            [DIAGNOSTIC] display/plate max|u| ratio=1.0000 (display=0.000mm, plate=0.000mm)
            [DIAGNOSTIC] Real tie gap (not just active-pair count): DISPLAY_BOT_L_PLATE_L_TOP_TIE: max_gap=0.0000mm mean=0.0000mm n=61 | DISPLAY_BOT_R_PLATE_R_TOP_TIE: max_gap=0.0000mm mean=0.0000mm n=61
            [DIAGNOSTIC] Hinge curvature: max_curv_ratio=11.79 kink_detected=True at x=8.50mm

[PNG] Deformed shape saved: D:\PythonCodeStudy\WHT_DispFoldSolver\examples\ex12_after_f6_final.png
----------------------------------------------------------------------------------------------------
Step 2 | Attempting time increment: dt = 0.00750s (t: 0.0050s -> 0.0125s)
----------------------------------------------------------------------------------------------------

  Nonlinear Iteration Summary (Newton-Raphson)
  ==========================================================================================================================
  Time increment dt: 7.500e-03
  Convergence Tol  : 1.0e-02 (Disp Ratio)     Max Iterations: 50
  --------------------------------------------------------------------------------------------------------------------------
  Iter   Max Res.Force  (Node/DOF)    Max Disp.Corr  (Node/DOF)    Max Disp.Incr  Disp.Ratio  Energy.Err  LS.alpha  TieNodes
  --------------------------------------------------------------------------------------------------------------------------
     1    1.0002e+03  N144(UY)       6.4115e-04  N144(UY)       1.0869e-03     5.18e-01    3.79e+01      1.00       122
     2    2.7826e-05  N1(UY)         1.5560e-08  N5321(UY)      1.0869e-03     1.06e-05    4.46e-14      1.00       122
  ---------------------------------------------------------------------------------------------------------------------
  => Increment Converged. (Time: 9.62 s)

     1     2     1       0       1     0.0125     0.0075     0.0075

  [MONITOR] Step   2 | Time 0.0125s / 1.0s (  1.2%)
            Fold Angle: Target +-  0.00deg | Actual [-0.00deg, +0.00deg]
            Plate Tips Y: Left= -0.50mm | Right= -0.50mm | Max Disp=  0.00mm
            Newton Iters:  1 | dt: 0.00750s
            [DIAGNOSTIC] display/plate max|u| ratio=1.0000 (display=0.001mm, plate=0.000mm)
            [DIAGNOSTIC] Real tie gap (not just active-pair count): DISPLAY_BOT_L_PLATE_L_TOP_TIE: max_gap=0.0000mm mean=0.0000mm n=61 | DISPLAY_BOT_R_PLATE_R_TOP_TIE: max_gap=0.0000mm mean=0.0000mm n=61

[PNG] Deformed shape saved: D:\PythonCodeStudy\WHT_DispFoldSolver\examples\ex12_after_f6_final.png
----------------------------------------------------------------------------------------------------
Step 3 | Attempting time increment: dt = 0.01000s (t: 0.0125s -> 0.0225s)
----------------------------------------------------------------------------------------------------

  Nonlinear Iteration Summary (Newton-Raphson)
  ==========================================================================================================================
  Time increment dt: 1.000e-02
  Convergence Tol  : 1.0e-02 (Disp Ratio)     Max Iterations: 50
  --------------------------------------------------------------------------------------------------------------------------
  Iter   Max Res.Force  (Node/DOF)    Max Disp.Corr  (Node/DOF)    Max Disp.Incr  Disp.Ratio  Energy.Err  LS.alpha  TieNodes
  --------------------------------------------------------------------------------------------------------------------------
     1    1.6000e+03  N1(UY)         1.0256e-03  N1(UY)         5.5133e-03     1.44e-01    9.69e+01      1.00       122
     2    2.6084e-05  N144(UY)       1.6778e-07  N5321(UY)      5.5133e-03     1.94e-05    1.27e-13      1.00       122
  ---------------------------------------------------------------------------------------------------------------------
  => Increment Converged. (Time: 10.05 s)

     1     3     1       0       1     0.0225     0.0100     0.0100

  [MONITOR] Step   3 | Time 0.0225s / 1.0s (  2.2%)
            Fold Angle: Target +-  0.01deg | Actual [-0.01deg, +0.01deg]
            Plate Tips Y: Left= -0.49mm | Right= -0.49mm | Max Disp=  0.01mm
            Newton Iters:  1 | dt: 0.01000s
            [DIAGNOSTIC] display/plate max|u| ratio=1.0000 (display=0.007mm, plate=0.000mm)
            [DIAGNOSTIC] Real tie gap (not just active-pair count): DISPLAY_BOT_L_PLATE_L_TOP_TIE: max_gap=0.0000mm mean=0.0000mm n=61 | DISPLAY_BOT_R_PLATE_R_TOP_TIE: max_gap=0.0000mm mean=0.0000mm n=61

[PNG] Deformed shape saved: D:\PythonCodeStudy\WHT_DispFoldSolver\examples\ex12_after_f6_final.png
----------------------------------------------------------------------------------------------------
Step 4 | Attempting time increment: dt = 0.01000s (t: 0.0225s -> 0.0325s)
----------------------------------------------------------------------------------------------------

  Nonlinear Iteration Summary (Newton-Raphson)
  ==========================================================================================================================
  Time increment dt: 1.000e-02
  Convergence Tol  : 1.0e-02 (Disp Ratio)     Max Iterations: 50
  --------------------------------------------------------------------------------------------------------------------------
  Iter   Max Res.Force  (Node/DOF)    Max Disp.Corr  (Node/DOF)    Max Disp.Incr  Disp.Ratio  Energy.Err  LS.alpha  TieNodes
  --------------------------------------------------------------------------------------------------------------------------
     1    2.2071e+03  N144(UY)       1.4148e-03  N347(UY)       1.3137e-02     6.70e-02    1.84e+02      1.00       122
     2    1.0814e-03  N144(UY)       7.4130e-07  N5321(UY)      1.3137e-02     2.87e-05    4.47e-11      1.00       122
  ---------------------------------------------------------------------------------------------------------------------
  => Increment Converged. (Time: 10.50 s)

     1     4     1       0       1     0.0325     0.0100     0.0100

  [MONITOR] Step   4 | Time 0.0325s / 1.0s (  3.2%)
            Fold Angle: Target +-  0.03deg | Actual [-0.03deg, +0.03deg]
            Plate Tips Y: Left= -0.48mm | Right= -0.48mm | Max Disp=  0.02mm
            Newton Iters:  1 | dt: 0.01000s
            [DIAGNOSTIC] display/plate max|u| ratio=1.0000 (display=0.020mm, plate=0.000mm)
            [DIAGNOSTIC] Real tie gap (not just active-pair count): DISPLAY_BOT_L_PLATE_L_TOP_TIE: max_gap=0.0000mm mean=0.0000mm n=61 | DISPLAY_BOT_R_PLATE_R_TOP_TIE: max_gap=0.0000mm mean=0.0000mm n=61

[PNG] Deformed shape saved: D:\PythonCodeStudy\WHT_DispFoldSolver\examples\ex12_after_f6_final.png
----------------------------------------------------------------------------------------------------
Step 5 | Attempting time increment: dt = 0.01000s (t: 0.0325s -> 0.0425s)
----------------------------------------------------------------------------------------------------

  Nonlinear Iteration Summary (Newton-Raphson)
  ==========================================================================================================================
  Time increment dt: 1.000e-02
  Convergence Tol  : 1.0e-02 (Disp Ratio)     Max Iterations: 50
  --------------------------------------------------------------------------------------------------------------------------
  Iter   Max Res.Force  (Node/DOF)    Max Disp.Corr  (Node/DOF)    Max Disp.Incr  Disp.Ratio  Energy.Err  LS.alpha  TieNodes
  --------------------------------------------------------------------------------------------------------------------------
     1    1.2891e+03  N1(UY)         8.2669e-04  N145(UY)       2.3816e-02     1.78e-02    6.29e+01      1.00       122
     2    1.8277e-03  N144(UY)       9.4176e-07  N5321(UY)      2.3816e-02     1.66e-05    1.27e-10      1.00       122
  ---------------------------------------------------------------------------------------------------------------------
  => Increment Converged. (Time: 10.67 s)

     1     5     1       0       1     0.0425     0.0100     0.0100

  [MONITOR] Step   5 | Time 0.0425s / 1.0s (  4.2%)
            Fold Angle: Target +-  0.06deg | Actual [-0.06deg, +0.06deg]
            Plate Tips Y: Left= -0.46mm | Right= -0.46mm | Max Disp=  0.04mm
            Newton Iters:  1 | dt: 0.01000s
            [DIAGNOSTIC] display/plate max|u| ratio=1.0000 (display=0.044mm, plate=0.000mm)
            [DIAGNOSTIC] Real tie gap (not just active-pair count): DISPLAY_BOT_L_PLATE_L_TOP_TIE: max_gap=0.0000mm mean=0.0000mm n=61 | DISPLAY_BOT_R_PLATE_R_TOP_TIE: max_gap=0.0000mm mean=0.0000mm n=61

[PNG] Deformed shape saved: D:\PythonCodeStudy\WHT_DispFoldSolver\examples\ex12_after_f6_final.png
----------------------------------------------------------------------------------------------------
Step 6 | Attempting time increment: dt = 0.01000s (t: 0.0425s -> 0.0525s)
----------------------------------------------------------------------------------------------------

  Nonlinear Iteration Summary (Newton-Raphson)
  ==========================================================================================================================
  Time increment dt: 1.000e-02
  Convergence Tol  : 1.0e-02 (Disp Ratio)     Max Iterations: 50
  --------------------------------------------------------------------------------------------------------------------------
  Iter   Max Res.Force  (Node/DOF)    Max Disp.Corr  (Node/DOF)    Max Disp.Incr  Disp.Ratio  Energy.Err  LS.alpha  TieNodes
  --------------------------------------------------------------------------------------------------------------------------
     1    1.8964e+03  N144(UY)       1.2163e-03  N145(UY)       3.7346e-02     1.40e-02    1.36e+02      1.00       122
     2    5.9596e-03  N144(UY)       2.8168e-06  N5321(UY)      3.7346e-02     2.66e-05    1.35e-09      1.00       122
  ---------------------------------------------------------------------------------------------------------------------
  => Increment Converged. (Time: 10.01 s)

     1     6     1       0       1     0.0525     0.0100     0.0100

  [MONITOR] Step   6 | Time 0.0525s / 1.0s (  5.3%)
            Fold Angle: Target +-  0.12deg | Actual [-0.12deg, +0.12deg]
            Plate Tips Y: Left= -0.42mm | Right= -0.42mm | Max Disp=  0.08mm
            Newton Iters:  1 | dt: 0.01000s
            [DIAGNOSTIC] display/plate max|u| ratio=1.0000 (display=0.081mm, plate=0.000mm)
            [DIAGNOSTIC] Real tie gap (not just active-pair count): DISPLAY_BOT_L_PLATE_L_TOP_TIE: max_gap=0.0000mm mean=0.0000mm n=61 | DISPLAY_BOT_R_PLATE_R_TOP_TIE: max_gap=0.0000mm mean=0.0000mm n=61

[PNG] Deformed shape saved: D:\PythonCodeStudy\WHT_DispFoldSolver\examples\ex12_after_f6_final.png
----------------------------------------------------------------------------------------------------
Step 7 | Attempting time increment: dt = 0.01000s (t: 0.0525s -> 0.0625s)
----------------------------------------------------------------------------------------------------

  Nonlinear Iteration Summary (Newton-Raphson)
  ==========================================================================================================================
  Time increment dt: 1.000e-02
  Convergence Tol  : 1.0e-02 (Disp Ratio)     Max Iterations: 50
  --------------------------------------------------------------------------------------------------------------------------
  Iter   Max Res.Force  (Node/DOF)    Max Disp.Corr  (Node/DOF)    Max Disp.Incr  Disp.Ratio  Energy.Err  LS.alpha  TieNodes
  --------------------------------------------------------------------------------------------------------------------------
     1    1.1834e+03  N1(UY)         7.5996e-04  N145(UY)       5.3528e-02     5.28e-03    5.31e+01      1.00       122
     2    6.3288e-03  N144(UY)       2.9194e-06  N5321(UY)      5.3528e-02     1.65e-05    1.52e-09      1.00       122
  ---------------------------------------------------------------------------------------------------------------------
  => Increment Converged. (Time: 10.31 s)

     1     7     1       0       1     0.0625     0.0100     0.0100

  [MONITOR] Step   7 | Time 0.0625s / 1.0s (  6.2%)
            Fold Angle: Target +-  0.20deg | Actual [-0.20deg, +0.20deg]
            Plate Tips Y: Left= -0.37mm | Right= -0.37mm | Max Disp=  0.13mm
            Newton Iters:  1 | dt: 0.01000s
            [DIAGNOSTIC] display/plate max|u| ratio=1.0000 (display=0.134mm, plate=0.000mm)
            [DIAGNOSTIC] Real tie gap (not just active-pair count): DISPLAY_BOT_L_PLATE_L_TOP_TIE: max_gap=0.0000mm mean=0.0000mm n=61 | DISPLAY_BOT_R_PLATE_R_TOP_TIE: max_gap=0.0000mm mean=0.0000mm n=61

[PNG] Deformed shape saved: D:\PythonCodeStudy\WHT_DispFoldSolver\examples\ex12_after_f6_final.png
----------------------------------------------------------------------------------------------------
Step 8 | Attempting time increment: dt = 0.01000s (t: 0.0625s -> 0.0725s)
----------------------------------------------------------------------------------------------------

  Nonlinear Iteration Summary (Newton-Raphson)
  ==========================================================================================================================
  Time increment dt: 1.000e-02
  Convergence Tol  : 1.0e-02 (Disp Ratio)     Max Iterations: 50
  --------------------------------------------------------------------------------------------------------------------------
  Iter   Max Res.Force  (Node/DOF)    Max Disp.Corr  (Node/DOF)    Max Disp.Incr  Disp.Ratio  Energy.Err  LS.alpha  TieNodes
  --------------------------------------------------------------------------------------------------------------------------
     1    1.5418e+03  N1(UY)         9.9031e-04  N145(UY)       7.2171e-02     4.48e-03    9.01e+01      1.00       122
     2    1.3388e-02  N144(UY)       4.9551e-06  N5321(UY)      7.2171e-02     1.83e-05    6.79e-09      1.00       122
  ---------------------------------------------------------------------------------------------------------------------
  => Increment Converged. (Time: 11.33 s)

     1     8     1       0       1     0.0725     0.0100     0.0100

  [MONITOR] Step   8 | Time 0.0725s / 1.0s (  7.2%)
            Fold Angle: Target +-  0.31deg | Actual [-0.31deg, +0.31deg]
            Plate Tips Y: Left= -0.29mm | Right= -0.29mm | Max Disp=  0.21mm
            Newton Iters:  1 | dt: 0.01000s
            [DIAGNOSTIC] display/plate max|u| ratio=1.0000 (display=0.207mm, plate=0.000mm)
            [DIAGNOSTIC] Real tie gap (not just active-pair count): DISPLAY_BOT_L_PLATE_L_TOP_TIE: max_gap=0.0000mm mean=0.0000mm n=61 | DISPLAY_BOT_R_PLATE_R_TOP_TIE: max_gap=0.0000mm mean=0.0000mm n=61

[PNG] Deformed shape saved: D:\PythonCodeStudy\WHT_DispFoldSolver\examples\ex12_after_f6_final.png
----------------------------------------------------------------------------------------------------
Step 9 | Attempting time increment: dt = 0.01000s (t: 0.0725s -> 0.0825s)
----------------------------------------------------------------------------------------------------

  Nonlinear Iteration Summary (Newton-Raphson)
  ==========================================================================================================================
  Time increment dt: 1.000e-02
  Convergence Tol  : 1.0e-02 (Disp Ratio)     Max Iterations: 50
  --------------------------------------------------------------------------------------------------------------------------
  Iter   Max Res.Force  (Node/DOF)    Max Disp.Corr  (Node/DOF)    Max Disp.Incr  Disp.Ratio  Energy.Err  LS.alpha  TieNodes
  --------------------------------------------------------------------------------------------------------------------------
     1    1.0763e+03  N1(UY)         6.9274e-04  N347(UY)       9.3083e-02     2.18e-03    4.40e+01      1.00       122
     2    1.2923e-02  N144(UY)       2.7802e-06  N5321(UY)      9.3083e-02     7.22e-06    6.33e-09      1.00       122
  ---------------------------------------------------------------------------------------------------------------------
  => Increment Converged. (Time: 10.09 s)

     1     9     1       0       1     0.0825     0.0100     0.0100

  [MONITOR] Step   9 | Time 0.0825s / 1.0s (  8.2%)
            Fold Angle: Target +-  0.44deg | Actual [-0.44deg, +0.44deg]
            Plate Tips Y: Left= -0.20mm | Right= -0.20mm | Max Disp=  0.30mm
            Newton Iters:  1 | dt: 0.01000s
            [DIAGNOSTIC] display/plate max|u| ratio=1.0000 (display=0.300mm, plate=0.000mm)
            [DIAGNOSTIC] Real tie gap (not just active-pair count): DISPLAY_BOT_L_PLATE_L_TOP_TIE: max_gap=0.0000mm mean=0.0000mm n=61 | DISPLAY_BOT_R_PLATE_R_TOP_TIE: max_gap=0.0000mm mean=0.0000mm n=61

[PNG] Deformed shape saved: D:\PythonCodeStudy\WHT_DispFoldSolver\examples\ex12_after_f6_final.png
----------------------------------------------------------------------------------------------------
Step 10 | Attempting time increment: dt = 0.01000s (t: 0.0825s -> 0.0925s)
----------------------------------------------------------------------------------------------------

  Nonlinear Iteration Summary (Newton-Raphson)
  ==========================================================================================================================
  Time increment dt: 1.000e-02
  Convergence Tol  : 1.0e-02 (Disp Ratio)     Max Iterations: 50
  --------------------------------------------------------------------------------------------------------------------------
  Iter   Max Res.Force  (Node/DOF)    Max Disp.Corr  (Node/DOF)    Max Disp.Incr  Disp.Ratio  Energy.Err  LS.alpha  TieNodes
  --------------------------------------------------------------------------------------------------------------------------
     1    1.2325e+03  N1(UY)         7.9278e-04  N145(UY)       1.1608e-01     1.85e-03    5.79e+01      1.00       122
     2    2.0820e-02  N144(UY)       1.7369e-06  N5322(UY)      1.1608e-01     2.81e-06    1.64e-08      1.00       122
  ---------------------------------------------------------------------------------------------------------------------
  => Increment Converged. (Time: 9.46 s)

     1    10     1       0       1     0.0925     0.0100     0.0100

  [MONITOR] Step  10 | Time 0.0925s / 1.0s (  9.2%)
            Fold Angle: Target +-  0.62deg | Actual [-0.62deg, +0.62deg]
            Plate Tips Y: Left= -0.08mm | Right= -0.08mm | Max Disp=  0.42mm
            Newton Iters:  1 | dt: 0.01000s
            [DIAGNOSTIC] display/plate max|u| ratio=1.0000 (display=0.416mm, plate=0.000mm)
            [DIAGNOSTIC] Real tie gap (not just active-pair count): DISPLAY_BOT_L_PLATE_L_TOP_TIE: max_gap=0.0000mm mean=0.0000mm n=61 | DISPLAY_BOT_R_PLATE_R_TOP_TIE: max_gap=0.0000mm mean=0.0000mm n=61
            [DIAGNOSTIC] Hinge curvature: max_curv_ratio=11.73 kink_detected=True at x=8.50mm

[PNG] Deformed shape saved: D:\PythonCodeStudy\WHT_DispFoldSolver\examples\ex12_after_f6_final.png
----------------------------------------------------------------------------------------------------
Step 11 | Attempting time increment: dt = 0.01000s (t: 0.0925s -> 0.1025s)
----------------------------------------------------------------------------------------------------

  Nonlinear Iteration Summary (Newton-Raphson)
  ==========================================================================================================================
  Time increment dt: 1.000e-02
  Convergence Tol  : 1.0e-02 (Disp Ratio)     Max Iterations: 50
  --------------------------------------------------------------------------------------------------------------------------
  Iter   Max Res.Force  (Node/DOF)    Max Disp.Corr  (Node/DOF)    Max Disp.Incr  Disp.Ratio  Energy.Err  LS.alpha  TieNodes
  --------------------------------------------------------------------------------------------------------------------------
     1    9.3757e+02  N143(UY)       6.0231e-04  N5219(UY)      1.4097e-01     1.18e-03    3.37e+01      1.00       122
     2    1.9602e-02  N1(UY)         8.8109e-06  N5321(UY)      1.4097e-01     1.15e-05    1.46e-08      1.00       122
  ---------------------------------------------------------------------------------------------------------------------
  => Increment Converged. (Time: 10.26 s)

     1    11     1       0       1     0.1025     0.0100     0.0100

  [MONITOR] Step  11 | Time 0.1025s / 1.0s ( 10.2%)
            Fold Angle: Target +-  0.83deg | Actual [-0.83deg, +0.83deg]
            Plate Tips Y: Left= +0.06mm | Right= +0.06mm | Max Disp=  0.56mm
            Newton Iters:  1 | dt: 0.01000s
            [DIAGNOSTIC] display/plate max|u| ratio=1.0000 (display=0.557mm, plate=0.000mm)
            [DIAGNOSTIC] Real tie gap (not just active-pair count): DISPLAY_BOT_L_PLATE_L_TOP_TIE: max_gap=0.0000mm mean=0.0000mm n=61 | DISPLAY_BOT_R_PLATE_R_TOP_TIE: max_gap=0.0000mm mean=0.0000mm n=61

[PNG] Deformed shape saved: D:\PythonCodeStudy\WHT_DispFoldSolver\examples\ex12_after_f6_final.png
----------------------------------------------------------------------------------------------------
Step 12 | Attempting time increment: dt = 0.01000s (t: 0.1025s -> 0.1125s)
----------------------------------------------------------------------------------------------------

  Nonlinear Iteration Summary (Newton-Raphson)
  ==========================================================================================================================
  Time increment dt: 1.000e-02
  Convergence Tol  : 1.0e-02 (Disp Ratio)     Max Iterations: 50
  --------------------------------------------------------------------------------------------------------------------------
  Iter   Max Res.Force  (Node/DOF)    Max Disp.Corr  (Node/DOF)    Max Disp.Incr  Disp.Ratio  Energy.Err  LS.alpha  TieNodes
  --------------------------------------------------------------------------------------------------------------------------
     1    9.7624e+02  N2(UY)         6.7872e-04  N246(UY)       1.6757e-01     1.11e-03    3.66e+01      1.00       122
     2    2.6341e-02  N1(UY)         7.0742e-06  N5322(UY)      1.6757e-01     7.19e-06    2.63e-08      1.00       122
  ---------------------------------------------------------------------------------------------------------------------
  => Increment Converged. (Time: 9.43 s)

     1    12     1       0       1     0.1125     0.0100     0.0100

  [MONITOR] Step  12 | Time 0.1125s / 1.0s ( 11.2%)
            Fold Angle: Target +-  1.07deg | Actual [-1.07deg, +1.07deg]
            Plate Tips Y: Left= +0.22mm | Right= +0.22mm | Max Disp=  0.72mm
            Newton Iters:  1 | dt: 0.01000s
            [DIAGNOSTIC] display/plate max|u| ratio=1.0000 (display=0.724mm, plate=0.000mm)
            [DIAGNOSTIC] Real tie gap (not just active-pair count): DISPLAY_BOT_L_PLATE_L_TOP_TIE: max_gap=0.0000mm mean=0.0000mm n=61 | DISPLAY_BOT_R_PLATE_R_TOP_TIE: max_gap=0.0000mm mean=0.0000mm n=61

[PNG] Deformed shape saved: D:\PythonCodeStudy\WHT_DispFoldSolver\examples\ex12_after_f6_final.png
----------------------------------------------------------------------------------------------------
Step 13 | Attempting time increment: dt = 0.01000s (t: 0.1125s -> 0.1225s)
----------------------------------------------------------------------------------------------------

  Nonlinear Iteration Summary (Newton-Raphson)
  ==========================================================================================================================
  Time increment dt: 1.000e-02
  Convergence Tol  : 1.0e-02 (Disp Ratio)     Max Iterations: 50
  --------------------------------------------------------------------------------------------------------------------------
  Iter   Max Res.Force  (Node/DOF)    Max Disp.Corr  (Node/DOF)    Max Disp.Incr  Disp.Ratio  Energy.Err  LS.alpha  TieNodes
  --------------------------------------------------------------------------------------------------------------------------
     1    7.8684e+02  N143(UY)       8.3425e-04  N246(UY)       1.9568e-01     8.90e-04    2.38e+01      1.00       122
     2    2.4764e-02  N1(UY)         1.9045e-05  N652(UY)       1.9568e-01     1.51e-05    2.33e-08      1.00       122
  ---------------------------------------------------------------------------------------------------------------------
  => Increment Converged. (Time: 9.49 s)

     1    13     1       0       1     0.1225     0.0100     0.0100

  [MONITOR] Step  13 | Time 0.1225s / 1.0s ( 12.2%)
            Fold Angle: Target +-  1.37deg | Actual [-1.37deg, +1.37deg]
            Plate Tips Y: Left= +0.42mm | Right= +0.42mm | Max Disp=  0.92mm
            Newton Iters:  1 | dt: 0.01000s
            [DIAGNOSTIC] display/plate max|u| ratio=1.0000 (display=0.920mm, plate=0.000mm)
            [DIAGNOSTIC] Real tie gap (not just active-pair count): DISPLAY_BOT_L_PLATE_L_TOP_TIE: max_gap=0.0000mm mean=0.0000mm n=61 | DISPLAY_BOT_R_PLATE_R_TOP_TIE: max_gap=0.0000mm mean=0.0000mm n=61

[PNG] Deformed shape saved: D:\PythonCodeStudy\WHT_DispFoldSolver\examples\ex12_after_f6_final.png
----------------------------------------------------------------------------------------------------
Step 14 | Attempting time increment: dt = 0.01000s (t: 0.1225s -> 0.1325s)
----------------------------------------------------------------------------------------------------

  Nonlinear Iteration Summary (Newton-Raphson)
  ==========================================================================================================================
  Time increment dt: 1.000e-02
  Convergence Tol  : 1.0e-02 (Disp Ratio)     Max Iterations: 50
  --------------------------------------------------------------------------------------------------------------------------
  Iter   Max Res.Force  (Node/DOF)    Max Disp.Corr  (Node/DOF)    Max Disp.Incr  Disp.Ratio  Energy.Err  LS.alpha  TieNodes
  --------------------------------------------------------------------------------------------------------------------------
     1    7.6588e+02  N143(UY)       8.5013e-04  N5321(UY)      2.2516e-01     7.28e-04    2.26e+01      1.00       122
     2    3.0021e-02  N1(UY)         6.4409e-05  N652(UY)       2.2516e-01     4.14e-05    3.43e-08      1.00       122
  ---------------------------------------------------------------------------------------------------------------------
  => Increment Converged. (Time: 9.30 s)

     1    14     1       0       1     0.1325     0.0100     0.0100

  [MONITOR] Step  14 | Time 0.1325s / 1.0s ( 13.2%)
            Fold Angle: Target +-  1.70deg | Actual [-1.70deg, +1.70deg]
            Plate Tips Y: Left= +0.65mm | Right= +0.65mm | Max Disp=  1.15mm
            Newton Iters:  1 | dt: 0.01000s
            [DIAGNOSTIC] display/plate max|u| ratio=1.0000 (display=1.145mm, plate=0.000mm)
            [DIAGNOSTIC] Real tie gap (not just active-pair count): DISPLAY_BOT_L_PLATE_L_TOP_TIE: max_gap=0.0000mm mean=0.0000mm n=61 | DISPLAY_BOT_R_PLATE_R_TOP_TIE: max_gap=0.0000mm mean=0.0000mm n=61

[PNG] Deformed shape saved: D:\PythonCodeStudy\WHT_DispFoldSolver\examples\ex12_after_f6_final.png
----------------------------------------------------------------------------------------------------
Step 15 | Attempting time increment: dt = 0.01000s (t: 0.1325s -> 0.1425s)
----------------------------------------------------------------------------------------------------

  Nonlinear Iteration Summary (Newton-Raphson)
  ==========================================================================================================================
  Time increment dt: 1.000e-02
  Convergence Tol  : 1.0e-02 (Disp Ratio)     Max Iterations: 50
  --------------------------------------------------------------------------------------------------------------------------
  Iter   Max Res.Force  (Node/DOF)    Max Disp.Corr  (Node/DOF)    Max Disp.Incr  Disp.Ratio  Energy.Err  LS.alpha  TieNodes
  --------------------------------------------------------------------------------------------------------------------------
     1    6.3548e+02  N143(UY)       6.4917e-04  N5321(UY)      2.5584e-01     4.86e-04    1.56e+01      1.00       122
     2    2.9626e-02  N1(UY)         9.2300e-05  N855(UY)       2.5584e-01     4.96e-05    3.36e-08      1.00       122
  ---------------------------------------------------------------------------------------------------------------------
  => Increment Converged. (Time: 10.11 s)

     1    15     1       0       1     0.1425     0.0100     0.0100

  [MONITOR] Step  15 | Time 0.1425s / 1.0s ( 14.2%)
            Fold Angle: Target +-  2.08deg | Actual [-2.08deg, +2.08deg]
            Plate Tips Y: Left= +0.90mm | Right= +0.90mm | Max Disp=  1.40mm
            Newton Iters:  1 | dt: 0.01000s
            [DIAGNOSTIC] display/plate max|u| ratio=1.0000 (display=1.401mm, plate=0.000mm)
            [DIAGNOSTIC] Real tie gap (not just active-pair count): DISPLAY_BOT_L_PLATE_L_TOP_TIE: max_gap=0.0000mm mean=0.0000mm n=61 | DISPLAY_BOT_R_PLATE_R_TOP_TIE: max_gap=0.0000mm mean=0.0000mm n=61

[PNG] Deformed shape saved: D:\PythonCodeStudy\WHT_DispFoldSolver\examples\ex12_after_f6_final.png
----------------------------------------------------------------------------------------------------
Step 16 | Attempting time increment: dt = 0.01000s (t: 0.1425s -> 0.1525s)
----------------------------------------------------------------------------------------------------

  Nonlinear Iteration Summary (Newton-Raphson)
  ==========================================================================================================================
  Time increment dt: 1.000e-02
  Convergence Tol  : 1.0e-02 (Disp Ratio)     Max Iterations: 50
  --------------------------------------------------------------------------------------------------------------------------
  Iter   Max Res.Force  (Node/DOF)    Max Disp.Corr  (Node/DOF)    Max Disp.Incr  Disp.Ratio  Energy.Err  LS.alpha  TieNodes
  --------------------------------------------------------------------------------------------------------------------------
     1    5.9047e+02  N143(UY)       4.2759e-04  N145(UY)       2.8761e-01     3.09e-04    1.35e+01      1.00       122
     2    3.5926e-02  N1(UY)         5.8050e-05  N5319(UY)      2.8761e-01     2.89e-05    4.93e-08      1.00       122
  ---------------------------------------------------------------------------------------------------------------------
  => Increment Converged. (Time: 9.52 s)

     1    16     1       0       1     0.1525     0.0100     0.0100

  [MONITOR] Step  16 | Time 0.1525s / 1.0s ( 15.2%)
            Fold Angle: Target +-  2.51deg | Actual [-2.51deg, +2.51deg]
            Plate Tips Y: Left= +1.19mm | Right= +1.19mm | Max Disp=  1.69mm
            Newton Iters:  1 | dt: 0.01000s
            [DIAGNOSTIC] display/plate max|u| ratio=1.0000 (display=1.689mm, plate=0.000mm)
            [DIAGNOSTIC] Real tie gap (not just active-pair count): DISPLAY_BOT_L_PLATE_L_TOP_TIE: max_gap=0.0000mm mean=0.0000mm n=61 | DISPLAY_BOT_R_PLATE_R_TOP_TIE: max_gap=0.0000mm mean=0.0000mm n=61

[PNG] Deformed shape saved: D:\PythonCodeStudy\WHT_DispFoldSolver\examples\ex12_after_f6_final.png
----------------------------------------------------------------------------------------------------
Step 17 | Attempting time increment: dt = 0.01000s (t: 0.1525s -> 0.1625s)
----------------------------------------------------------------------------------------------------

  Nonlinear Iteration Summary (Newton-Raphson)
  ==========================================================================================================================
  Time increment dt: 1.000e-02
  Convergence Tol  : 1.0e-02 (Disp Ratio)     Max Iterations: 50
  --------------------------------------------------------------------------------------------------------------------------
  Iter   Max Res.Force  (Node/DOF)    Max Disp.Corr  (Node/DOF)    Max Disp.Incr  Disp.Ratio  Energy.Err  LS.alpha  TieNodes
  --------------------------------------------------------------------------------------------------------------------------
     1    4.9670e+02  N143(UY)       3.4045e-04  N145(UY)       3.2035e-01     1.86e-04    9.68e+00      1.00       122
     2    4.1121e-02  N1(UY)         7.1281e-05  N652(UY)       3.2035e-01     2.10e-05    6.51e-08      1.00       122
  ---------------------------------------------------------------------------------------------------------------------
  => Increment Converged. (Time: 9.95 s)

     1    17     1       0       1     0.1625     0.0100     0.0100

  [MONITOR] Step  17 | Time 0.1625s / 1.0s ( 16.2%)
            Fold Angle: Target +-  2.98deg | Actual [-2.98deg, +2.98deg]
            Plate Tips Y: Left= +1.51mm | Right= +1.51mm | Max Disp=  2.01mm
            Newton Iters:  1 | dt: 0.01000s
            [DIAGNOSTIC] display/plate max|u| ratio=1.0000 (display=2.009mm, plate=0.000mm)
            [DIAGNOSTIC] Real tie gap (not just active-pair count): DISPLAY_BOT_L_PLATE_L_TOP_TIE: max_gap=0.0000mm mean=0.0000mm n=61 | DISPLAY_BOT_R_PLATE_R_TOP_TIE: max_gap=0.0000mm mean=0.0000mm n=61

[PNG] Deformed shape saved: D:\PythonCodeStudy\WHT_DispFoldSolver\examples\ex12_after_f6_final.png
----------------------------------------------------------------------------------------------------
Step 18 | Attempting time increment: dt = 0.01000s (t: 0.1625s -> 0.1725s)
----------------------------------------------------------------------------------------------------

  Nonlinear Iteration Summary (Newton-Raphson)
  ==========================================================================================================================
  Time increment dt: 1.000e-02
  Convergence Tol  : 1.0e-02 (Disp Ratio)     Max Iterations: 50
  --------------------------------------------------------------------------------------------------------------------------
  Iter   Max Res.Force  (Node/DOF)    Max Disp.Corr  (Node/DOF)    Max Disp.Incr  Disp.Ratio  Energy.Err  LS.alpha  TieNodes
  --------------------------------------------------------------------------------------------------------------------------
     1    5.4315e+02  N1(UX)         7.9100e-03  N83(UX)        3.5389e-01     4.08e-04    7.97e+00      1.00       122
     2    5.5975e-02  N144(UY)       3.7783e-03  N83(UX)        3.5389e-01     6.01e-04    1.18e-05      1.00       122
  ---------------------------------------------------------------------------------------------------------------------
  => Increment Converged. (Time: 9.90 s)

     1    18     1       0       1     0.1725     0.0100     0.0100

  [MONITOR] Step  18 | Time 0.1725s / 1.0s ( 17.2%)
            Fold Angle: Target +-  3.51deg | Actual [-3.51deg, +3.51deg]
            Plate Tips Y: Left= +1.86mm | Right= +1.86mm | Max Disp=  2.36mm
            Newton Iters:  1 | dt: 0.01000s
            [DIAGNOSTIC] display/plate max|u| ratio=1.0000 (display=2.363mm, plate=0.000mm)
            [DIAGNOSTIC] Real tie gap (not just active-pair count): DISPLAY_BOT_L_PLATE_L_TOP_TIE: max_gap=0.0000mm mean=0.0000mm n=61 | DISPLAY_BOT_R_PLATE_R_TOP_TIE: max_gap=0.0000mm mean=0.0000mm n=61

[PNG] Deformed shape saved: D:\PythonCodeStudy\WHT_DispFoldSolver\examples\ex12_after_f6_final.png
----------------------------------------------------------------------------------------------------
Step 19 | Attempting time increment: dt = 0.01000s (t: 0.1725s -> 0.1825s)
----------------------------------------------------------------------------------------------------

  Nonlinear Iteration Summary (Newton-Raphson)
  ==========================================================================================================================
  Time increment dt: 1.000e-02
  Convergence Tol  : 1.0e-02 (Disp Ratio)     Max Iterations: 50
  --------------------------------------------------------------------------------------------------------------------------
  Iter   Max Res.Force  (Node/DOF)    Max Disp.Corr  (Node/DOF)    Max Disp.Incr  Disp.Ratio  Energy.Err  LS.alpha  TieNodes
  --------------------------------------------------------------------------------------------------------------------------
     1    6.0130e+02  N1(UX)         2.3648e-02  N81(UX)        3.8802e-01     3.64e-03    9.24e-02      0.12       122
     2    4.3100e+07  N82(UX)        2.9764e-02  N76(UX)        3.8821e-01     6.86e-04    8.69e+00      1.00       122
  ---------------------------------------------------------------------------------------------------------------------
  => Increment Converged. (Time: 10.95 s)

     1    19     1       0       1     0.1825     0.0100     0.0100

  [MONITOR] Step  19 | Time 0.1825s / 1.0s ( 18.3%)
            Fold Angle: Target +-  4.08deg | Actual [-4.08deg, +4.08deg]
            Plate Tips Y: Left= +2.25mm | Right= +2.25mm | Max Disp=  2.75mm
            Newton Iters:  1 | dt: 0.01000s
            [DIAGNOSTIC] display/plate max|u| ratio=1.0000 (display=2.751mm, plate=0.000mm)
            [DIAGNOSTIC] Real tie gap (not just active-pair count): DISPLAY_BOT_L_PLATE_L_TOP_TIE: max_gap=0.0000mm mean=0.0000mm n=61 | DISPLAY_BOT_R_PLATE_R_TOP_TIE: max_gap=0.0000mm mean=0.0000mm n=61

[PNG] Deformed shape saved: D:\PythonCodeStudy\WHT_DispFoldSolver\examples\ex12_after_f6_final.png
----------------------------------------------------------------------------------------------------
Step 20 | Attempting time increment: dt = 0.01000s (t: 0.1825s -> 0.1925s)
----------------------------------------------------------------------------------------------------

  Nonlinear Iteration Summary (Newton-Raphson)
  ==========================================================================================================================
  Time increment dt: 1.000e-02
  Convergence Tol  : 1.0e-02 (Disp Ratio)     Max Iterations: 50
  --------------------------------------------------------------------------------------------------------------------------
  Iter   Max Res.Force  (Node/DOF)    Max Disp.Corr  (Node/DOF)    Max Disp.Incr  Disp.Ratio  Energy.Err  LS.alpha  TieNodes
  --------------------------------------------------------------------------------------------------------------------------
     1    1.0411e+07  N82(UX)        1.2571e-02  N77(UY)        4.2135e-01     6.35e-03    3.55e+03      0.50       122
  [DIAGNOSTIC] Line search collapsed at iter 2. Inspecting element quality on trial step:

[DEBUG] Element inversion detected in element indexes: [59, 60, 71, 73, 74, 75, 78, 81, 84, 85, 86, 88, 89, 91, 93, 95, 97, 99, 101, 103, 105, 107, 109, 111, 113, 115, 117, 119, 121, 123, 125, 127, 129, 131, 132, 133, 134, 135, 136, 137, 138, 139, 140, 141, 267, 268, 269, 270, 271, 272, 273, 274, 275, 276, 277, 278, 280, 281, 283, 284, 285, 286, 288, 289, 290, 291, 292, 293, 294, 295, 296, 297, 298, 299, 300, 301, 302, 303, 472, 476, 479, 480, 481, 482, 483, 486, 487, 490, 491, 492, 493, 494, 495, 496, 497, 498, 499, 500, 501, 502, 503, 504, 505, 506, 672, 673, 674, 675, 676, 677, 679, 680, 681, 682, 683, 685, 688, 689, 690, 692, 693, 694, 695, 696, 697, 698, 699, 700, 701, 702, 703, 704, 705, 706, 806, 807, 808, 809, 810, 811, 812, 813, 814, 815, 816, 817, 818, 819, 820, 821, 822, 823, 824, 825, 826, 827, 828, 829, 830, 831, 832, 833, 834, 835, 836, 837, 838, 839, 840, 841, 842, 843, 844, 845, 846, 847, 848, 880, 881, 882, 884, 885, 886, 887, 888, 889, 890, 891, 892, 895, 896, 898, 900, 902, 904, 906, 908, 910, 912, 914, 916, 918, 920, 922, 924, 926, 928, 1662, 1663, 1664, 1665, 1666, 1667, 1668, 1669, 1670, 1671, 1672, 1673, 1674, 1675, 1676, 1677, 1678, 1679, 1680, 1681, 1682, 1683, 1684, 1685, 1686, 1687, 1691, 1692, 1693, 1694, 1695, 1696, 1697, 1698, 1699, 1701, 1702, 1703, 1704, 1705, 1706, 1707, 2306, 2478, 2479, 2480, 2481, 2482, 2483, 2484, 2485, 2486, 2487, 2490, 2491, 2492, 2493, 2494, 2495, 2496, 2497, 2499, 2500, 2501, 2502, 2503, 2504, 2505, 2506, 2507, 2508, 2509, 2510, 2511, 2512, 2514, 2515, 3299, 3300, 3301, 3302, 3303, 3304, 3305, 3306, 3308, 3309, 3310, 3311, 3312, 3313, 3314, 3315, 3316, 3317, 3318, 3319, 3320, 3321, 4107, 4108, 4109, 4110, 4111, 4112, 4113, 4114, 4115, 4116, 4117, 4118, 4119, 4120, 4121, 4122, 4123, 4124, 4126, 4127, 4128, 4129, 4915, 4916, 4917, 4918, 4919, 4920, 4921, 4922, 4923, 4924, 4925, 4926, 4927, 4928, 4929, 4930, 4931, 4932, 4934, 4935, 4936, 4937]
  Element ID: 60 (index 59, pid 1)
    detF: [-0.50998741006191, -2.5100009439902746, -4.067594797431388, -2.067581263503016]
    Nodes connectivity: [60, 61, 205, 204]
      Node 60: initial=[-12.5, 0.0], current=[-12.490467812282258, 0.9135704034487712], u=[0.00953218771774129, 0.9135704034487712]
      Node 61: initial=[-12.0, 0.0], current=[-11.990897106134028, 0.8724186871041866], u=[0.009102893865972076, 0.8724186871041866]
      Node 205: initial=[-12.0, 0.03], current=[-12.388811273990159, 0.8249695161742128], u=[-0.388811273990159, 0.7949695161742127]
      Node 204: initial=[-12.5, 0.03], current=[-12.876904633584605, 0.969188851787474], u=[-0.37690463358460463, 0.939188851787474]
  Element ID: 61 (index 60, pid 1)
    detF: [-6.4441434920550025, -1.4758333120365565, -0.9623598601639012, -5.93067004018234]
    Nodes connectivity: [61, 62, 206, 205]
      Node 61: initial=[-12.0, 0.0], current=[-11.990897106134028, 0.8724186871041866], u=[0.009102893865972076, 0.8724186871041866]
      Node 62: initial=[-11.5, 0.0], current=[-11.895523292727445, 0.5652322763396554], u=[-0.395523292727445, 0.5652322763396554]
      Node 206: initial=[-11.5, 0.03], current=[-11.898273932386923, 0.5984301795571276], u=[-0.39827393238692316, 0.5684301795571276]
      Node 205: initial=[-12.0, 0.03], current=[-12.388811273990159, 0.8249695161742128], u=[-0.388811273990159, 0.7949695161742127]
  Element ID: 72 (index 71, pid 1)
    detF: [-33.39388559692106, -11.377067039882103, -11.837230445224257, -33.85404900226324]
    Nodes connectivity: [73, 74, 277, 276]
      Node 73: initial=[7.5, 0.0], current=[7.846423235214758, -1.2411528742281988], u=[0.34642323521475793, -1.2411528742281988]
      Node 74: initial=[7.75, 0.0], current=[7.743804499085571, 0.6448872864469108], u=[-0.006195500914428576, 0.6448872864469108]
      Node 277: initial=[7.75, 0.03], current=[7.754363504571397, 0.6810375699742747], u=[0.00436350457139686, 0.6510375699742746]
      Node 276: initial=[7.5, 0.03], current=[8.010779632582238, -1.2445781607717006], u=[0.5107796325822385, -1.2745781607717006]
  Element ID: 74 (index 73, pid 1)
    detF: [-47.80447080715176, -179.7160396919588, -185.85481243117397, -53.94324354636719]
    Nodes connectivity: [75, 76, 279, 278]
      Node 75: initial=[8.0, 0.0], current=[8.018306355798503, 0.6771881977533925], u=[0.01830635579850224, 0.6771881977533925]
      Node 76: initial=[8.25, 0.0], current=[8.63991543915984, 0.9331222723013242], u=[0.38991543915983956, 0.9331222723013242]
      Node 279: initial=[8.25, 0.03], current=[7.306400197623195, -2.339726580926408], u=[-0.9435998023768047, -2.369726580926408]
      Node 278: initial=[8.0, 0.03], current=[8.005128546424892, 0.7046464656953682], u=[0.005128546424891766, 0.6746464656953681]
  Element ID: 75 (index 74, pid 1)
    detF: [-807.748627611025, 420.0983421422206, 451.1936875909728, -776.6532821622766]
    Nodes connectivity: [76, 77, 280, 279]
      Node 76: initial=[8.25, 0.0], current=[8.63991543915984, 0.9331222723013242], u=[0.38991543915983956, 0.9331222723013242]
      Node 77: initial=[8.5, 0.0], current=[7.954789763468152, -7.88302293726771], u=[-0.5452102365318483, -7.88302293726771]
      Node 280: initial=[8.5, 0.03], current=[8.885962589704416, -5.294729833847333], u=[0.38596258970441627, -5.324729833847333]
      Node 279: initial=[8.25, 0.03], current=[7.306400197623195, -2.339726580926408], u=[-0.9435998023768047, -2.369726580926408]

  *** ERROR: Line search failed to resolve residual explosion at iteration 2.
     1    20     1       0      50     0.1825     0.0000     0.0100   *** CUTBACK: line search collapsed (residual explosion) (Retrying step with smaller dt & target angle) ***
  *** STEP 20 FAILED (conv=-50, cutback 1/20). Cutting back dt to 0.00500s ***

----------------------------------------------------------------------------------------------------
Step 20 | Attempting time increment: dt = 0.00500s (t: 0.1825s -> 0.1875s)
----------------------------------------------------------------------------------------------------

  Nonlinear Iteration Summary (Newton-Raphson)
  ==========================================================================================================================
  Time increment dt: 5.000e-03
  Convergence Tol  : 1.0e-02 (Disp Ratio)     Max Iterations: 50
  --------------------------------------------------------------------------------------------------------------------------
  Iter   Max Res.Force  (Node/DOF)    Max Disp.Corr  (Node/DOF)    Max Disp.Incr  Disp.Ratio  Energy.Err  LS.alpha  TieNodes
  --------------------------------------------------------------------------------------------------------------------------
  [DIAGNOSTIC] Line search collapsed at iter 1. Inspecting element quality on trial step:

[DEBUG] Element inversion detected in element indexes: [71, 74, 78, 81, 82, 83, 85, 86, 87, 89, 91, 93, 95, 97, 99, 101, 103, 265, 266, 267, 268, 269, 270, 271, 272, 273, 274, 275, 276, 277, 278, 279, 280, 281, 282, 283, 284, 285, 286, 287, 288, 289, 290, 291, 292, 293, 294, 295, 466, 468, 469, 470, 471, 472, 473, 474, 475, 476, 477, 479, 480, 483, 484, 485, 486, 487, 488, 490, 492, 494, 671, 672, 673, 674, 675, 676, 677, 679, 680, 681, 682, 685, 686, 687, 689, 690, 691, 693, 695, 859, 860, 861, 862, 863, 864, 865, 866, 867, 868, 869, 870, 871, 872, 873, 874, 875, 876, 877, 878, 879, 880, 882, 883, 884, 885, 886, 887, 888, 889, 892, 893, 894, 896, 1679, 1680, 1681, 1682, 1683, 1684, 1685, 1686, 1687, 1688, 1689, 1691, 1692, 1693, 1694, 1695, 1696, 1700, 1701, 2485, 2486, 2487, 2488, 2489, 2490, 2491, 2492, 2493, 2494, 2495, 2496, 2499, 2500, 2501, 2502, 2503, 2504, 2507, 2508, 2509, 2510, 3292, 3293, 3294, 3295, 3296, 3297, 3298, 3299, 3300, 3301, 3302, 3303, 3304, 3307, 3308, 3309, 3310, 3311, 3312, 3315, 3316, 3317, 3318, 4100, 4101, 4102, 4103, 4104, 4105, 4106, 4107, 4108, 4109, 4110, 4111, 4112, 4113, 4114, 4115, 4116, 4117, 4118, 4119, 4120, 4121, 4123, 4124, 4125, 4126, 4907, 4908, 4909, 4910, 4911, 4912, 4913, 4914, 4915, 4916, 4917, 4918, 4919, 4920, 4921, 4922, 4923, 4924, 4925, 4926, 4927, 4928, 4929, 4931, 4932, 4933, 4934]
  Element ID: 72 (index 71, pid 1)
    detF: [-3.192609964298164, -2.2782780539779077, -2.307445629874172, -3.221777540194435]
    Nodes connectivity: [73, 74, 277, 276]
      Node 73: initial=[7.5, 0.0], current=[7.8451497873544795, -0.19640346939976983], u=[0.3451497873544799, -0.19640346939976983]
      Node 74: initial=[7.75, 0.0], current=[7.741382031019379, 0.6761478664786892], u=[-0.008617968980620859, 0.6761478664786892]
      Node 277: initial=[7.75, 0.03], current=[7.754099774165275, 0.7089144589204469], u=[0.004099774165274933, 0.6789144589204469]
      Node 276: initial=[7.5, 0.03], current=[7.87099939510215, -0.15959618126046518], u=[0.3709993951021508, -0.18959618126046518]
  Element ID: 75 (index 74, pid 1)
    detF: [-74322.04530604667, -20223.448224708147, -19914.963598273996, -74013.56067961268]
    Nodes connectivity: [76, 77, 280, 279]
      Node 76: initial=[8.25, 0.0], current=[-216.91007594701125, 16.169720354130487], u=[-225.16007594701125, 16.169720354130487]
      Node 77: initial=[8.5, 0.0], current=[8.512507476533935, 0.6956785918973699], u=[0.012507476533935804, 0.6956785918973699]
      Node 280: initial=[8.5, 0.03], current=[8.50295276757435, 0.6785378758728821], u=[0.0029527675743499385, 0.648537875872882]
      Node 279: initial=[8.25, 0.03], current=[6.580748786502193, -2.3070419885007745], u=[-1.6692512134978066, -2.3370419885007743]
  Element ID: 79 (index 78, pid 1)
    detF: [-2713.166068437748, -12543.223379280242, -3678.192071016909, 6151.865239825567]
    Nodes connectivity: [80, 81, 284, 283]
      Node 80: initial=[10.0, 0.0], current=[10.853051947551092, 10.75091627580744], u=[0.8530519475510933, 10.75091627580744]
      Node 81: initial=[10.5, 0.0], current=[6.251501641374094, 33.472248301775494], u=[-4.248498358625906, 33.472248301775494]
      Node 284: initial=[10.5, 0.03], current=[24.870063533289965, 4.732583037958388], u=[14.370063533289967, 4.702583037958388]
      Node 283: initial=[10.0, 0.03], current=[9.474918856873616, 25.248671517648912], u=[-0.5250811431263844, 25.21867151764891]
  Element ID: 82 (index 81, pid 1)
    detF: [0.49571364462818895, -4.152413737083757, -3.809269556351185, 0.8388578253607493]
    Nodes connectivity: [83, 84, 287, 286]
      Node 83: initial=[11.5, 0.0], current=[11.533659863650344, 0.7280059471606144], u=[0.033659863650344575, 0.7280059471606144]
      Node 84: initial=[12.0, 0.0], current=[11.99788212499832, 0.7836337823235796], u=[-0.002117875001679292, 0.7836337823235796]
      Node 287: initial=[12.0, 0.03], current=[12.20627591296278, 0.6154003732250333], u=[0.20627591296278158, 0.5854003732250332]
      Node 286: initial=[11.5, 0.03], current=[11.507608630646605, 0.7918170386503642], u=[0.007608630646605222, 0.7618170386503642]
  Element ID: 83 (index 82, pid 1)
    detF: [-10.701660920420316, -12.022357812771467, -23.18166063768375, -21.86096374533256]
    Nodes connectivity: [84, 85, 288, 287]
      Node 84: initial=[12.0, 0.0], current=[11.99788212499832, 0.7836337823235796], u=[-0.002117875001679292, 0.7836337823235796]
      Node 85: initial=[12.5, 0.0], current=[12.498325837291501, 0.8211282204519745], u=[-0.0016741627084987877, 0.8211282204519745]
      Node 288: initial=[12.5, 0.03], current=[14.361443421092932, 0.7083060924169182], u=[1.861443421092932, 0.6783060924169182]
      Node 287: initial=[12.0, 0.03], current=[12.20627591296278, 0.6154003732250333], u=[0.20627591296278158, 0.5854003732250332]

  *** ERROR: Line search failed to resolve residual explosion at iteration 1.
     1    20     2       0      50     0.1825     0.0000     0.0050   *** CUTBACK: line search collapsed (residual explosion) (Retrying step with smaller dt & target angle) ***
  *** STEP 20 FAILED (conv=-50, cutback 1/20). Cutting back dt to 0.00250s ***

----------------------------------------------------------------------------------------------------
Step 20 | Attempting time increment: dt = 0.00250s (t: 0.1825s -> 0.1850s)
----------------------------------------------------------------------------------------------------

  Nonlinear Iteration Summary (Newton-Raphson)
  ==========================================================================================================================
  Time increment dt: 2.500e-03
  Convergence Tol  : 1.0e-02 (Disp Ratio)     Max Iterations: 50
  --------------------------------------------------------------------------------------------------------------------------
  Iter   Max Res.Force  (Node/DOF)    Max Disp.Corr  (Node/DOF)    Max Disp.Incr  Disp.Ratio  Energy.Err  LS.alpha  TieNodes
  --------------------------------------------------------------------------------------------------------------------------
  [DIAGNOSTIC] Line search collapsed at iter 1. Inspecting element quality on trial step:

[DEBUG] Element inversion detected in element indexes: [5, 58, 59, 60, 61, 62, 63, 64, 65, 67, 69, 70, 71, 74, 75, 79, 81, 82, 84, 85, 88, 90, 92, 94, 96, 98, 100, 102, 104, 106, 108, 110, 112, 114, 116, 118, 120, 122, 124, 126, 128, 134, 136, 261, 262, 263, 264, 265, 266, 267, 268, 269, 270, 271, 272, 273, 274, 275, 276, 277, 278, 279, 280, 281, 282, 283, 284, 285, 286, 287, 288, 289, 290, 291, 292, 293, 294, 295, 296, 297, 298, 299, 300, 301, 302, 303, 304, 305, 306, 307, 308, 309, 310, 311, 312, 313, 314, 315, 316, 317, 318, 319, 466, 467, 468, 469, 470, 471, 472, 473, 474, 476, 477, 478, 479, 480, 481, 484, 486, 488, 489, 490, 491, 492, 493, 494, 495, 496, 497, 498, 499, 500, 501, 502, 503, 504, 505, 506, 507, 508, 509, 510, 511, 512, 513, 514, 515, 516, 517, 518, 519, 520, 678, 679, 680, 681, 682, 683, 686, 688, 690, 691, 693, 694, 695, 696, 697, 698, 699, 700, 701, 702, 703, 704, 705, 706, 707, 708, 709, 710, 711, 712, 713, 714, 715, 717, 806, 807, 808, 809, 810, 811, 812, 813, 814, 815, 816, 817, 818, 819, 820, 821, 822, 823, 824, 825, 826, 827, 828, 829, 830, 831, 832, 833, 834, 835, 836, 837, 838, 839, 840, 841, 842, 843, 844, 845, 846, 847, 848, 849, 850, 851, 880, 881, 887, 888, 889, 890, 891, 892, 894, 895, 896, 897, 899, 901, 903, 905, 907, 909, 911, 913, 915, 917, 919, 921, 923, 925, 927, 929, 931, 933, 935, 937, 939, 940, 941, 943, 944, 945, 946, 947, 948, 949, 1089, 1092, 1096, 1098, 1291, 1294, 1298, 1300, 1488, 1493, 1496, 1500, 1502, 1613, 1614, 1615, 1616, 1617, 1618, 1619, 1620, 1621, 1622, 1623, 1624, 1625, 1626, 1627, 1628, 1629, 1630, 1631, 1632, 1633, 1634, 1635, 1636, 1637, 1638, 1639, 1640, 1641, 1642, 1643, 1644, 1645, 1646, 1647, 1648, 1649, 1650, 1651, 1652, 1653, 1654, 1655, 1656, 1657, 1658, 1684, 1685, 1686, 1687, 1688, 1689, 1692, 1693, 1694, 1695, 1696, 1697, 1698, 1699, 1700, 1703, 1704, 1711, 1712, 1713, 1714, 1715, 1716, 1717, 1718, 1719, 1720, 1721, 1722, 1723, 1724, 1725, 1726, 1727, 1728, 1729, 1730, 1731, 1732, 1733, 1734, 1735, 1736, 1737, 1738, 1739, 1740, 1741, 1742, 1743, 1744, 1745, 1746, 1747, 1748, 1749, 1750, 1751, 1752, 1753, 1754, 1755, 1756, 1757, 1900, 1903, 1905, 2102, 2105, 2107, 2304, 2307, 2309, 2421, 2422, 2423, 2424, 2425, 2426, 2427, 2428, 2429, 2430, 2431, 2432, 2433, 2434, 2435, 2436, 2437, 2438, 2439, 2440, 2441, 2442, 2443, 2444, 2445, 2446, 2447, 2448, 2449, 2450, 2451, 2452, 2453, 2454, 2455, 2456, 2457, 2458, 2459, 2460, 2461, 2462, 2463, 2464, 2465, 2466, 2479, 2480, 2481, 2482, 2483, 2484, 2485, 2486, 2487, 2488, 2489, 2490, 2491, 2492, 2493, 2494, 2495, 2496, 2497, 2498, 2500, 2501, 2502, 2503, 2504, 2505, 2506, 2507, 2508, 2509, 2510, 2511, 2512, 2513, 2519, 2520, 2521, 2522, 2523, 2524, 2559, 2560, 2561, 2562, 2563, 2564, 2565, 2704, 2708, 2906, 2910, 2915, 3108, 3112, 3117, 3229, 3230, 3231, 3232, 3233, 3234, 3235, 3236, 3237, 3238, 3239, 3240, 3241, 3242, 3243, 3244, 3245, 3246, 3247, 3248, 3249, 3250, 3251, 3252, 3253, 3254, 3255, 3256, 3257, 3258, 3259, 3260, 3261, 3262, 3263, 3264, 3265, 3266, 3267, 3268, 3269, 3270, 3271, 3272, 3273, 3274, 3282, 3283, 3284, 3285, 3286, 3287, 3288, 3289, 3290, 3291, 3292, 3293, 3294, 3295, 3296, 3297, 3298, 3299, 3300, 3301, 3302, 3303, 3304, 3305, 3306, 3307, 3308, 3309, 3310, 3311, 3312, 3313, 3314, 3315, 3316, 3317, 3318, 3320, 3321, 3328, 3329, 3330, 3331, 3368, 3369, 3370, 3371, 3372, 3373, 3512, 3516, 3714, 3718, 3916, 3920, 4037, 4038, 4039, 4040, 4041, 4042, 4043, 4044, 4045, 4046, 4047, 4048, 4049, 4050, 4051, 4052, 4053, 4054, 4055, 4056, 4057, 4058, 4059, 4060, 4061, 4062, 4063, 4064, 4065, 4066, 4067, 4068, 4069, 4070, 4071, 4072, 4073, 4074, 4075, 4076, 4077, 4078, 4079, 4080, 4081, 4082, 4088, 4089, 4090, 4091, 4092, 4093, 4094, 4095, 4096, 4097, 4098, 4099, 4100, 4101, 4102, 4103, 4104, 4105, 4106, 4107, 4108, 4109, 4110, 4111, 4112, 4113, 4114, 4115, 4116, 4117, 4118, 4119, 4120, 4121, 4122, 4123, 4124, 4125, 4126, 4127, 4136, 4137, 4138, 4178, 4179, 4180, 4181, 4319, 4324, 4521, 4526, 4723, 4728, 4845, 4846, 4847, 4848, 4849, 4850, 4851, 4852, 4853, 4854, 4855, 4856, 4857, 4858, 4859, 4860, 4861, 4862, 4863, 4864, 4865, 4866, 4867, 4868, 4869, 4870, 4871, 4872, 4873, 4874, 4875, 4876, 4877, 4878, 4879, 4880, 4881, 4882, 4883, 4884, 4885, 4886, 4887, 4888, 4889, 4895, 4896, 4897, 4898, 4899, 4900, 4901, 4902, 4903, 4904, 4905, 4906, 4907, 4908, 4909, 4910, 4911, 4912, 4913, 4914, 4915, 4916, 4917, 4918, 4919, 4920, 4921, 4922, 4923, 4924, 4925, 4926, 4927, 4928, 4929, 4930, 4931, 4932, 4933, 4934, 4935, 4944, 4945, 5536]
  Element ID: 6 (index 5, pid 1)
    detF: [0.010449312021092894, -0.004476866169133231, -0.10463336236566256, -0.08970718417545864]
    Nodes connectivity: [6, 7, 151, 150]
      Node 6: initial=[-38.75, 0.0], current=[-38.740744445764314, 2.764572566280025], u=[0.009255554235688544, 2.764572566280025]
      Node 7: initial=[-38.5, 0.0], current=[-38.4908064000521, 2.7460680612007793], u=[0.009193599947897205, 2.7460680612007793]
      Node 151: initial=[-38.5, 0.03], current=[-40.16761973800765, 2.8710150167777546], u=[-1.6676197380076545, 2.841015016777755]
      Node 150: initial=[-38.75, 0.03], current=[-40.417265803583604, 2.8902736839292866], u=[-1.6672658035836059, 2.860273683929287]
  Element ID: 59 (index 58, pid 1)
    detF: [1.5448712935627302, -0.06208779986989743, -4.384136309660476, -2.7771772162278374]
    Nodes connectivity: [59, 60, 204, 203]
      Node 59: initial=[-13.0, 0.0], current=[-12.997125852546576, 0.8586092182997939], u=[0.0028741474534242245, 0.8586092182997939]
      Node 60: initial=[-12.5, 0.0], current=[-12.497249893438239, 0.8215987007388571], u=[0.0027501065617603466, 0.8215987007388571]
      Node 204: initial=[-12.5, 0.03], current=[-13.838226086274911, 0.9488418303108181], u=[-1.3382260862749111, 0.9188418303108181]
      Node 203: initial=[-13.0, 0.03], current=[-14.327702242039663, 1.0686031164867533], u=[-1.327702242039664, 1.0386031164867533]
  Element ID: 60 (index 59, pid 1)
    detF: [-18.522717902839965, -32.932768239399984, -71.673658307088, -57.26360797052796]
    Nodes connectivity: [60, 61, 205, 204]
      Node 60: initial=[-12.5, 0.0], current=[-12.497249893438239, 0.8215987007388571], u=[0.0027501065617603466, 0.8215987007388571]
      Node 61: initial=[-12.0, 0.0], current=[-11.997373391906821, 0.7845900626159485], u=[0.002626608093178759, 0.7845900626159485]
      Node 205: initial=[-12.0, 0.03], current=[-13.41664819842668, 0.16867690530346033], u=[-1.4166481984266799, 0.13867690530346033]
      Node 204: initial=[-12.5, 0.03], current=[-13.838226086274911, 0.9488418303108181], u=[-1.3382260862749111, 0.9188418303108181]
  Element ID: 61 (index 60, pid 1)
    detF: [-186.38045605612805, -107.51371700836887, -65.94543769772831, -144.81217674548748]
    Nodes connectivity: [61, 62, 206, 205]
      Node 61: initial=[-12.0, 0.0], current=[-11.997373391906821, 0.7845900626159485], u=[0.002626608093178759, 0.7845900626159485]
      Node 62: initial=[-11.5, 0.0], current=[-12.599748070302201, -1.9125278293377235], u=[-1.0997480703022005, -1.9125278293377235]
      Node 206: initial=[-11.5, 0.03], current=[-12.989595541464189, -1.3207725289922085], u=[-1.4895955414641886, -1.3507725289922086]
      Node 205: initial=[-12.0, 0.03], current=[-13.41664819842668, 0.16867690530346033], u=[-1.4166481984266799, 0.13867690530346033]
  Element ID: 62 (index 61, pid 1)
    detF: [-23.796056537618057, 35.95393510359096, 47.44641257693781, -12.303579064271123]
    Nodes connectivity: [62, 63, 207, 206]
      Node 62: initial=[-11.5, 0.0], current=[-12.599748070302201, -1.9125278293377235], u=[-1.0997480703022005, -1.9125278293377235]
      Node 63: initial=[-11.0, 0.0], current=[-13.205705383341247, -2.911663973515187], u=[-2.205705383341247, -2.911663973515187]
      Node 207: initial=[-11.0, 0.03], current=[-12.544730778534136, -3.1490693930818785], u=[-1.5447307785341364, -3.1790693930818783]
      Node 206: initial=[-11.5, 0.03], current=[-12.989595541464189, -1.3207725289922085], u=[-1.4895955414641886, -1.3507725289922086]

  *** ERROR: Line search failed to resolve residual explosion at iteration 1.
     1    20     3       0      50     0.1825     0.0000     0.0025   *** CUTBACK: line search collapsed (residual explosion) (Retrying step with smaller dt & target angle) ***
  *** STEP 20 FAILED (conv=-50, cutback 1/20). Cutting back dt to 0.00125s ***

----------------------------------------------------------------------------------------------------
Step 20 | Attempting time increment: dt = 0.00125s (t: 0.1825s -> 0.1838s)
----------------------------------------------------------------------------------------------------

  Nonlinear Iteration Summary (Newton-Raphson)
  ==========================================================================================================================
  Time increment dt: 1.250e-03
  Convergence Tol  : 1.0e-02 (Disp Ratio)     Max Iterations: 50
  --------------------------------------------------------------------------------------------------------------------------
  Iter   Max Res.Force  (Node/DOF)    Max Disp.Corr  (Node/DOF)    Max Disp.Incr  Disp.Ratio  Energy.Err  LS.alpha  TieNodes
  --------------------------------------------------------------------------------------------------------------------------
     1    1.5022e+07  N82(UX)        9.5852e-02  N76(UX)        9.7838e-02     8.62e-04    1.09e+02      1.00       122
  [DIAGNOSTIC] Line search collapsed at iter 2. Inspecting element quality on trial step:

[DEBUG] Element inversion detected in element indexes: [60, 61, 62, 63, 64, 71, 72, 73, 77, 78, 80, 81, 83, 84, 86, 87, 88, 90, 92, 271, 272, 273, 274, 275, 276, 281, 283, 284, 476, 478, 479, 483, 485, 486, 487, 489, 675, 676, 677, 678, 679, 680, 681, 685, 689, 690, 691, 692, 833, 834, 835, 836, 837, 838, 839, 840, 841, 842, 843, 844, 845, 846, 847, 848, 849, 850, 880, 881, 882, 883, 884, 885, 886, 887, 888, 889, 890, 893, 894, 896, 897, 899, 1087, 1089, 1289, 1291, 1491, 1493, 1686, 1687, 1688, 1689, 1690, 1691, 1692, 1693, 1694, 1695, 1696, 1697, 1698, 1699, 1700, 1702, 1703, 1897, 2099, 2301, 2494, 2495, 2496, 2497, 2498, 2499, 2500, 2501, 2502, 2503, 2504, 2505, 2508, 2511, 2512, 3302, 3303, 3304, 3305, 3306, 3307, 3309, 3310, 3311, 3312, 3313, 3314, 3319, 3320, 4110, 4111, 4112, 4113, 4114, 4115, 4117, 4118, 4119, 4120, 4121, 4122, 4125, 4918, 4919, 4920, 4921, 4922, 4925, 4926, 4927, 4928, 4929, 4930, 4933, 4934]
  Element ID: 61 (index 60, pid 1)
    detF: [4.27268750532706, -1.1979914256819129, -1.543372605868407, 3.9273063251405618]
    Nodes connectivity: [61, 62, 206, 205]
      Node 61: initial=[-12.0, 0.0], current=[-11.997454489805811, 0.7704057554794785], u=[0.002545510194187839, 0.7704057554794785]
      Node 62: initial=[-11.5, 0.0], current=[-11.697608602015313, 1.0983193626100998], u=[-0.19760860201531286, 1.0983193626100998]
      Node 206: initial=[-11.5, 0.03], current=[-11.651942954874361, 0.9944816137581199], u=[-0.1519429548743601, 0.9644816137581199]
      Node 205: initial=[-12.0, 0.03], current=[-12.150904507607498, 0.9228318912007516], u=[-0.15090450760749732, 0.8928318912007516]
  Element ID: 62 (index 61, pid 1)
    detF: [-0.1612609955365587, 6.1528353460674055, 5.431258542160808, -0.8828377994431608]
    Nodes connectivity: [62, 63, 207, 206]
      Node 62: initial=[-11.5, 0.0], current=[-11.697608602015313, 1.0983193626100998], u=[-0.19760860201531286, 1.0983193626100998]
      Node 63: initial=[-11.0, 0.0], current=[-11.233457196224194, 0.7682581506253114], u=[-0.23345719622419425, 0.7682581506253114]
      Node 207: initial=[-11.0, 0.03], current=[-11.151253750930904, 0.9918681336458152], u=[-0.15125375093090387, 0.9618681336458151]
      Node 206: initial=[-11.5, 0.03], current=[-11.651942954874361, 0.9944816137581199], u=[-0.1519429548743601, 0.9644816137581199]
  Element ID: 63 (index 62, pid 1)
    detF: [3.65784825483499, -2.522080308100911, -1.2602553058964523, 4.91967325703946]
    Nodes connectivity: [63, 64, 208, 207]
      Node 63: initial=[-11.0, 0.0], current=[-11.233457196224194, 0.7682581506253114], u=[-0.23345719622419425, 0.7682581506253114]
      Node 64: initial=[-10.5, 0.0], current=[-10.758372547114188, 1.0646409091129019], u=[-0.2583725471141891, 1.0646409091129019]
      Node 208: initial=[-10.5, 0.03], current=[-10.647144308328137, 0.9683988283022203], u=[-0.14714430832813782, 0.9383988283022203]
      Node 207: initial=[-11.0, 0.03], current=[-11.151253750930904, 0.9918681336458152], u=[-0.15125375093090387, 0.9618681336458151]
  Element ID: 64 (index 63, pid 1)
    detF: [-2.0552072812842974, 1.2924559646768943, 1.4134747105083234, -1.934188535452879]
    Nodes connectivity: [64, 65, 209, 208]
      Node 64: initial=[-10.5, 0.0], current=[-10.758372547114188, 1.0646409091129019], u=[-0.2583725471141891, 1.0646409091129019]
      Node 65: initial=[-10.0, 0.0], current=[-10.01363257180525, 0.8686220742771211], u=[-0.01363257180524943, 0.8686220742771211]
      Node 209: initial=[-10.0, 0.03], current=[-10.143331513286522, 0.9525786024240651], u=[-0.14333151328652227, 0.9225786024240651]
      Node 208: initial=[-10.5, 0.03], current=[-10.647144308328137, 0.9683988283022203], u=[-0.14714430832813782, 0.9383988283022203]
  Element ID: 65 (index 64, pid 1)
    detF: [1.5887296201871925, -0.24676673964141357, 0.027339035059100347, 1.8628353948877039]
    Nodes connectivity: [65, 66, 210, 209]
      Node 65: initial=[-10.0, 0.0], current=[-10.01363257180525, 0.8686220742771211], u=[-0.01363257180524943, 0.8686220742771211]
      Node 66: initial=[-9.5, 0.0], current=[-9.757829889569953, 0.9528730972820789], u=[-0.2578298895699526, 0.9528730972820789]
      Node 210: initial=[-9.5, 0.03], current=[-9.640434991951102, 0.93178895373724], u=[-0.14043499195110196, 0.90178895373724]
      Node 209: initial=[-10.0, 0.03], current=[-10.143331513286522, 0.9525786024240651], u=[-0.14333151328652227, 0.9225786024240651]

  *** ERROR: Line search failed to resolve residual explosion at iteration 2.
     1    20     4       0      50     0.1825     0.0000     0.0013   *** CUTBACK: line search collapsed (residual explosion) (Retrying step with smaller dt & target angle) ***
  *** STEP 20 FAILED (conv=-50, cutback 1/20). Cutting back dt to 0.00063s ***

----------------------------------------------------------------------------------------------------
Step 20 | Attempting time increment: dt = 0.00063s (t: 0.1825s -> 0.1831s)
----------------------------------------------------------------------------------------------------

  Nonlinear Iteration Summary (Newton-Raphson)
  ==========================================================================================================================
  Time increment dt: 6.250e-04
  Convergence Tol  : 1.0e-02 (Disp Ratio)     Max Iterations: 50
  --------------------------------------------------------------------------------------------------------------------------
  Iter   Max Res.Force  (Node/DOF)    Max Disp.Corr  (Node/DOF)    Max Disp.Incr  Disp.Ratio  Energy.Err  LS.alpha  TieNodes
  --------------------------------------------------------------------------------------------------------------------------
     1    2.0781e+07  N79(UX)        6.1315e-02  N486(UY)       6.8426e-02     4.96e-03    1.74e+02      1.00       122
  [DIAGNOSTIC] Line search collapsed at iter 2. Inspecting element quality on trial step:

[DEBUG] Element inversion detected in element indexes: [4, 5, 6, 7, 8, 9, 57, 61, 62, 63, 65, 66, 74, 75, 78, 82, 83, 85, 86, 87, 88, 89, 272, 273, 274, 276, 278, 279, 280, 281, 282, 284, 285, 286, 287, 288, 475, 478, 479, 481, 482, 483, 484, 485, 486, 488, 671, 675, 676, 677, 678, 680, 682, 683, 685, 686, 687, 688, 690, 691, 804, 805, 809, 810, 811, 812, 813, 814, 815, 816, 817, 818, 819, 820, 821, 822, 823, 824, 825, 826, 827, 828, 829, 830, 831, 832, 833, 834, 835, 836, 837, 838, 839, 840, 841, 842, 843, 844, 845, 846, 847, 848, 849, 850, 851, 852, 853, 854, 880, 881, 882, 883, 886, 887, 888, 889, 890, 892, 893, 894, 899, 901, 903, 905, 907, 909, 911, 913, 915, 917, 919, 921, 923, 925, 1070, 1071, 1072, 1073, 1074, 1075, 1076, 1077, 1078, 1079, 1080, 1081, 1082, 1085, 1086, 1087, 1088, 1091, 1092, 1093, 1094, 1095, 1096, 1097, 1098, 1100, 1101, 1102, 1103, 1104, 1273, 1275, 1276, 1277, 1279, 1280, 1281, 1288, 1293, 1294, 1295, 1296, 1297, 1298, 1299, 1300, 1302, 1303, 1305, 1489, 1490, 1491, 1496, 1497, 1498, 1499, 1500, 1502, 1617, 1618, 1619, 1620, 1621, 1622, 1623, 1624, 1625, 1626, 1627, 1628, 1629, 1630, 1631, 1632, 1663, 1664, 1665, 1666, 1667, 1668, 1669, 1670, 1671, 1672, 1673, 1674, 1675, 1676, 1677, 1678, 1679, 1680, 1681, 1682, 1683, 1684, 1685, 1686, 1687, 1688, 1691, 1692, 1694, 1695, 1696, 1697, 1698, 1699, 1700, 1702, 1703, 1704, 1705, 1706, 1708, 1710, 1712, 1714, 1716, 1893, 1901, 2095, 2297, 2425, 2426, 2427, 2428, 2429, 2430, 2431, 2432, 2433, 2434, 2435, 2436, 2437, 2438, 2439, 2440, 2441, 2442, 2443, 2444, 2445, 2446, 2447, 2448, 2449, 2450, 2451, 2452, 2453, 2454, 2455, 2456, 2474, 2475, 2476, 2477, 2478, 2479, 2480, 2481, 2482, 2483, 2484, 2485, 2486, 2487, 2488, 2489, 2490, 2491, 2492, 2493, 2494, 2495, 2496, 2497, 2498, 2499, 2500, 2501, 2502, 2503, 2504, 2505, 2506, 2507, 2509, 2510, 2511, 2512, 2513, 2514, 2565, 3233, 3234, 3235, 3236, 3237, 3238, 3239, 3240, 3241, 3242, 3243, 3244, 3245, 3246, 3247, 3248, 3249, 3250, 3251, 3252, 3253, 3254, 3255, 3256, 3257, 3258, 3259, 3260, 3261, 3262, 3263, 3264, 3265, 3266, 3267, 3268, 3269, 3270, 3271, 3288, 3289, 3290, 3291, 3292, 3293, 3294, 3295, 3296, 3297, 3298, 3299, 3300, 3301, 3302, 3303, 3304, 3305, 3306, 3307, 3308, 3309, 3310, 3311, 3312, 3313, 3315, 3316, 3317, 3318, 3319, 3320, 3321, 3322, 4040, 4041, 4042, 4043, 4044, 4045, 4046, 4047, 4048, 4049, 4050, 4051, 4052, 4053, 4054, 4055, 4056, 4057, 4058, 4059, 4060, 4061, 4062, 4063, 4064, 4065, 4066, 4067, 4068, 4069, 4070, 4071, 4072, 4073, 4074, 4075, 4076, 4077, 4078, 4079, 4095, 4096, 4097, 4098, 4099, 4100, 4101, 4102, 4103, 4104, 4105, 4106, 4107, 4108, 4109, 4110, 4111, 4112, 4115, 4116, 4117, 4118, 4119, 4120, 4121, 4122, 4124, 4125, 4126, 4127, 4128, 4129, 4130, 4848, 4849, 4850, 4851, 4852, 4853, 4854, 4855, 4856, 4857, 4858, 4859, 4860, 4861, 4862, 4863, 4864, 4865, 4866, 4867, 4868, 4869, 4870, 4871, 4872, 4873, 4874, 4875, 4876, 4877, 4878, 4879, 4880, 4881, 4882, 4883, 4884, 4885, 4886, 4903, 4904, 4905, 4906, 4907, 4908, 4909, 4910, 4911, 4912, 4913, 4914, 4915, 4916, 4917, 4918, 4919, 4920, 4921, 4922, 4923, 4924, 4925, 4926, 4927, 4928, 4929, 4930, 4931, 4932, 4933, 4934, 4935, 4936, 4937, 4938]
  Element ID: 5 (index 4, pid 1)
    detF: [-0.22058924594493234, -0.23316050558010382, -0.3460931054579035, -0.3335218458227249]
    Nodes connectivity: [5, 6, 150, 149]
      Node 5: initial=[-39.0, 0.0], current=[-38.99111408374494, 2.707805040831713], u=[0.008885916255057164, 2.707805040831713]
      Node 6: initial=[-38.75, 0.0], current=[-38.741173168788116, 2.689801021397214], u=[0.008826831211887135, 2.689801021397214]
      Node 150: initial=[-38.75, 0.03], current=[-40.994810485609065, 2.8462433440393835], u=[-2.244810485609063, 2.8162433440393837]
      Node 149: initial=[-39.0, 0.03], current=[-41.24382920869583, 2.864834311363943], u=[-2.243829208695831, 2.8348343113639434]
  Element ID: 6 (index 5, pid 1)
    detF: [-0.26544689151127976, -0.2842971190915229, -0.45400971209871077, -0.43515948451846853]
    Nodes connectivity: [6, 7, 151, 150]
      Node 6: initial=[-38.75, 0.0], current=[-38.741173168788116, 2.689801021397214], u=[0.008826831211887135, 2.689801021397214]
      Node 7: initial=[-38.5, 0.0], current=[-38.49123225359173, 2.671796993947438], u=[0.00876774640826522, 2.671796993947438]
      Node 151: initial=[-38.5, 0.03], current=[-40.74542910403157, 2.8272999034468813], u=[-2.245429104031574, 2.7972999034468815]
      Node 150: initial=[-38.75, 0.03], current=[-40.994810485609065, 2.8462433440393835], u=[-2.244810485609063, 2.8162433440393837]
  Element ID: 7 (index 6, pid 1)
    detF: [-0.2272298912423123, -0.22675820640669908, -0.22218315514573383, -0.22265483998133284]
    Nodes connectivity: [7, 8, 152, 151]
      Node 7: initial=[-38.5, 0.0], current=[-38.49123225359173, 2.671796993947438], u=[0.00876774640826522, 2.671796993947438]
      Node 8: initial=[-38.25, 0.0], current=[-38.2412913381832, 2.653792968266402], u=[0.008708661816795414, 2.653792968266402]
      Node 152: initial=[-38.25, 0.03], current=[-40.496094746920534, 2.8093640853135775], u=[-2.246094746920532, 2.7793640853135777]
      Node 151: initial=[-38.5, 0.03], current=[-40.74542910403157, 2.8272999034468813], u=[-2.245429104031574, 2.7972999034468815]
  Element ID: 8 (index 7, pid 1)
    detF: [-0.18819666249455302, -0.17731026684219042, -0.07876899771464085, -0.08965539336700434]
    Nodes connectivity: [8, 9, 153, 152]
      Node 8: initial=[-38.25, 0.0], current=[-38.2412913381832, 2.653792968266402], u=[0.008708661816795414, 2.653792968266402]
      Node 9: initial=[-38.0, 0.0], current=[-37.99135045422997, 2.635788978600313], u=[0.008649545770026532, 2.635788978600313]
      Node 153: initial=[-38.0, 0.03], current=[-40.246782257052466, 2.7919711682581743], u=[-2.246782257052467, 2.7619711682581745]
      Node 152: initial=[-38.25, 0.03], current=[-40.496094746920534, 2.8093640853135775], u=[-2.246094746920532, 2.7793640853135777]
  Element ID: 9 (index 8, pid 1)
    detF: [-0.15287453475133184, -0.12491608257888753, 0.0015767362428542597, -0.02638171592958738]
    Nodes connectivity: [9, 10, 154, 153]
      Node 9: initial=[-38.0, 0.0], current=[-37.99135045422997, 2.635788978600313], u=[0.008649545770026532, 2.635788978600313]
      Node 10: initial=[-37.5, 0.0], current=[-37.49146866098113, 2.5997809080872516], u=[0.008531339018871306, 2.5997809080872516]
      Node 154: initial=[-37.5, 0.03], current=[-39.748331999804435, 2.7575193231462385], u=[-2.2483319998044333, 2.7275193231462387]
      Node 153: initial=[-38.0, 0.03], current=[-40.246782257052466, 2.7919711682581743], u=[-2.246782257052467, 2.7619711682581745]

  *** ERROR: Line search failed to resolve residual explosion at iteration 2.
     1    20     5       0      50     0.1825     0.0000     0.0006   *** CUTBACK: line search collapsed (residual explosion) (Retrying step with smaller dt & target angle) ***
  *** STEP 20 FAILED (conv=-50, cutback 1/20). Cutting back dt to 0.00031s ***

----------------------------------------------------------------------------------------------------
Step 20 | Attempting time increment: dt = 0.00031s (t: 0.1825s -> 0.1828s)
----------------------------------------------------------------------------------------------------

  Nonlinear Iteration Summary (Newton-Raphson)
  ==========================================================================================================================
  Time increment dt: 3.125e-04
  Convergence Tol  : 1.0e-02 (Disp Ratio)     Max Iterations: 50
  --------------------------------------------------------------------------------------------------------------------------
  Iter   Max Res.Force  (Node/DOF)    Max Disp.Corr  (Node/DOF)    Max Disp.Incr  Disp.Ratio  Energy.Err  LS.alpha  TieNodes
  --------------------------------------------------------------------------------------------------------------------------
  [DIAGNOSTIC] Line search collapsed at iter 1. Inspecting element quality on trial step:

[DEBUG] Element inversion detected in element indexes: [73, 75, 77, 79, 81, 82, 85, 86, 277, 278, 281, 283, 285, 286, 287, 479, 480, 483, 487, 675, 676, 677, 678, 681, 682, 685, 689, 690, 691, 827, 828, 829, 830, 831, 832, 833, 834, 835, 836, 837, 838, 839, 840, 841, 842, 843, 844, 845, 846, 847, 848, 849, 850, 851, 852, 853, 854, 855, 856, 857, 858, 859, 860, 861, 862, 880, 883, 884, 885, 886, 887, 888, 891, 892, 893, 1089, 1091, 1286, 1291, 1293, 1488, 1493, 1495, 1678, 1679, 1680, 1681, 1682, 1683, 1684, 1685, 1686, 1687, 1688, 1689, 1690, 1691, 1692, 1693, 1694, 1695, 1696, 1698, 1699, 1700, 2101, 2303, 2486, 2487, 2488, 2489, 2490, 2491, 2492, 2493, 2494, 2495, 2496, 2497, 2498, 2499, 2500, 2501, 2502, 2503, 2504, 2506, 2507, 2508, 2509, 3294, 3295, 3296, 3297, 3298, 3299, 3300, 3301, 3302, 3303, 3304, 3305, 3306, 3307, 3308, 3309, 3310, 3311, 3312, 3313, 3314, 3315, 3316, 3317, 4102, 4103, 4104, 4105, 4106, 4107, 4108, 4109, 4110, 4111, 4112, 4113, 4114, 4115, 4116, 4119, 4120, 4121, 4122, 4123, 4124, 4125, 4911, 4912, 4913, 4914, 4915, 4916, 4917, 4918, 4919, 4920, 4921, 4922, 4923, 4924, 4927, 4928, 4929, 4930, 4931, 4932, 4933]
  Element ID: 74 (index 73, pid 1)
    detF: [-44.024800592802514, -138.7500755074438, -138.72068830796235, -43.99541339332107]
    Nodes connectivity: [75, 76, 279, 278]
      Node 75: initial=[8.0, 0.0], current=[8.017012551726003, 0.66116924069426], u=[0.0170125517260029, 0.66116924069426]
      Node 76: initial=[8.25, 0.0], current=[7.036282712491909, -3.3499136513591017], u=[-1.2137172875080915, -3.3499136513591017]
      Node 279: initial=[8.25, 0.03], current=[6.826114846606442, -2.8831750882634846], u=[-1.4238851533935581, -2.9131750882634844]
      Node 278: initial=[8.0, 0.03], current=[8.005377674019657, 0.6851914439065684], u=[0.0053776740196577605, 0.6551914439065684]
  Element ID: 76 (index 75, pid 1)
    detF: [-1719.6707882289727, -431.96652084701486, -438.4162494356651, -1726.1205168176223]
    Nodes connectivity: [77, 78, 281, 280]
      Node 77: initial=[8.5, 0.0], current=[3.4400391866400586, -10.848620252511918], u=[-5.059960813359941, -10.848620252511918]
      Node 78: initial=[9.0, 0.0], current=[9.043435107008461, 0.6599755542803982], u=[0.043435107008461024, 0.6599755542803982]
      Node 281: initial=[9.0, 0.03], current=[9.008231493137666, 0.6993724863320411], u=[0.00823149313766543, 0.669372486332041]
      Node 280: initial=[8.5, 0.03], current=[6.7866983807287244, -9.833930129498727], u=[-1.7133016192712751, -9.863930129498726]
  Element ID: 78 (index 77, pid 1)
    detF: [-12578.764192363351, -47268.88798116218, -47254.11372556935, -12563.989936770495]
    Nodes connectivity: [79, 80, 283, 282]
      Node 79: initial=[9.5, 0.0], current=[9.431954375273781, 0.6805910796847646], u=[-0.06804562472621975, 0.6805910796847646]
      Node 80: initial=[10.0, 0.0], current=[42.85255626031144, -8.980813748877935], u=[32.85255626031144, -8.980813748877935]
      Node 283: initial=[10.0, 0.03], current=[11.213659388077291, -26.751296924151436], u=[1.2136593880772908, -26.781296924151437]
      Node 282: initial=[9.5, 0.03], current=[9.50598491754446, 0.7100393910363656], u=[0.005984917544459294, 0.6800393910363656]
  Element ID: 80 (index 79, pid 1)
    detF: [85.2001242332208, 201.31530145263383, 94.78903838843824, -21.326138830974955]
    Nodes connectivity: [81, 82, 285, 284]
      Node 81: initial=[10.5, 0.0], current=[8.680785733836144, 1.1321779581814109], u=[-1.819214266163856, 1.1321779581814109]
      Node 82: initial=[11.0, 0.0], current=[11.097793177082123, 0.9110138741009648], u=[0.09779317708212229, 0.9110138741009648]
      Node 285: initial=[11.0, 0.03], current=[11.14634433659985, 2.6616820845246156], u=[0.14634433659984944, 2.631682084524616]
      Node 284: initial=[10.5, 0.03], current=[10.271709553000564, 1.4935752157691635], u=[-0.22829044699943588, 1.4635752157691635]
  Element ID: 82 (index 81, pid 1)
    detF: [-3457.3072613680265, -3936.472088802862, -2717.909023684425, -2238.74419624959]
    Nodes connectivity: [83, 84, 287, 286]
      Node 83: initial=[11.5, 0.0], current=[10.051551186484218, -16.30083135220066], u=[-1.4484488135157811, -16.30083135220066]
      Node 84: initial=[12.0, 0.0], current=[11.99748276807057, 0.7597734371881283], u=[-0.0025172319294287327, 0.7597734371881283]
      Node 287: initial=[12.0, 0.03], current=[15.133106202281446, -6.883158284655593], u=[3.133106202281447, -6.9131582846555935]
      Node 286: initial=[11.5, 0.03], current=[13.517313868178697, -14.651842025720427], u=[2.0173138681786957, -14.681842025720426]

  *** ERROR: Line search failed to resolve residual explosion at iteration 1.
     1    20     6       0      50     0.1825     0.0000     0.0003   *** CUTBACK: line search collapsed (residual explosion) (Retrying step with smaller dt & target angle) ***
  *** STEP 20 FAILED (conv=-50, cutback 1/20). Cutting back dt to 0.00016s ***

----------------------------------------------------------------------------------------------------
Step 20 | Attempting time increment: dt = 0.00016s (t: 0.1825s -> 0.1827s)
----------------------------------------------------------------------------------------------------

  Nonlinear Iteration Summary (Newton-Raphson)
  ==========================================================================================================================
  Time increment dt: 1.563e-04
  Convergence Tol  : 1.0e-02 (Disp Ratio)     Max Iterations: 50
  --------------------------------------------------------------------------------------------------------------------------
  Iter   Max Res.Force  (Node/DOF)    Max Disp.Corr  (Node/DOF)    Max Disp.Incr  Disp.Ratio  Energy.Err  LS.alpha  TieNodes
  --------------------------------------------------------------------------------------------------------------------------
  [DIAGNOSTIC] Line search collapsed at iter 1. Inspecting element quality on trial step:

[DEBUG] Element inversion detected in element indexes: [4, 5, 55, 56, 58, 59, 60, 61, 62, 64, 65, 66, 67, 68, 69, 70, 71, 72, 73, 74, 75, 77, 78, 79, 81, 84, 87, 89, 90, 91, 93, 95, 97, 99, 101, 103, 105, 107, 109, 111, 113, 115, 117, 119, 121, 123, 125, 127, 129, 131, 133, 135, 137, 200, 213, 214, 258, 259, 260, 261, 262, 263, 264, 265, 266, 267, 268, 269, 270, 271, 272, 273, 274, 275, 276, 277, 278, 279, 280, 281, 283, 287, 288, 289, 290, 291, 292, 293, 294, 295, 296, 297, 298, 299, 300, 301, 302, 303, 304, 305, 306, 307, 308, 309, 310, 311, 312, 313, 314, 315, 316, 317, 318, 319, 320, 321, 322, 323, 324, 325, 326, 327, 328, 329, 330, 331, 332, 333, 334, 335, 336, 337, 338, 339, 340, 341, 402, 415, 416, 461, 463, 464, 465, 466, 467, 468, 469, 470, 471, 472, 473, 474, 476, 477, 478, 479, 480, 481, 482, 483, 485, 487, 488, 489, 490, 491, 492, 493, 494, 495, 496, 497, 498, 499, 500, 501, 502, 503, 504, 505, 506, 507, 508, 509, 510, 511, 512, 513, 514, 515, 516, 517, 518, 519, 520, 521, 522, 523, 524, 525, 526, 527, 528, 529, 530, 531, 532, 533, 534, 535, 536, 537, 538, 539, 540, 541, 542, 543, 544, 604, 617, 618, 674, 678, 679, 680, 681, 682, 683, 684, 685, 687, 689, 693, 694, 695, 696, 697, 698, 699, 700, 701, 702, 703, 704, 705, 706, 707, 708, 709, 710, 711, 712, 713, 714, 715, 716, 717, 718, 719, 720, 721, 722, 723, 724, 725, 726, 727, 728, 729, 730, 731, 732, 733, 734, 735, 736, 737, 738, 739, 740, 741, 742, 743, 744, 745, 753, 754, 803, 804, 805, 806, 807, 808, 809, 810, 811, 812, 813, 814, 815, 816, 817, 818, 819, 876, 877, 878, 879, 880, 883, 884, 885, 886, 887, 888, 889, 890, 891, 893, 894, 895, 896, 900, 902, 904, 906, 908, 910, 912, 914, 916, 918, 920, 922, 924, 926, 928, 929, 930, 931, 932, 933, 934, 935, 936, 937, 938, 939, 940, 941, 942, 945, 995, 996, 997, 998, 999, 1000, 1001, 1002, 1003, 1004, 1005, 1006, 1007, 1021, 1022, 1023, 1024, 1082, 1088, 1091, 1094, 1103, 1104, 1105, 1106, 1107, 1108, 1109, 1110, 1111, 1112, 1113, 1114, 1115, 1116, 1117, 1118, 1119, 1120, 1121, 1122, 1123, 1124, 1125, 1126, 1127, 1128, 1129, 1130, 1131, 1132, 1133, 1134, 1135, 1136, 1137, 1138, 1139, 1197, 1198, 1199, 1200, 1201, 1202, 1203, 1204, 1205, 1206, 1207, 1208, 1209, 1223, 1224, 1225, 1226, 1284, 1290, 1293, 1296, 1312, 1313, 1314, 1315, 1316, 1317, 1318, 1319, 1320, 1321, 1322, 1323, 1324, 1325, 1326, 1327, 1328, 1329, 1330, 1331, 1332, 1333, 1334, 1335, 1336, 1337, 1338, 1339, 1340, 1399, 1400, 1401, 1402, 1403, 1404, 1405, 1406, 1407, 1408, 1409, 1410, 1411, 1425, 1426, 1427, 1428, 1486, 1492, 1495, 1498, 1508, 1509, 1510, 1511, 1512, 1513, 1514, 1515, 1516, 1517, 1518, 1519, 1520, 1521, 1522, 1523, 1524, 1525, 1526, 1527, 1528, 1529, 1530, 1531, 1532, 1533, 1534, 1535, 1536, 1537, 1538, 1539, 1540, 1541, 1542, 1543, 1611, 1612, 1613, 1614, 1615, 1616, 1617, 1618, 1619, 1620, 1621, 1622, 1623, 1624, 1625, 1626, 1627, 1628, 1676, 1677, 1678, 1679, 1680, 1681, 1682, 1683, 1684, 1685, 1686, 1687, 1688, 1689, 1690, 1691, 1692, 1693, 1694, 1695, 1696, 1697, 1698, 1699, 1700, 1701, 1702, 1703, 1704, 1711, 1712, 1713, 1714, 1715, 1716, 1717, 1718, 1719, 1720, 1721, 1722, 1723, 1724, 1725, 1726, 1727, 1728, 1729, 1730, 1731, 1732, 1733, 1734, 1735, 1736, 1737, 1738, 1739, 1740, 1741, 1742, 1743, 1744, 1745, 1746, 1747, 1748, 1749, 1750, 1751, 1752, 1753, 1754, 1755, 1756, 1757, 1812, 1813, 1830, 1831, 1885, 1894, 1899, 1904, 1906, 2014, 2015, 2032, 2033, 2087, 2096, 2101, 2106, 2108, 2114, 2217, 2234, 2235, 2289, 2298, 2303, 2308, 2310, 2316, 2419, 2420, 2421, 2422, 2423, 2424, 2425, 2426, 2427, 2428, 2429, 2430, 2431, 2432, 2433, 2434, 2435, 2436, 2462, 2463, 2464, 2465, 2466, 2467, 2468, 2469, 2470, 2471, 2472, 2473, 2474, 2475, 2476, 2477, 2478, 2479, 2480, 2481, 2482, 2483, 2484, 2485, 2486, 2487, 2488, 2489, 2490, 2491, 2493, 2494, 2495, 2496, 2497, 2498, 2499, 2500, 2501, 2502, 2503, 2504, 2505, 2506, 2507, 2508, 2510, 2511, 2512, 2519, 2520, 2521, 2522, 2523, 2524, 2525, 2526, 2527, 2528, 2529, 2530, 2531, 2532, 2533, 2534, 2535, 2536, 2537, 2538, 2539, 2540, 2541, 2542, 2543, 2544, 2545, 2546, 2547, 2548, 2549, 2550, 2551, 2552, 2553, 2554, 2555, 2556, 2557, 2558, 2559, 2560, 2561, 2562, 2563, 2564, 2565, 2693, 2702, 2707, 2711, 2712, 2720, 2904, 2909, 2913, 2914, 2922, 3097, 3106, 3111, 3115, 3116, 3124, 3183, 3184, 3227, 3228, 3229, 3230, 3231, 3232, 3233, 3234, 3235, 3236, 3237, 3238, 3239, 3240, 3241, 3242, 3243, 3244, 3245, 3246, 3247, 3248, 3249, 3250, 3251, 3252, 3253, 3254, 3255, 3256, 3257, 3258, 3259, 3260, 3261, 3262, 3263, 3264, 3265, 3266, 3267, 3268, 3269, 3270, 3271, 3272, 3273, 3274, 3275, 3276, 3277, 3278, 3279, 3280, 3281, 3282, 3283, 3284, 3285, 3286, 3287, 3288, 3289, 3290, 3291, 3292, 3293, 3294, 3295, 3296, 3297, 3298, 3299, 3303, 3304, 3305, 3306, 3307, 3308, 3309, 3310, 3311, 3312, 3313, 3314, 3315, 3316, 3317, 3318, 3319, 3320, 3327, 3328, 3329, 3330, 3331, 3332, 3333, 3334, 3335, 3336, 3337, 3338, 3339, 3340, 3341, 3342, 3343, 3344, 3345, 3346, 3347, 3348, 3349, 3350, 3351, 3352, 3353, 3354, 3355, 3356, 3357, 3358, 3359, 3360, 3361, 3362, 3363, 3364, 3365, 3366, 3367, 3368, 3369, 3370, 3371, 3372, 3373, 3502, 3515, 3704, 3717, 3906, 3919, 3990, 3991, 3992, 4035, 4036, 4037, 4038, 4039, 4040, 4041, 4042, 4043, 4044, 4045, 4046, 4047, 4048, 4049, 4053, 4054, 4055, 4056, 4057, 4058, 4059, 4060, 4061, 4062, 4063, 4064, 4065, 4066, 4067, 4068, 4069, 4070, 4071, 4072, 4073, 4074, 4075, 4076, 4077, 4078, 4079, 4080, 4081, 4082, 4083, 4084, 4085, 4086, 4087, 4088, 4089, 4090, 4091, 4092, 4093, 4094, 4095, 4096, 4097, 4098, 4099, 4100, 4101, 4102, 4103, 4104, 4105, 4106, 4107, 4108, 4109, 4110, 4111, 4112, 4113, 4114, 4115, 4116, 4117, 4118, 4119, 4120, 4121, 4122, 4123, 4124, 4125, 4126, 4127, 4128, 4135, 4136, 4137, 4138, 4139, 4140, 4141, 4142, 4143, 4144, 4145, 4146, 4147, 4148, 4149, 4150, 4151, 4152, 4153, 4154, 4155, 4156, 4157, 4158, 4159, 4160, 4161, 4162, 4163, 4164, 4165, 4166, 4167, 4168, 4169, 4170, 4171, 4172, 4173, 4174, 4175, 4176, 4177, 4178, 4179, 4180, 4181, 4314, 4323, 4330, 4516, 4525, 4532, 4718, 4727, 4734, 4798, 4799, 4800, 4843, 4844, 4845, 4846, 4847, 4848, 4849, 4850, 4851, 4852, 4853, 4854, 4855, 4856, 4857, 4858, 4859, 4860, 4884, 4885, 4886, 4887, 4888, 4889, 4890, 4891, 4892, 4893, 4894, 4895, 4896, 4897, 4898, 4899, 4900, 4901, 4902, 4903, 4904, 4905, 4906, 4907, 4908, 4909, 4910, 4911, 4912, 4913, 4914, 4915, 4916, 4917, 4918, 4919, 4920, 4921, 4922, 4923, 4924, 4925, 4926, 4927, 4928, 4929, 4930, 4931, 4932, 4933, 4934, 4935, 4943, 4944, 4945, 4946, 4947, 4948, 4949, 4950, 4951, 4952, 4953, 4954, 4955, 4956, 4957, 4958, 4959, 4960, 4961, 4962, 4963, 4964, 4965, 4966, 4967, 4968, 4969, 4970, 4971, 4972, 4973, 4974, 4975, 4976, 4977, 4978, 4979, 4980, 4981, 4982, 4983, 4984, 4985, 4986, 4987, 4988, 4989, 5123, 5131, 5144, 5325, 5333, 5346, 5527, 5535, 5548]
  Element ID: 5 (index 4, pid 1)
    detF: [-24.982084031707046, -24.471962092087097, -251.79362087110943, -252.30374281073452]
    Nodes connectivity: [5, 6, 150, 149]
      Node 5: initial=[-39.0, 0.0], current=[-38.99118338731179, 2.6895564360495214], u=[0.008816612688208629, 2.6895564360495214]
      Node 6: initial=[-38.75, 0.0], current=[-38.74124194257557, 2.6716735441335477], u=[0.008758057424426868, 2.6716735441335477]
      Node 150: initial=[-38.75, 0.03], current=[73.7939784533439, -3.6120112362563734], u=[112.5439784533439, -3.6420112362563732]
      Node 149: initial=[-39.0, 0.03], current=[73.52670537352262, -3.6194012182761024], u=[112.52670537352262, -3.649401218276102]
  Element ID: 6 (index 5, pid 1)
    detF: [-95.22769859303689, -94.29043992306703, -516.3501835110822, -517.287442181052]
    Nodes connectivity: [6, 7, 151, 150]
      Node 6: initial=[-38.75, 0.0], current=[-38.74124194257557, 2.6716735441335477], u=[0.008758057424426868, 2.6716735441335477]
      Node 7: initial=[-38.5, 0.0], current=[-38.49130052330972, 2.653791082068886], u=[0.008699476690284246, 2.653791082068886]
      Node 151: initial=[-38.5, 0.03], current=[74.04346122695517, -3.581148080163898], u=[112.54346122695517, -3.6111480801638978]
      Node 150: initial=[-38.75, 0.03], current=[73.7939784533439, -3.6120112362563734], u=[112.5439784533439, -3.6420112362563732]
  Element ID: 56 (index 55, pid 1)
    detF: [-261.3253446620416, -258.46784246849234, -915.2987526459431, -918.1562548394925]
    Nodes connectivity: [56, 57, 201, 200]
      Node 56: initial=[-14.5, 0.0], current=[-14.496915336356674, 0.9370506542774167], u=[0.0030846636433272258, 0.9370506542774167]
      Node 57: initial=[-14.0, 0.0], current=[-13.99703227243154, 0.901286564194681], u=[0.0029677275684607475, 0.901286564194681]
      Node 201: initial=[-14.0, 0.03], current=[100.98247324569347, -7.835185188026744], u=[114.98247324569347, -7.865185188026744]
      Node 200: initial=[-14.5, 0.03], current=[100.50454406959008, -7.949506689886493], u=[115.00454406959008, -7.9795066898864935]
  Element ID: 57 (index 56, pid 1)
    detF: [-703.4357452119357, -695.2419673825153, -2578.791796300637, -2586.9855741300507]
    Nodes connectivity: [57, 58, 202, 201]
      Node 57: initial=[-14.0, 0.0], current=[-13.99703227243154, 0.901286564194681], u=[0.0029677275684607475, 0.901286564194681]
      Node 58: initial=[-13.5, 0.0], current=[-13.497149351198308, 0.8655228325483071], u=[0.002850648801692428, 0.8655228325483071]
      Node 202: initial=[-13.5, 0.03], current=[101.42510934732735, -7.440992337118072], u=[114.92510934732735, -7.470992337118072]
      Node 201: initial=[-14.0, 0.03], current=[100.98247324569347, -7.835185188026744], u=[114.98247324569347, -7.865185188026744]
  Element ID: 59 (index 58, pid 1)
    detF: [-2354.390895193172, -2326.559605033766, -8720.045030494008, -8747.876320653413]
    Nodes connectivity: [59, 60, 204, 203]
      Node 59: initial=[-13.0, 0.0], current=[-12.997266295676265, 0.8297570866900166], u=[0.002733704323734816, 0.8297570866900166]
      Node 60: initial=[-12.5, 0.0], current=[-12.497377226281722, 0.7940228690106975], u=[0.002622773718277521, 0.7940228690106975]
      Node 204: initial=[-12.5, 0.03], current=[102.51861736764432, -6.713492773485595], u=[115.01861736764432, -6.743492773485595]
      Node 203: initial=[-13.0, 0.03], current=[101.65420478648579, -8.09817802464097], u=[114.65420478648579, -8.128178024640969]

  *** ERROR: Line search failed to resolve residual explosion at iteration 1.
     1    20     7       0      50     0.1825     0.0000     0.0002   *** CUTBACK: line search collapsed (residual explosion) (Retrying step with smaller dt & target angle) ***
  *** STEP 20 FAILED (conv=-50, cutback 1/20). Cutting back dt to 0.00008s ***

----------------------------------------------------------------------------------------------------
Step 20 | Attempting time increment: dt = 0.00008s (t: 0.1825s -> 0.1826s)
----------------------------------------------------------------------------------------------------

  Nonlinear Iteration Summary (Newton-Raphson)
  ==========================================================================================================================
  Time increment dt: 7.813e-05
  Convergence Tol  : 1.0e-02 (Disp Ratio)     Max Iterations: 50
  --------------------------------------------------------------------------------------------------------------------------
  Iter   Max Res.Force  (Node/DOF)    Max Disp.Corr  (Node/DOF)    Max Disp.Incr  Disp.Ratio  Energy.Err  LS.alpha  TieNodes
  --------------------------------------------------------------------------------------------------------------------------
  [DIAGNOSTIC] Line search collapsed at iter 1. Inspecting element quality on trial step:

[DEBUG] Element inversion detected in element indexes: [59, 60, 74, 78, 79, 81, 82, 83, 85, 86, 88, 89, 94, 96, 98, 100, 102, 104, 106, 108, 110, 112, 114, 116, 117, 118, 119, 120, 121, 122, 123, 124, 125, 126, 127, 128, 129, 130, 131, 132, 133, 134, 135, 136, 137, 138, 139, 140, 141, 271, 272, 273, 278, 279, 280, 281, 283, 285, 287, 289, 291, 293, 480, 482, 483, 485, 487, 489, 491, 492, 494, 671, 672, 673, 675, 676, 677, 678, 679, 681, 682, 684, 685, 687, 689, 691, 692, 693, 694, 695, 696, 697, 806, 807, 808, 809, 810, 811, 812, 813, 859, 860, 861, 862, 863, 864, 865, 866, 867, 868, 869, 870, 871, 872, 873, 874, 875, 880, 881, 882, 884, 885, 886, 887, 888, 889, 890, 891, 892, 893, 895, 896, 897, 898, 899, 900, 901, 902, 903, 905, 907, 909, 911, 913, 915, 917, 919, 946, 947, 948, 949, 1087, 1088, 1091, 1094, 1289, 1290, 1293, 1296, 1298, 1491, 1492, 1495, 1498, 1500, 1684, 1685, 1686, 1691, 1692, 1694, 1695, 1696, 1697, 1698, 1699, 1700, 1701, 1702, 1704, 1705, 1706, 1707, 1708, 1709, 1710, 1754, 1899, 1904, 2101, 2106, 2303, 2308, 2498, 2499, 2500, 2501, 2502, 2503, 2504, 2505, 2506, 2507, 2508, 2509, 2510, 2513, 2514, 2515, 2516, 2517, 2518, 2707, 2711, 2909, 2913, 3111, 3115, 3306, 3307, 3308, 3309, 3310, 3311, 3312, 3313, 3314, 3315, 3316, 3317, 3318, 3321, 3322, 3323, 3324, 3325, 3326, 3515, 3717, 3919, 4115, 4116, 4117, 4118, 4119, 4120, 4121, 4122, 4123, 4124, 4125, 4126, 4129, 4130, 4131, 4132, 4133, 4134, 4323, 4525, 4727, 4923, 4924, 4925, 4926, 4927, 4928, 4929, 4930, 4931, 4932, 4933, 4934, 4937, 4938, 4939, 4940, 4941, 5131, 5333, 5535]
  Element ID: 60 (index 59, pid 1)
    detF: [1.0151341963841283, 2.738933673234234, -0.19635666685509023, -1.9201561437052106]
    Nodes connectivity: [60, 61, 205, 204]
      Node 60: initial=[-12.5, 0.0], current=[-12.497413224626232, 0.7929615789127433], u=[0.002586775373768071, 0.7929615789127433]
      Node 61: initial=[-12.0, 0.0], current=[-11.997529883409818, 0.7572424680275831], u=[0.002470116590181179, 0.7572424680275831]
      Node 205: initial=[-12.0, 0.03], current=[-11.134110792917042, 0.8289064311641886], u=[0.8658892070829579, 0.7989064311641886]
      Node 204: initial=[-12.5, 0.03], current=[-11.642201230165787, 0.7756198275200671], u=[0.8577987698342135, 0.7456198275200671]
  Element ID: 61 (index 60, pid 1)
    detF: [2.282715610245475, 6.973022235144869, 3.780699384765229, -0.9096072401341644]
    Nodes connectivity: [61, 62, 206, 205]
      Node 61: initial=[-12.0, 0.0], current=[-11.997529883409818, 0.7572424680275831], u=[0.002470116590181179, 0.7572424680275831]
      Node 62: initial=[-11.5, 0.0], current=[-10.379751159900227, 0.8613867976818429], u=[1.1202488400997723, 0.8613867976818429]
      Node 206: initial=[-11.5, 0.03], current=[-10.62958390523791, 0.9367094036205135], u=[0.8704160947620897, 0.9067094036205134]
      Node 205: initial=[-12.0, 0.03], current=[-11.134110792917042, 0.8289064311641886], u=[0.8658892070829579, 0.7989064311641886]
  Element ID: 75 (index 74, pid 1)
    detF: [44.998969460896404, -1509.9767569879614, -1623.126267103394, -68.15054065453202]
    Nodes connectivity: [76, 77, 280, 279]
      Node 76: initial=[8.25, 0.0], current=[10.113710089657392, 4.138417116296177], u=[1.8637100896573928, 4.138417116296177]
      Node 77: initial=[8.5, 0.0], current=[4.990505519852199, 6.156450075930724], u=[-3.509494480147801, 6.156450075930724]
      Node 280: initial=[8.5, 0.03], current=[9.063782565538283, 7.535061045278409], u=[0.5637825655382824, 7.505061045278409]
      Node 279: initial=[8.25, 0.03], current=[9.295987994238647, 3.5008037464521733], u=[1.0459879942386467, 3.4708037464521735]
  Element ID: 79 (index 78, pid 1)
    detF: [61.128733412545444, -1215.5231393463982, -1617.0919439945192, -340.4400712355782]
    Nodes connectivity: [80, 81, 284, 283]
      Node 80: initial=[10.0, 0.0], current=[10.588348313776892, 0.5672317830493244], u=[0.5883483137768926, 0.5672317830493244]
      Node 81: initial=[10.5, 0.0], current=[35.492337779009546, 14.783736272786001], u=[24.99233777900955, 14.783736272786001]
      Node 284: initial=[10.5, 0.03], current=[10.409752097984848, -0.45976834999411464], u=[-0.09024790201515265, -0.48976834999411467]
      Node 283: initial=[10.0, 0.03], current=[10.340352323894077, 0.832465027028713], u=[0.3403523238940774, 0.8024650270287129]
  Element ID: 80 (index 79, pid 1)
    detF: [2443.387854998169, -962.4321858543511, -227.81300810901763, 3178.007032743507]
    Nodes connectivity: [81, 82, 285, 284]
      Node 81: initial=[10.5, 0.0], current=[35.492337779009546, 14.783736272786001], u=[24.99233777900955, 14.783736272786001]
      Node 82: initial=[11.0, 0.0], current=[4.455331210795035, -2.032553324356056], u=[-6.544668789204965, -2.032553324356056]
      Node 285: initial=[11.0, 0.03], current=[11.079392880275327, 2.7540297778865135], u=[0.0793928802753268, 2.7240297778865137]
      Node 284: initial=[10.5, 0.03], current=[10.409752097984848, -0.45976834999411464], u=[-0.09024790201515265, -0.48976834999411467]

  *** ERROR: Line search failed to resolve residual explosion at iteration 1.
     1    20     8       0      50     0.1825     0.0000     0.0001   *** CUTBACK: line search collapsed (residual explosion) (Retrying step with smaller dt & target angle) ***
  *** STEP 20 FAILED (conv=-50, cutback 1/20). Cutting back dt to 0.00004s ***

----------------------------------------------------------------------------------------------------
Step 20 | Attempting time increment: dt = 0.00004s (t: 0.1825s -> 0.1825s)
----------------------------------------------------------------------------------------------------

  Nonlinear Iteration Summary (Newton-Raphson)
  ==========================================================================================================================
  Time increment dt: 3.906e-05
  Convergence Tol  : 1.0e-02 (Disp Ratio)     Max Iterations: 50
  --------------------------------------------------------------------------------------------------------------------------
  Iter   Max Res.Force  (Node/DOF)    Max Disp.Corr  (Node/DOF)    Max Disp.Incr  Disp.Ratio  Energy.Err  LS.alpha  TieNodes
  --------------------------------------------------------------------------------------------------------------------------
  [DIAGNOSTIC] Line search collapsed at iter 1. Inspecting element quality on trial step:

[DEBUG] Element inversion detected in element indexes: [58, 59, 60, 61, 62, 71, 73, 74, 75, 77, 79, 81, 83, 86, 87, 89, 91, 93, 95, 97, 99, 101, 103, 105, 107, 109, 111, 113, 115, 117, 119, 121, 263, 264, 265, 266, 267, 268, 269, 270, 271, 272, 273, 275, 276, 277, 279, 280, 281, 282, 283, 284, 285, 286, 287, 288, 289, 290, 291, 292, 293, 294, 295, 296, 297, 298, 299, 300, 301, 302, 303, 304, 305, 306, 307, 308, 465, 467, 468, 469, 470, 471, 472, 473, 474, 475, 476, 477, 478, 479, 480, 481, 482, 483, 484, 485, 486, 488, 489, 490, 491, 492, 493, 494, 495, 496, 497, 498, 499, 500, 501, 502, 503, 504, 505, 506, 507, 508, 509, 670, 671, 672, 673, 674, 675, 676, 678, 680, 681, 682, 683, 684, 685, 686, 687, 688, 690, 691, 692, 693, 694, 695, 696, 697, 698, 699, 700, 701, 702, 805, 806, 807, 808, 809, 810, 811, 845, 846, 847, 848, 849, 850, 851, 852, 853, 854, 855, 856, 857, 858, 878, 879, 880, 882, 883, 885, 886, 887, 888, 889, 890, 892, 893, 894, 896, 897, 898, 900, 902, 904, 906, 908, 910, 912, 914, 916, 918, 920, 922, 923, 924, 925, 926, 927, 928, 929, 930, 931, 932, 933, 934, 935, 936, 937, 938, 939, 940, 941, 942, 943, 944, 945, 946, 947, 948, 949, 1090, 1092, 1292, 1294, 1494, 1496, 1668, 1669, 1670, 1671, 1672, 1673, 1674, 1675, 1676, 1677, 1678, 1679, 1680, 1681, 1682, 1683, 1684, 1692, 1693, 1696, 1697, 1698, 1701, 1702, 1703, 1705, 1706, 1707, 1708, 1709, 1710, 1711, 1712, 1713, 1714, 1715, 1716, 1717, 1718, 1719, 1720, 1721, 1722, 1723, 1724, 1725, 1726, 1727, 1728, 1729, 1730, 1731, 1732, 1733, 1734, 1735, 1736, 1737, 1738, 1739, 1740, 1741, 1742, 1743, 1744, 1745, 1746, 1747, 1748, 1749, 1750, 1751, 1752, 1753, 1754, 1755, 1756, 1903, 2105, 2307, 2432, 2433, 2434, 2435, 2436, 2476, 2477, 2478, 2479, 2480, 2481, 2482, 2483, 2484, 2485, 2486, 2487, 2488, 2489, 2490, 2491, 2492, 2500, 2504, 2505, 2506, 2510, 2511, 2514, 2515, 2516, 2517, 2518, 2519, 2554, 2555, 2556, 2557, 2558, 2559, 2560, 2561, 2562, 2563, 2705, 2907, 3109, 3285, 3286, 3287, 3288, 3289, 3290, 3291, 3292, 3293, 3294, 3295, 3296, 3297, 3298, 3299, 3300, 3308, 3312, 3313, 3314, 3318, 3319, 3322, 3323, 3324, 3325, 3326, 3917, 4094, 4095, 4096, 4097, 4098, 4099, 4100, 4101, 4102, 4103, 4104, 4105, 4106, 4107, 4108, 4116, 4120, 4121, 4122, 4123, 4124, 4127, 4128, 4129, 4130, 4131, 4132, 4133, 4905, 4906, 4907, 4908, 4909, 4910, 4911, 4912, 4913, 4914, 4915, 4916, 4917, 4923, 4924, 4925, 4928, 4929, 4930, 4931, 4932, 4933, 4936, 4937, 4938, 4939, 4940]
  Element ID: 59 (index 58, pid 1)
    detF: [0.47003064625184043, 0.07726519853492819, -0.5937789406007576, -0.2010134928838485]
    Nodes connectivity: [59, 60, 204, 203]
      Node 59: initial=[-13.0, 0.0], current=[-12.997299910428634, 0.8282008123093113], u=[0.0027000895713669175, 0.8282008123093113]
      Node 60: initial=[-12.5, 0.0], current=[-12.497416275497196, 0.7925022361110813], u=[0.0025837245028045926, 0.7925022361110813]
      Node 204: initial=[-12.5, 0.03], current=[-13.349010858334845, 0.8586927369140517], u=[-0.8490108583348445, 0.8286927369140517]
      Node 203: initial=[-13.0, 0.03], current=[-13.839543395220204, 0.914136958073768], u=[-0.8395433952202047, 0.884136958073768]
  Element ID: 60 (index 59, pid 1)
    detF: [-1.1721295027889673, -2.536694720004532, -4.863885849295123, -3.4993206320795487]
    Nodes connectivity: [60, 61, 205, 204]
      Node 60: initial=[-12.5, 0.0], current=[-12.497416275497196, 0.7925022361110813], u=[0.0025837245028045926, 0.7925022361110813]
      Node 61: initial=[-12.0, 0.0], current=[-11.99753257732364, 0.7568040924535335], u=[0.002467422676360532, 0.7568040924535335]
      Node 205: initial=[-12.0, 0.03], current=[-12.861392010219506, 0.7529490765783305], u=[-0.8613920102195061, 0.7229490765783305]
      Node 204: initial=[-12.5, 0.03], current=[-13.349010858334845, 0.8586927369140517], u=[-0.8490108583348445, 0.8286927369140517]
  Element ID: 61 (index 60, pid 1)
    detF: [-4.3170292958243675, 0.36019441319557166, -0.42506290407997543, -5.102286613099913]
    Nodes connectivity: [61, 62, 206, 205]
      Node 61: initial=[-12.0, 0.0], current=[-11.99753257732364, 0.7568040924535335], u=[0.002467422676360532, 0.7568040924535335]
      Node 62: initial=[-11.5, 0.0], current=[-12.584489853203305, 0.6544882014196651], u=[-1.0844898532033058, 0.6544882014196651]
      Node 206: initial=[-11.5, 0.03], current=[-12.368514768538882, 0.6318352147961153], u=[-0.8685147685388823, 0.6018352147961152]
      Node 205: initial=[-12.0, 0.03], current=[-12.861392010219506, 0.7529490765783305], u=[-0.8613920102195061, 0.7229490765783305]
  Element ID: 62 (index 61, pid 1)
    detF: [0.19558110338250978, -0.5548407528230097, -0.46104509618450884, 0.28937676002100776]
    Nodes connectivity: [62, 63, 207, 206]
      Node 62: initial=[-11.5, 0.0], current=[-12.584489853203305, 0.6544882014196651], u=[-1.0844898532033058, 0.6544882014196651]
      Node 63: initial=[-11.0, 0.0], current=[-11.754090595543367, 0.5371141630504646], u=[-0.7540905955433678, 0.5371141630504646]
      Node 207: initial=[-11.0, 0.03], current=[-11.87260572870343, 0.538261698582819], u=[-0.8726057287034301, 0.508261698582819]
      Node 206: initial=[-11.5, 0.03], current=[-12.368514768538882, 0.6318352147961153], u=[-0.8685147685388823, 0.6018352147961152]
  Element ID: 63 (index 62, pid 1)
    detF: [-0.3097162740484272, 0.9636542096212992, 1.2267657396705773, -0.04660474399914871]
    Nodes connectivity: [63, 64, 208, 207]
      Node 63: initial=[-11.0, 0.0], current=[-11.754090595543367, 0.5371141630504646], u=[-0.7540905955433678, 0.5371141630504646]
      Node 64: initial=[-10.5, 0.0], current=[-11.3383717343183, 0.4227096338050243], u=[-0.8383717343183005, 0.4227096338050243]
      Node 208: initial=[-10.5, 0.03], current=[-11.374399702535818, 0.4807375097551624], u=[-0.874399702535818, 0.45073750975516236]
      Node 207: initial=[-11.0, 0.03], current=[-11.87260572870343, 0.538261698582819], u=[-0.8726057287034301, 0.508261698582819]

  *** ERROR: Line search failed to resolve residual explosion at iteration 1.
     1    20     9       0      50     0.1825     0.0000     0.0000   *** CUTBACK: line search collapsed (residual explosion) (Retrying step with smaller dt & target angle) ***
  *** STEP 20 FAILED (conv=-50, cutback 1/20). Cutting back dt to 0.00002s ***

----------------------------------------------------------------------------------------------------
Step 20 | Attempting time increment: dt = 0.00002s (t: 0.1825s -> 0.1825s)
----------------------------------------------------------------------------------------------------

  Nonlinear Iteration Summary (Newton-Raphson)
  ==========================================================================================================================
  Time increment dt: 1.953e-05
  Convergence Tol  : 1.0e-02 (Disp Ratio)     Max Iterations: 50
  --------------------------------------------------------------------------------------------------------------------------
  Iter   Max Res.Force  (Node/DOF)    Max Disp.Corr  (Node/DOF)    Max Disp.Incr  Disp.Ratio  Energy.Err  LS.alpha  TieNodes
  --------------------------------------------------------------------------------------------------------------------------
  [DIAGNOSTIC] Line search collapsed at iter 1. Inspecting element quality on trial step:

[DEBUG] Element inversion detected in element indexes: [74, 78, 79, 80, 82, 83, 86, 122, 123, 124, 125, 126, 127, 128, 129, 130, 131, 132, 133, 134, 135, 136, 137, 138, 139, 140, 141, 277, 279, 280, 281, 287, 477, 478, 483, 485, 486, 681, 683, 684, 685, 687, 688, 691, 880, 881, 883, 884, 885, 886, 887, 888, 889, 890, 892, 893, 946, 947, 948, 1493, 1692, 1693, 1694, 1696, 1697, 1698, 1700, 1701, 2500, 2501, 2502, 2505, 2506, 2509, 3307, 3308, 3309, 3310, 3313, 3314, 3315, 4115, 4116, 4117, 4118, 4121, 4122, 4123, 4124, 4923, 4924, 4925, 4926, 4929, 4930, 4931, 4932]
  Element ID: 75 (index 74, pid 1)
    detF: [7.079348730086252, -17.85391006902724, -20.002759461581334, 4.930499337532247]
    Nodes connectivity: [76, 77, 280, 279]
      Node 76: initial=[8.25, 0.0], current=[8.014649928808693, 0.43136760798567564], u=[-0.2353500711913066, 0.43136760798567564]
      Node 77: initial=[8.5, 0.0], current=[8.753875491971751, 0.18962400831198895], u=[0.2538754919717509, 0.18962400831198895]
      Node 280: initial=[8.5, 0.03], current=[8.331293320805415, 0.06206438389065802], u=[-0.16870667919458515, 0.03206438389065802]
      Node 279: initial=[8.25, 0.03], current=[8.183745463711928, 0.5484670474387924], u=[-0.06625453628807298, 0.5184670474387924]
  Element ID: 79 (index 78, pid 1)
    detF: [-97.53642574838068, -919.3081620659116, -1167.446399056326, -345.6746627387965]
    Nodes connectivity: [80, 81, 284, 283]
      Node 80: initial=[10.0, 0.0], current=[9.922225605382145, 0.4136391830592322], u=[-0.07777439461785393, 0.4136391830592322]
      Node 81: initial=[10.5, 0.0], current=[14.866806951208162, -4.532899121672286], u=[4.3668069512081615, -4.532899121672286]
      Node 284: initial=[10.5, 0.03], current=[8.78392829069087, -1.8734012899372592], u=[-1.7160717093091293, -1.9034012899372592]
      Node 283: initial=[10.0, 0.03], current=[9.624438963023287, 1.603665129685129], u=[-0.37556103697671217, 1.573665129685129]
  Element ID: 80 (index 79, pid 1)
    detF: [616.670150631858, 2376.671516429969, 998.546458665229, -761.4549071328844]
    Nodes connectivity: [81, 82, 285, 284]
      Node 81: initial=[10.5, 0.0], current=[14.866806951208162, -4.532899121672286], u=[4.3668069512081615, -4.532899121672286]
      Node 82: initial=[11.0, 0.0], current=[4.416979430874484, 1.2118644013903648], u=[-6.583020569125516, 1.2118644013903648]
      Node 285: initial=[11.0, 0.03], current=[11.755199389789036, -7.8826322087571015], u=[0.7551993897890359, -7.912632208757102]
      Node 284: initial=[10.5, 0.03], current=[8.78392829069087, -1.8734012899372592], u=[-1.7160717093091293, -1.9034012899372592]
  Element ID: 81 (index 80, pid 1)
    detF: [-2987.9580869478164, -505.1300843857251, -703.90801670914, -3186.736019271226]
    Nodes connectivity: [82, 83, 286, 285]
      Node 82: initial=[11.0, 0.0], current=[4.416979430874484, 1.2118644013903648], u=[-6.583020569125516, 1.2118644013903648]
      Node 83: initial=[11.5, 0.0], current=[11.278487670099056, 0.5247376993024326], u=[-0.2215123299009441, 0.5247376993024326]
      Node 286: initial=[11.5, 0.03], current=[10.982042982905316, 1.5958990190643794], u=[-0.5179570170946844, 1.5658990190643793]
      Node 285: initial=[11.0, 0.03], current=[11.755199389789036, -7.8826322087571015], u=[0.7551993897890359, -7.912632208757102]
  Element ID: 83 (index 82, pid 1)
    detF: [-17.16610595014044, -48.501970316704075, -50.93581826306934, -19.599953896505653]
    Nodes connectivity: [84, 85, 288, 287]
      Node 84: initial=[12.0, 0.0], current=[12.015726212790028, 0.8908943587215237], u=[0.01572621279002841, 0.8908943587215237]
      Node 85: initial=[12.5, 0.0], current=[12.491110863022282, 0.8806063628412766], u=[-0.00888913697771887, 0.8806063628412766]
      Node 288: initial=[12.5, 0.03], current=[13.113195490340019, -0.9970576337839658], u=[0.6131954903400179, -1.0270576337839659]
      Node 287: initial=[12.0, 0.03], current=[12.032405756198823, 0.7389024937857949], u=[0.032405756198823986, 0.7089024937857948]

  *** ERROR: Line search failed to resolve residual explosion at iteration 1.
     1    20    10       0      50     0.1825     0.0000     0.0000   *** CUTBACK: line search collapsed (residual explosion) (Retrying step with smaller dt & target angle) ***
FATAL: Exceeded maximum cutbacks (20) or dt below minimum tolerance. Simulation aborted.
====================================================================================================
 FAILED: Simulation did not reach target time.
====================================================================================================
Saved result (19 steps) for re-analysis: D:\PythonCodeStudy\WHT_DispFoldSolver\examples\ex12_after_f6_result.pkl
  reload with: from dispsolver.postprocess import load_result; r = load_result(r'D:\PythonCodeStudy\WHT_DispFoldSolver\examples\ex12_after_f6_result.pkl')

=======================================================================================================================================================================================================================================================================
 Interlayer slip at x = -40.00 mm   [um, cumulative from bottom surface]
=======================================================================================================================================================================================================================================================================
 theta[deg]       L1       L2       L3       L4       L5       L6       L7       L8       L9      L10      L11      L12      L13      L14      L15      L16      L17      L18      L19      L20      L21      L22      L23      L24      L25      L26      L27      L28
-----------------------------------------------------------------------------------------------------------------------------------------------------------------------------------------------------------------------------------------------------------------------
       0.00     0.00     0.00     0.00     0.00     0.00     0.00     0.00     0.00     0.00     0.00     0.00     0.00     0.00     0.00     0.00     0.00     0.00     0.00     0.00     0.00     0.00     0.00     0.00     0.00     0.00     0.00     0.00     0.00
       0.00     0.00     0.00     0.00     0.00     0.00     0.00     0.00     0.00     0.01     0.01     0.01     0.01     0.01     0.01     0.01     0.01     0.01     0.01     0.01     0.01     0.02     0.02     0.02     0.02     0.02     0.02     0.02     0.02
       0.01     0.01     0.01     0.01     0.01     0.03     0.03     0.03     0.03     0.04     0.04     0.04     0.04     0.06     0.06     0.06     0.06     0.07     0.07     0.07     0.07     0.09     0.09     0.09     0.09     0.10     0.10     0.10     0.10
       0.03     0.04     0.04     0.04     0.04     0.08     0.08     0.08     0.08     0.13     0.13     0.13     0.13     0.17     0.17     0.17     0.17     0.22     0.22     0.22     0.22     0.26     0.26     0.26     0.26     0.30     0.30     0.30     0.30
       0.06     0.10     0.10     0.10     0.10     0.18     0.18     0.18     0.19     0.28     0.28     0.28     0.28     0.38     0.38     0.38     0.38     0.48     0.48     0.48     0.48     0.58     0.58     0.58     0.58     0.67     0.67     0.67     0.67
       0.12     0.19     0.19     0.19     0.19     0.35     0.35     0.35     0.35     0.53     0.53     0.53     0.53     0.71     0.71     0.71     0.71     0.90     0.90     0.90     0.90     1.08     1.08     1.08     1.08     1.26     1.26     1.26     1.26
       0.20     0.36     0.36     0.36     0.36     0.62     0.62     0.62     0.62     0.90     0.90     0.90     0.90     1.20     1.20     1.21     1.21     1.51     1.51     1.51     1.51     1.81     1.81     1.81     1.82     2.11     2.11     2.11     2.11
       0.31     0.63     0.63     0.63     0.63     1.00     1.00     1.00     1.00     1.43     1.44     1.44     1.44     1.89     1.89     1.89     1.90     2.36     2.36     2.36     2.36     2.83     2.83     2.83     2.83     3.28     3.28     3.28     3.28
       0.44     1.07     1.07     1.06     1.06     1.56     1.56     1.56     1.56     2.17     2.17     2.17     2.17     2.83     2.83     2.83     2.83     3.50     3.50     3.50     3.50     4.18     4.18     4.18     4.18     4.83     4.84     4.84     4.84
       0.62     1.74     1.74     1.74     1.74     2.35     2.35     2.35     2.35     3.16     3.16     3.16     3.16     4.06     4.06     4.06     4.06     4.99     4.99     4.99     4.99     5.92     5.92     5.93     5.93     6.84     6.84     6.84     6.84
       0.83     2.77     2.76     2.76     2.75     3.45     3.44     3.44     3.44     4.48     4.48     4.48     4.48     5.66     5.67     5.67     5.67     6.90     6.90     6.90     6.90     8.15     8.15     8.15     8.15     9.37     9.37     9.37     9.37
       1.07     4.28     4.27     4.26     4.26     4.96     4.96     4.96     4.95     6.23     6.23     6.23     6.23     7.74     7.74     7.74     7.74     9.33     9.33     9.33     9.33    10.94    10.94    10.95    10.95    12.53    12.53    12.53    12.53
       1.37     6.45     6.44     6.44     6.43     7.04     7.03     7.03     7.03     8.54     8.54     8.54     8.54    10.40    10.40    10.40    10.40    12.40    12.40    12.41    12.41    14.44    14.45    14.45    14.45    16.45    16.45    16.45    16.45
       1.70     9.52     9.52     9.51     9.51     9.85     9.85     9.85     9.85    11.57    11.57    11.57    11.57    13.82    13.82    13.82    13.83    16.28    16.29    16.29    16.29    18.81    18.81    18.82    18.82    21.30    21.30    21.30    21.31
       2.08    13.76    13.76    13.77    13.78    13.63    13.64    13.64    13.65    15.52    15.53    15.54    15.54    18.19    18.20    18.20    18.21    21.17    21.18    21.18    21.19    24.25    24.25    24.26    24.26    27.28    27.29    27.29    27.29
       2.51    19.51    19.53    19.55    19.57    18.65    18.66    18.68    18.69    20.66    20.67    20.68    20.69    23.76    23.77    23.78    23.79    27.30    27.31    27.32    27.33    30.98    30.99    31.00    31.01    34.63    34.64    34.65    34.65
       2.98    27.16    27.20    27.23    27.27    25.21    25.23    25.25    25.27    27.24    27.26    27.28    27.30    30.78    30.80    30.81    30.83    34.93    34.95    34.96    34.98    39.29    39.30    39.31    39.33    43.61    43.62    43.63    43.64
       3.51    37.18    37.22    37.27    37.32    33.67    33.69    33.72    33.74    35.60    35.62    35.64    35.66    39.57    39.58    39.60    39.62    44.36    44.38    44.40    44.41    49.45    49.46    49.48    49.49    54.52    54.53    54.54    54.55
       4.08    49.92    49.98    50.03    50.08    44.16    44.19    44.22    44.24    45.76    45.79    45.81    45.83    50.12    50.14    50.16    50.18    55.59    55.61    55.62    55.64    61.46    61.47    61.49    61.51    67.33    67.35    67.36    67.37
-----------------------------------------------------------------------------------------------------------------------------------------------------------------------------------------------------------------------------------------------------------------------
 final total staircase : +67.37 um at theta = 4.08 deg
 carried by            : GLASS +0.03 um (0.0%),  PET +0.47 um (0.7%),  PSA +66.86 um (99.2%)
 (equal-thickness rows -> a ~50/50 split means bending tilt, not interlayer shear)

=======================================================================================================================================================================================================================================================================
 Interlayer slip at x = +40.00 mm   [um, cumulative from bottom surface]
=======================================================================================================================================================================================================================================================================
 theta[deg]       L1       L2       L3       L4       L5       L6       L7       L8       L9      L10      L11      L12      L13      L14      L15      L16      L17      L18      L19      L20      L21      L22      L23      L24      L25      L26      L27      L28
-----------------------------------------------------------------------------------------------------------------------------------------------------------------------------------------------------------------------------------------------------------------------
       0.00     0.00     0.00     0.00     0.00     0.00     0.00     0.00     0.00     0.00     0.00     0.00     0.00     0.00     0.00     0.00     0.00     0.00     0.00     0.00     0.00     0.00     0.00     0.00     0.00     0.00     0.00     0.00     0.00
       0.00     0.00     0.00     0.00     0.00     0.00     0.00     0.00     0.00     0.01     0.01     0.01     0.01     0.01     0.01     0.01     0.01     0.01     0.01     0.01     0.01     0.02     0.02     0.02     0.02     0.02     0.02     0.02     0.02
       0.01     0.01     0.01     0.01     0.01     0.03     0.03     0.03     0.03     0.04     0.04     0.04     0.04     0.06     0.06     0.06     0.06     0.07     0.07     0.07     0.07     0.09     0.09     0.09     0.09     0.10     0.10     0.10     0.10
       0.03     0.04     0.04     0.04     0.04     0.08     0.08     0.08     0.08     0.13     0.13     0.13     0.13     0.17     0.17     0.17     0.17     0.22     0.22     0.22     0.22     0.26     0.26     0.26     0.26     0.30     0.30     0.30     0.30
       0.06     0.10     0.10     0.10     0.10     0.18     0.18     0.18     0.19     0.28     0.28     0.28     0.28     0.38     0.38     0.38     0.38     0.48     0.48     0.48     0.48     0.58     0.58     0.58     0.58     0.67     0.67     0.67     0.67
       0.12     0.19     0.19     0.19     0.19     0.35     0.35     0.35     0.35     0.53     0.53     0.53     0.53     0.71     0.71     0.71     0.71     0.90     0.90     0.90     0.90     1.08     1.08     1.08     1.08     1.26     1.26     1.26     1.26
       0.20     0.36     0.36     0.36     0.36     0.62     0.62     0.62     0.62     0.90     0.90     0.90     0.90     1.20     1.20     1.21     1.21     1.51     1.51     1.51     1.51     1.81     1.81     1.81     1.82     2.11     2.11     2.11     2.11
       0.31     0.63     0.63     0.63     0.63     1.00     1.00     1.00     1.00     1.43     1.44     1.44     1.44     1.89     1.89     1.89     1.90     2.36     2.36     2.36     2.36     2.83     2.83     2.83     2.83     3.28     3.28     3.28     3.28
       0.44     1.07     1.07     1.06     1.06     1.56     1.56     1.56     1.56     2.17     2.17     2.17     2.17     2.83     2.83     2.83     2.83     3.50     3.50     3.50     3.50     4.18     4.18     4.18     4.18     4.83     4.84     4.84     4.84
       0.62     1.74     1.74     1.74     1.74     2.35     2.35     2.35     2.35     3.16     3.16     3.16     3.16     4.06     4.06     4.06     4.06     4.99     4.99     4.99     4.99     5.92     5.92     5.93     5.93     6.84     6.84     6.84     6.84
       0.83     2.77     2.76     2.76     2.75     3.45     3.44     3.44     3.44     4.48     4.48     4.48     4.48     5.66     5.67     5.67     5.67     6.90     6.90     6.90     6.90     8.15     8.15     8.15     8.15     9.37     9.37     9.37     9.37
       1.07     4.28     4.27     4.26     4.26     4.96     4.96     4.96     4.95     6.23     6.23     6.23     6.23     7.74     7.74     7.74     7.74     9.33     9.33     9.33     9.33    10.94    10.94    10.95    10.95    12.53    12.53    12.53    12.53
       1.37     6.45     6.44     6.44     6.43     7.04     7.03     7.03     7.03     8.54     8.54     8.54     8.54    10.40    10.40    10.40    10.40    12.40    12.40    12.41    12.41    14.44    14.45    14.45    14.45    16.45    16.45    16.45    16.45
       1.70     9.52     9.52     9.51     9.51     9.85     9.85     9.85     9.85    11.57    11.57    11.57    11.57    13.82    13.82    13.82    13.83    16.28    16.29    16.29    16.29    18.81    18.81    18.82    18.82    21.30    21.30    21.30    21.31
       2.08    13.76    13.76    13.77    13.78    13.63    13.64    13.64    13.65    15.52    15.53    15.54    15.54    18.19    18.20    18.20    18.21    21.17    21.18    21.18    21.19    24.25    24.25    24.26    24.26    27.28    27.29    27.29    27.29
       2.51    19.51    19.53    19.55    19.57    18.65    18.66    18.68    18.69    20.66    20.67    20.68    20.69    23.76    23.77    23.78    23.79    27.30    27.31    27.32    27.33    30.98    30.99    31.00    31.01    34.63    34.64    34.65    34.65
       2.98    27.16    27.20    27.23    27.27    25.21    25.23    25.25    25.27    27.24    27.26    27.28    27.30    30.78    30.80    30.81    30.83    34.93    34.95    34.96    34.98    39.29    39.30    39.31    39.33    43.61    43.62    43.63    43.64
       3.51    37.17    37.22    37.26    37.31    33.66    33.69    33.71    33.74    35.59    35.61    35.63    35.65    39.56    39.58    39.60    39.62    44.35    44.37    44.39    44.41    49.44    49.45    49.47    49.48    54.51    54.52    54.53    54.54
       4.08    50.45    50.51    50.56    50.61    44.81    44.83    44.86    44.89    46.43    46.45    46.47    46.49    50.79    50.81    50.83    50.85    56.26    56.28    56.29    56.31    62.13    62.15    62.16    62.18    68.01    68.02    68.03    68.04
-----------------------------------------------------------------------------------------------------------------------------------------------------------------------------------------------------------------------------------------------------------------------
 final total staircase : +68.04 um at theta = 4.08 deg
 carried by            : GLASS +0.03 um (0.0%),  PET +0.48 um (0.7%),  PSA +67.53 um (99.3%)
 (equal-thickness rows -> a ~50/50 split means bending tilt, not interlayer shear)

Saving final shape visualization to: D:\PythonCodeStudy\WHT_DispFoldSolver\examples\ex12_after_f6_final.png
[PNG] Deformed shape saved: D:\PythonCodeStudy\WHT_DispFoldSolver\examples\ex12_after_f6_final.png
Done.
