====================================================================================================
 EX12: 90-Degree Display Folding Directly from Abaqus .inp File
====================================================================================================
Reading Abaqus input deck: D:\PythonCodeStudy\WHT_DispFoldSolver\examples\ex12_rigid_plate_display_fold.inp
D:\PythonCodeStudy\WHT_DispFoldSolver\dispsolver\io\abaqus_parser.py:131: UserWarning: Unsupported keyword: *SECTION CONTROLS \u2014 skipping
  warnings.warn(f"Unsupported keyword: *{block.keyword} \u2014 skipping")
Parsed result: ModelBuilderResult(mesh=yes, materials=16, constraints=0, penalty_constraints=2, rbe2_elements=0, rbe2_constraints=2, amplitudes=0, dloads=0, contact_pairs=0, surfaces=4, contact_objects=0)
Found translation boundary conditions on 4 DOFs.
Found prescribed rotations on master nodes: {10000: -1.570796, 10306: 1.570796}
====================================================================================================
 MODEL REVIEW
====================================================================================================
Materials (4 distinct):
  - PSA: Arruda-Boyce + Prony viscoelastic: mu=0.016779, lambda_m=3.0, K=0.83333
  - PET: J2 plasticity: E=4000.0, nu=0.3, sigma_y0=80.0, H=400.0
  - GLASS: J2 plasticity: E=70000.0, nu=0.22, sigma_y0=1000000000.0, H=0.0
  - STEEL: NeoHookean: E=20000.0, nu=0.3
Parts / Layers (16 total):
  - pid 1: 142 elements, material=PSA, thickness=0.0300 mm (30.0 um), element=CPE4I
  - pid 2: 606 elements, material=PET, thickness=0.0600 mm (60.0 um), element=Q4_COROTATIONAL_SRI
  - pid 3: 202 elements, material=PSA, thickness=0.0300 mm (30.0 um), element=CPE4I
  - pid 4: 606 elements, material=PET, thickness=0.0600 mm (60.0 um), element=Q4_COROTATIONAL_SRI
  - pid 5: 202 elements, material=PSA, thickness=0.0300 mm (30.0 um), element=CPE4I
  - pid 6: 606 elements, material=PET, thickness=0.0600 mm (60.0 um), element=Q4_COROTATIONAL_SRI
  - pid 7: 202 elements, material=PSA, thickness=0.0300 mm (30.0 um), element=CPE4I
  - pid 8: 606 elements, material=PET, thickness=0.0600 mm (60.0 um), element=Q4_COROTATIONAL_SRI
  - pid 9: 202 elements, material=PSA, thickness=0.0300 mm (30.0 um), element=CPE4I
  - pid 10: 606 elements, material=PET, thickness=0.0600 mm (60.0 um), element=Q4_COROTATIONAL_SRI
  - pid 11: 202 elements, material=PSA, thickness=0.0300 mm (30.0 um), element=CPE4I
  - pid 12: 606 elements, material=PET, thickness=0.0600 mm (60.0 um), element=Q4_COROTATIONAL_SRI
  - pid 13: 202 elements, material=PSA, thickness=0.0300 mm (30.0 um), element=CPE4I
  - pid 14: 606 elements, material=GLASS, thickness=0.0600 mm (60.0 um), element=Q4_COROTATIONAL_SRI
  - Plate Left: 240 elements, material=STEEL, thickness=0.5000 mm (500.0 um), element=Q4_COROTATIONAL
  - Plate Right: 240 elements, material=STEEL, thickness=0.5000 mm (500.0 um), element=Q4_COROTATIONAL
Total elements: 6076, total layers/parts: 16
====================================================================================================
[PNG] Deformed shape saved: D:\PythonCodeStudy\WHT_DispFoldSolver\examples\ex12_before_folding_shape.png
----------------------------------------------------------------------------------------------------
Step 1 | Attempting time increment: dt = 0.00250s (t: 0.0000s -> 0.0025s)
----------------------------------------------------------------------------------------------------

  Nonlinear Iteration Summary (Newton-Raphson)
  ==========================================================================================================================
  Time increment dt: 2.500e-03
  Convergence Tol  : 1.0e-02 (Disp Ratio)     Max Iterations: 50
  --------------------------------------------------------------------------------------------------------------------------
  Iter   Max Res.Force  (Node/DOF)    Max Disp.Corr  (Node/DOF)    Max Disp.Incr  Disp.Ratio  Energy.Err  LS.alpha  TieNodes
  --------------------------------------------------------------------------------------------------------------------------
     1    1.4724e+01  N144(UY)       9.4384e-06  N144(UY)       9.4384e-06     9.38e-01    8.21e-03      1.00       122
     2    1.5031e-06  N1(UY)         4.1046e-11  N449(UY)       9.4384e-06     3.34e-06    8.57e-17      1.00       122
  ---------------------------------------------------------------------------------------------------------------------
  => Increment Converged. (Time: 66.71 s)


  STEP   INC   ATT   SEVERE   EQUIL     TOTAL      STEP      INC OF
                     DISCON   ITERS      TIME       TIME       TIME
     1     1     1       0       1     0.0025     0.0025     0.0025

  [MONITOR] Step   1 | Time 0.0025s / 1.0s (  0.2%)
            Fold Angle: Target +-  0.00deg | Actual [-0.00deg, +0.00deg]
            Plate Tips Y: Left= -0.50mm | Right= -0.50mm | Max Disp=  0.00mm
            Newton Iters:  1 | dt: 0.00250s
            [DIAGNOSTIC] display/plate max|u| ratio=1.0000 (display=0.000mm, plate=0.000mm)
            [DIAGNOSTIC] Real tie gap (not just active-pair count): DISPLAY_BOT_L_PLATE_L_TOP_TIE: max_gap=0.0000mm mean=0.0000mm n=61 | DISPLAY_BOT_R_PLATE_R_TOP_TIE: max_gap=0.0000mm mean=0.0000mm n=61
            [DIAGNOSTIC] Hinge curvature: max_curv_ratio=15.24 kink_detected=True at x=8.50mm

[PNG] Deformed shape saved: D:\PythonCodeStudy\WHT_DispFoldSolver\examples\ex12_final_folding_shape.png
----------------------------------------------------------------------------------------------------
Step 2 | Attempting time increment: dt = 0.00375s (t: 0.0025s -> 0.0063s)
----------------------------------------------------------------------------------------------------

  Nonlinear Iteration Summary (Newton-Raphson)
  ==========================================================================================================================
  Time increment dt: 3.750e-03
  Convergence Tol  : 1.0e-02 (Disp Ratio)     Max Iterations: 50
  --------------------------------------------------------------------------------------------------------------------------
  Iter   Max Res.Force  (Node/DOF)    Max Disp.Corr  (Node/DOF)    Max Disp.Incr  Disp.Ratio  Energy.Err  LS.alpha  TieNodes
  --------------------------------------------------------------------------------------------------------------------------
     1    1.2679e+02  N1(UY)         8.1276e-05  N1(UY)         1.3721e-04     5.21e-01    6.09e-01      1.00       122
     2    8.6279e-06  N144(UY)       1.6754e-10  N246(UY)       1.3721e-04     9.23e-07    2.83e-15      1.00       122
  ---------------------------------------------------------------------------------------------------------------------
  => Increment Converged. (Time: 9.85 s)

     1     2     1       0       1     0.0063     0.0037     0.0037

  [MONITOR] Step   2 | Time 0.0063s / 1.0s (  0.6%)
            Fold Angle: Target +-  0.00deg | Actual [-0.00deg, +0.00deg]
            Plate Tips Y: Left= -0.50mm | Right= -0.50mm | Max Disp=  0.00mm
            Newton Iters:  1 | dt: 0.00375s
            [DIAGNOSTIC] display/plate max|u| ratio=1.0000 (display=0.000mm, plate=0.000mm)
            [DIAGNOSTIC] Real tie gap (not just active-pair count): DISPLAY_BOT_L_PLATE_L_TOP_TIE: max_gap=0.0000mm mean=0.0000mm n=61 | DISPLAY_BOT_R_PLATE_R_TOP_TIE: max_gap=0.0000mm mean=0.0000mm n=61

[PNG] Deformed shape saved: D:\PythonCodeStudy\WHT_DispFoldSolver\examples\ex12_final_folding_shape.png
----------------------------------------------------------------------------------------------------
Step 3 | Attempting time increment: dt = 0.00562s (t: 0.0063s -> 0.0119s)
----------------------------------------------------------------------------------------------------

  Nonlinear Iteration Summary (Newton-Raphson)
  ==========================================================================================================================
  Time increment dt: 5.625e-03
  Convergence Tol  : 1.0e-02 (Disp Ratio)     Max Iterations: 50
  --------------------------------------------------------------------------------------------------------------------------
  Iter   Max Res.Force  (Node/DOF)    Max Disp.Corr  (Node/DOF)    Max Disp.Incr  Disp.Ratio  Energy.Err  LS.alpha  TieNodes
  --------------------------------------------------------------------------------------------------------------------------
     1    2.7792e+02  N144(UY)       1.7815e-04  N144(UY)       8.5069e-04     1.68e-01    2.92e+00      1.00       122
     2    2.4958e-05  N144(UY)       3.1919e-09  N5321(UY)      8.5069e-04     2.49e-06    2.37e-14      1.00       122
  ---------------------------------------------------------------------------------------------------------------------
  => Increment Converged. (Time: 9.85 s)

     1     3     1       0       1     0.0119     0.0056     0.0056

  [MONITOR] Step   3 | Time 0.0119s / 1.0s (  1.2%)
            Fold Angle: Target +-  0.00deg | Actual [-0.00deg, +0.00deg]
            Plate Tips Y: Left= -0.50mm | Right= -0.50mm | Max Disp=  0.00mm
            Newton Iters:  1 | dt: 0.00562s
            [DIAGNOSTIC] display/plate max|u| ratio=1.0000 (display=0.001mm, plate=0.000mm)
            [DIAGNOSTIC] Real tie gap (not just active-pair count): DISPLAY_BOT_L_PLATE_L_TOP_TIE: max_gap=0.0000mm mean=0.0000mm n=61 | DISPLAY_BOT_R_PLATE_R_TOP_TIE: max_gap=0.0000mm mean=0.0000mm n=61

[PNG] Deformed shape saved: D:\PythonCodeStudy\WHT_DispFoldSolver\examples\ex12_final_folding_shape.png
----------------------------------------------------------------------------------------------------
Step 4 | Attempting time increment: dt = 0.00844s (t: 0.0119s -> 0.0203s)
----------------------------------------------------------------------------------------------------

  Nonlinear Iteration Summary (Newton-Raphson)
  ==========================================================================================================================
  Time increment dt: 8.438e-03
  Convergence Tol  : 1.0e-02 (Disp Ratio)     Max Iterations: 50
  --------------------------------------------------------------------------------------------------------------------------
  Iter   Max Res.Force  (Node/DOF)    Max Disp.Corr  (Node/DOF)    Max Disp.Incr  Disp.Ratio  Energy.Err  LS.alpha  TieNodes
  --------------------------------------------------------------------------------------------------------------------------
     1    1.0981e+03  N144(UY)       7.0390e-04  N1(UY)         3.9307e-03     1.34e-01    4.57e+01      1.00       122
     2    4.2376e-05  N144(UY)       9.3820e-08  N5321(UY)      3.9307e-03     1.46e-05    9.13e-14      1.00       122
  ---------------------------------------------------------------------------------------------------------------------
  => Increment Converged. (Time: 12.18 s)

     1     4     1       0       1     0.0203     0.0084     0.0084

  [MONITOR] Step   4 | Time 0.0203s / 1.0s (  2.0%)
            Fold Angle: Target +-  0.01deg | Actual [-0.01deg, +0.01deg]
            Plate Tips Y: Left= -0.50mm | Right= -0.50mm | Max Disp=  0.00mm
            Newton Iters:  1 | dt: 0.00844s
            [DIAGNOSTIC] display/plate max|u| ratio=1.0000 (display=0.005mm, plate=0.000mm)
            [DIAGNOSTIC] Real tie gap (not just active-pair count): DISPLAY_BOT_L_PLATE_L_TOP_TIE: max_gap=0.0000mm mean=0.0000mm n=61 | DISPLAY_BOT_R_PLATE_R_TOP_TIE: max_gap=0.0000mm mean=0.0000mm n=61

[PNG] Deformed shape saved: D:\PythonCodeStudy\WHT_DispFoldSolver\examples\ex12_final_folding_shape.png
----------------------------------------------------------------------------------------------------
Step 5 | Attempting time increment: dt = 0.01000s (t: 0.0203s -> 0.0303s)
----------------------------------------------------------------------------------------------------

  Nonlinear Iteration Summary (Newton-Raphson)
  ==========================================================================================================================
  Time increment dt: 1.000e-02
  Convergence Tol  : 1.0e-02 (Disp Ratio)     Max Iterations: 50
  --------------------------------------------------------------------------------------------------------------------------
  Iter   Max Res.Force  (Node/DOF)    Max Disp.Corr  (Node/DOF)    Max Disp.Incr  Disp.Ratio  Energy.Err  LS.alpha  TieNodes
  --------------------------------------------------------------------------------------------------------------------------
     1    1.9236e+03  N1(UY)         1.2331e-03  N1(UY)         1.1201e-02     7.18e-02    1.40e+02      1.00       122
     2    5.4690e-04  N1(UY)         4.9179e-07  N5321(UY)      1.1201e-02     2.34e-05    1.15e-11      1.00       122
  ---------------------------------------------------------------------------------------------------------------------
  => Increment Converged. (Time: 10.45 s)

     1     5     1       0       1     0.0303     0.0100     0.0100

  [MONITOR] Step   5 | Time 0.0303s / 1.0s (  3.0%)
            Fold Angle: Target +-  0.02deg | Actual [-0.02deg, +0.02deg]
            Plate Tips Y: Left= -0.48mm | Right= -0.48mm | Max Disp=  0.02mm
            Newton Iters:  1 | dt: 0.01000s
            [DIAGNOSTIC] display/plate max|u| ratio=1.0000 (display=0.016mm, plate=0.000mm)
            [DIAGNOSTIC] Real tie gap (not just active-pair count): DISPLAY_BOT_L_PLATE_L_TOP_TIE: max_gap=0.0000mm mean=0.0000mm n=61 | DISPLAY_BOT_R_PLATE_R_TOP_TIE: max_gap=0.0000mm mean=0.0000mm n=61

[PNG] Deformed shape saved: D:\PythonCodeStudy\WHT_DispFoldSolver\examples\ex12_final_folding_shape.png
----------------------------------------------------------------------------------------------------
Step 6 | Attempting time increment: dt = 0.01000s (t: 0.0303s -> 0.0403s)
----------------------------------------------------------------------------------------------------

  Nonlinear Iteration Summary (Newton-Raphson)
  ==========================================================================================================================
  Time increment dt: 1.000e-02
  Convergence Tol  : 1.0e-02 (Disp Ratio)     Max Iterations: 50
  --------------------------------------------------------------------------------------------------------------------------
  Iter   Max Res.Force  (Node/DOF)    Max Disp.Corr  (Node/DOF)    Max Disp.Incr  Disp.Ratio  Energy.Err  LS.alpha  TieNodes
  --------------------------------------------------------------------------------------------------------------------------
     1    1.6983e+03  N144(UY)       1.0889e-03  N145(UY)       2.1229e-02     2.73e-02    1.09e+02      1.00       122
     2    2.0978e-03  N1(UY)         1.1665e-06  N5321(UY)      2.1229e-02     2.38e-05    1.67e-10      1.00       122
  ---------------------------------------------------------------------------------------------------------------------
  => Increment Converged. (Time: 10.72 s)

     1     6     1       0       1     0.0403     0.0100     0.0100

  [MONITOR] Step   6 | Time 0.0403s / 1.0s (  4.0%)
            Fold Angle: Target +-  0.06deg | Actual [-0.06deg, +0.06deg]
            Plate Tips Y: Left= -0.46mm | Right= -0.46mm | Max Disp=  0.04mm
            Newton Iters:  1 | dt: 0.01000s
            [DIAGNOSTIC] display/plate max|u| ratio=1.0000 (display=0.037mm, plate=0.000mm)
            [DIAGNOSTIC] Real tie gap (not just active-pair count): DISPLAY_BOT_L_PLATE_L_TOP_TIE: max_gap=0.0000mm mean=0.0000mm n=61 | DISPLAY_BOT_R_PLATE_R_TOP_TIE: max_gap=0.0000mm mean=0.0000mm n=61

[PNG] Deformed shape saved: D:\PythonCodeStudy\WHT_DispFoldSolver\examples\ex12_final_folding_shape.png
----------------------------------------------------------------------------------------------------
Step 7 | Attempting time increment: dt = 0.01000s (t: 0.0403s -> 0.0503s)
----------------------------------------------------------------------------------------------------

  Nonlinear Iteration Summary (Newton-Raphson)
  ==========================================================================================================================
  Time increment dt: 1.000e-02
  Convergence Tol  : 1.0e-02 (Disp Ratio)     Max Iterations: 50
  --------------------------------------------------------------------------------------------------------------------------
  Iter   Max Res.Force  (Node/DOF)    Max Disp.Corr  (Node/DOF)    Max Disp.Incr  Disp.Ratio  Energy.Err  LS.alpha  TieNodes
  --------------------------------------------------------------------------------------------------------------------------
     1    1.5581e+03  N144(UY)       9.9939e-04  N347(UY)       3.4153e-02     1.31e-02    9.19e+01      1.00       122
     2    4.0640e-03  N144(UY)       2.0307e-06  N5321(UY)      3.4153e-02     2.17e-05    6.26e-10      1.00       122
  ---------------------------------------------------------------------------------------------------------------------
  => Increment Converged. (Time: 10.51 s)

     1     7     1       0       1     0.0503     0.0100     0.0100

  [MONITOR] Step   7 | Time 0.0503s / 1.0s (  5.0%)
            Fold Angle: Target +-  0.11deg | Actual [-0.11deg, +0.11deg]
            Plate Tips Y: Left= -0.43mm | Right= -0.43mm | Max Disp=  0.07mm
            Newton Iters:  1 | dt: 0.01000s
            [DIAGNOSTIC] display/plate max|u| ratio=1.0000 (display=0.072mm, plate=0.000mm)
            [DIAGNOSTIC] Real tie gap (not just active-pair count): DISPLAY_BOT_L_PLATE_L_TOP_TIE: max_gap=0.0000mm mean=0.0000mm n=61 | DISPLAY_BOT_R_PLATE_R_TOP_TIE: max_gap=0.0000mm mean=0.0000mm n=61

[PNG] Deformed shape saved: D:\PythonCodeStudy\WHT_DispFoldSolver\examples\ex12_final_folding_shape.png
----------------------------------------------------------------------------------------------------
Step 8 | Attempting time increment: dt = 0.01000s (t: 0.0503s -> 0.0603s)
----------------------------------------------------------------------------------------------------

  Nonlinear Iteration Summary (Newton-Raphson)
  ==========================================================================================================================
  Time increment dt: 1.000e-02
  Convergence Tol  : 1.0e-02 (Disp Ratio)     Max Iterations: 50
  --------------------------------------------------------------------------------------------------------------------------
  Iter   Max Res.Force  (Node/DOF)    Max Disp.Corr  (Node/DOF)    Max Disp.Incr  Disp.Ratio  Energy.Err  LS.alpha  TieNodes
  --------------------------------------------------------------------------------------------------------------------------
     1    1.5163e+03  N1(UY)         9.7314e-04  N145(UY)       4.9771e-02     7.49e-03    8.71e+01      1.00       122
     2    7.4214e-03  N1(UY)         3.5447e-06  N5321(UY)      4.9771e-02     2.22e-05    2.09e-09      1.00       122
  ---------------------------------------------------------------------------------------------------------------------
  => Increment Converged. (Time: 10.68 s)

     1     8     1       0       1     0.0603     0.0100     0.0100

  [MONITOR] Step   8 | Time 0.0603s / 1.0s (  6.0%)
            Fold Angle: Target +-  0.18deg | Actual [-0.18deg, +0.18deg]
            Plate Tips Y: Left= -0.38mm | Right= -0.38mm | Max Disp=  0.12mm
            Newton Iters:  1 | dt: 0.01000s
            [DIAGNOSTIC] display/plate max|u| ratio=1.0000 (display=0.121mm, plate=0.000mm)
            [DIAGNOSTIC] Real tie gap (not just active-pair count): DISPLAY_BOT_L_PLATE_L_TOP_TIE: max_gap=0.0000mm mean=0.0000mm n=61 | DISPLAY_BOT_R_PLATE_R_TOP_TIE: max_gap=0.0000mm mean=0.0000mm n=61

[PNG] Deformed shape saved: D:\PythonCodeStudy\WHT_DispFoldSolver\examples\ex12_final_folding_shape.png
----------------------------------------------------------------------------------------------------
Step 9 | Attempting time increment: dt = 0.01000s (t: 0.0603s -> 0.0703s)
----------------------------------------------------------------------------------------------------

  Nonlinear Iteration Summary (Newton-Raphson)
  ==========================================================================================================================
  Time increment dt: 1.000e-02
  Convergence Tol  : 1.0e-02 (Disp Ratio)     Max Iterations: 50
  --------------------------------------------------------------------------------------------------------------------------
  Iter   Max Res.Force  (Node/DOF)    Max Disp.Corr  (Node/DOF)    Max Disp.Incr  Disp.Ratio  Energy.Err  LS.alpha  TieNodes
  --------------------------------------------------------------------------------------------------------------------------
     1    1.3206e+03  N144(UY)       8.4841e-04  N347(UY)       6.7892e-02     4.19e-03    6.61e+01      1.00       122
     2    1.0103e-02  N1(UY)         4.4382e-06  N5321(UY)      6.7892e-02     1.78e-05    3.87e-09      1.00       122
  ---------------------------------------------------------------------------------------------------------------------
  => Increment Converged. (Time: 11.19 s)

     1     9     1       0       1     0.0703     0.0100     0.0100

  [MONITOR] Step   9 | Time 0.0703s / 1.0s (  7.0%)
            Fold Angle: Target +-  0.28deg | Actual [-0.28deg, +0.28deg]
            Plate Tips Y: Left= -0.31mm | Right= -0.31mm | Max Disp=  0.19mm
            Newton Iters:  1 | dt: 0.01000s
            [DIAGNOSTIC] display/plate max|u| ratio=1.0000 (display=0.189mm, plate=0.000mm)
            [DIAGNOSTIC] Real tie gap (not just active-pair count): DISPLAY_BOT_L_PLATE_L_TOP_TIE: max_gap=0.0000mm mean=0.0000mm n=61 | DISPLAY_BOT_R_PLATE_R_TOP_TIE: max_gap=0.0000mm mean=0.0000mm n=61

[PNG] Deformed shape saved: D:\PythonCodeStudy\WHT_DispFoldSolver\examples\ex12_final_folding_shape.png
----------------------------------------------------------------------------------------------------
Step 10 | Attempting time increment: dt = 0.01000s (t: 0.0703s -> 0.0803s)
----------------------------------------------------------------------------------------------------

  Nonlinear Iteration Summary (Newton-Raphson)
  ==========================================================================================================================
  Time increment dt: 1.000e-02
  Convergence Tol  : 1.0e-02 (Disp Ratio)     Max Iterations: 50
  --------------------------------------------------------------------------------------------------------------------------
  Iter   Max Res.Force  (Node/DOF)    Max Disp.Corr  (Node/DOF)    Max Disp.Incr  Disp.Ratio  Energy.Err  LS.alpha  TieNodes
  --------------------------------------------------------------------------------------------------------------------------
     1    1.2879e+03  N1(UY)         8.2822e-04  N145(UY)       8.8324e-02     2.80e-03    6.30e+01      1.00       122
     2    1.4566e-02  N1(UY)         4.0409e-06  N5321(UY)      8.8324e-02     1.12e-05    8.04e-09      1.00       122
  ---------------------------------------------------------------------------------------------------------------------
  => Increment Converged. (Time: 10.17 s)

     1    10     1       0       1     0.0803     0.0100     0.0100

  [MONITOR] Step  10 | Time 0.0803s / 1.0s (  8.0%)
            Fold Angle: Target +-  0.41deg | Actual [-0.41deg, +0.41deg]
            Plate Tips Y: Left= -0.22mm | Right= -0.22mm | Max Disp=  0.28mm
            Newton Iters:  1 | dt: 0.01000s
            [DIAGNOSTIC] display/plate max|u| ratio=1.0000 (display=0.277mm, plate=0.000mm)
            [DIAGNOSTIC] Real tie gap (not just active-pair count): DISPLAY_BOT_L_PLATE_L_TOP_TIE: max_gap=0.0000mm mean=0.0000mm n=61 | DISPLAY_BOT_R_PLATE_R_TOP_TIE: max_gap=0.0000mm mean=0.0000mm n=61
            [DIAGNOSTIC] Hinge curvature: max_curv_ratio=11.48 kink_detected=True at x=8.50mm

[PNG] Deformed shape saved: D:\PythonCodeStudy\WHT_DispFoldSolver\examples\ex12_final_folding_shape.png
----------------------------------------------------------------------------------------------------
Step 11 | Attempting time increment: dt = 0.01000s (t: 0.0803s -> 0.0903s)
----------------------------------------------------------------------------------------------------

  Nonlinear Iteration Summary (Newton-Raphson)
  ==========================================================================================================================
  Time increment dt: 1.000e-02
  Convergence Tol  : 1.0e-02 (Disp Ratio)     Max Iterations: 50
  --------------------------------------------------------------------------------------------------------------------------
  Iter   Max Res.Force  (Node/DOF)    Max Disp.Corr  (Node/DOF)    Max Disp.Incr  Disp.Ratio  Energy.Err  LS.alpha  TieNodes
  --------------------------------------------------------------------------------------------------------------------------
     1    1.1158e+03  N144(UY)       7.1822e-04  N347(UY)       1.1088e-01     1.78e-03    4.75e+01      1.00       122
     2    1.6971e-02  N1(UY)         4.4000e-07  N5321(UY)      1.1088e-01     6.68e-07    1.09e-08      1.00       122
  ---------------------------------------------------------------------------------------------------------------------
  => Increment Converged. (Time: 10.49 s)

     1    11     1       0       1     0.0903     0.0100     0.0100

  [MONITOR] Step  11 | Time 0.0903s / 1.0s (  9.0%)
            Fold Angle: Target +-  0.58deg | Actual [-0.58deg, +0.58deg]
            Plate Tips Y: Left= -0.11mm | Right= -0.11mm | Max Disp=  0.39mm
            Newton Iters:  1 | dt: 0.01000s
            [DIAGNOSTIC] display/plate max|u| ratio=1.0000 (display=0.388mm, plate=0.000mm)
            [DIAGNOSTIC] Real tie gap (not just active-pair count): DISPLAY_BOT_L_PLATE_L_TOP_TIE: max_gap=0.0000mm mean=0.0000mm n=61 | DISPLAY_BOT_R_PLATE_R_TOP_TIE: max_gap=0.0000mm mean=0.0000mm n=61

[PNG] Deformed shape saved: D:\PythonCodeStudy\WHT_DispFoldSolver\examples\ex12_final_folding_shape.png
----------------------------------------------------------------------------------------------------
Step 12 | Attempting time increment: dt = 0.01000s (t: 0.0903s -> 0.1003s)
----------------------------------------------------------------------------------------------------

  Nonlinear Iteration Summary (Newton-Raphson)
  ==========================================================================================================================
  Time increment dt: 1.000e-02
  Convergence Tol  : 1.0e-02 (Disp Ratio)     Max Iterations: 50
  --------------------------------------------------------------------------------------------------------------------------
  Iter   Max Res.Force  (Node/DOF)    Max Disp.Corr  (Node/DOF)    Max Disp.Incr  Disp.Ratio  Energy.Err  LS.alpha  TieNodes
  --------------------------------------------------------------------------------------------------------------------------
     1    1.0612e+03  N1(UY)         6.8257e-04  N5017(UY)      1.3537e-01     1.36e-03    4.32e+01      1.00       122
     2    2.1206e-02  N1(UY)         8.3595e-06  N5321(UY)      1.3537e-01     1.15e-05    1.70e-08      1.00       122
  ---------------------------------------------------------------------------------------------------------------------
  => Increment Converged. (Time: 10.80 s)

     1    12     1       0       1     0.1003     0.0100     0.0100

  [MONITOR] Step  12 | Time 0.1003s / 1.0s ( 10.0%)
            Fold Angle: Target +-  0.78deg | Actual [-0.78deg, +0.78deg]
            Plate Tips Y: Left= +0.02mm | Right= +0.02mm | Max Disp=  0.52mm
            Newton Iters:  1 | dt: 0.01000s
            [DIAGNOSTIC] display/plate max|u| ratio=1.0000 (display=0.524mm, plate=0.000mm)
            [DIAGNOSTIC] Real tie gap (not just active-pair count): DISPLAY_BOT_L_PLATE_L_TOP_TIE: max_gap=0.0000mm mean=0.0000mm n=61 | DISPLAY_BOT_R_PLATE_R_TOP_TIE: max_gap=0.0000mm mean=0.0000mm n=61

[PNG] Deformed shape saved: D:\PythonCodeStudy\WHT_DispFoldSolver\examples\ex12_final_folding_shape.png
----------------------------------------------------------------------------------------------------
Step 13 | Attempting time increment: dt = 0.01000s (t: 0.1003s -> 0.1103s)
----------------------------------------------------------------------------------------------------

  Nonlinear Iteration Summary (Newton-Raphson)
  ==========================================================================================================================
  Time increment dt: 1.000e-02
  Convergence Tol  : 1.0e-02 (Disp Ratio)     Max Iterations: 50
  --------------------------------------------------------------------------------------------------------------------------
  Iter   Max Res.Force  (Node/DOF)    Max Disp.Corr  (Node/DOF)    Max Disp.Incr  Disp.Ratio  Energy.Err  LS.alpha  TieNodes
  --------------------------------------------------------------------------------------------------------------------------
     1    9.2421e+02  N143(UY)       6.2069e-04  N246(UY)       1.6162e-01     1.09e-03    3.28e+01      1.00       122
     2    2.2689e-02  N144(UY)       1.0514e-05  N5321(UY)      1.6162e-01     1.11e-05    1.95e-08      1.00       122
  ---------------------------------------------------------------------------------------------------------------------
  => Increment Converged. (Time: 10.16 s)

     1    13     1       0       1     0.1103     0.0100     0.0100

  [MONITOR] Step  13 | Time 0.1103s / 1.0s ( 11.0%)
            Fold Angle: Target +-  1.02deg | Actual [-1.02deg, +1.02deg]
            Plate Tips Y: Left= +0.19mm | Right= +0.19mm | Max Disp=  0.69mm
            Newton Iters:  1 | dt: 0.01000s
            [DIAGNOSTIC] display/plate max|u| ratio=1.0000 (display=0.685mm, plate=0.000mm)
            [DIAGNOSTIC] Real tie gap (not just active-pair count): DISPLAY_BOT_L_PLATE_L_TOP_TIE: max_gap=0.0000mm mean=0.0000mm n=61 | DISPLAY_BOT_R_PLATE_R_TOP_TIE: max_gap=0.0000mm mean=0.0000mm n=61

[PNG] Deformed shape saved: D:\PythonCodeStudy\WHT_DispFoldSolver\examples\ex12_final_folding_shape.png
----------------------------------------------------------------------------------------------------
Step 14 | Attempting time increment: dt = 0.01000s (t: 0.1103s -> 0.1203s)
----------------------------------------------------------------------------------------------------

  Nonlinear Iteration Summary (Newton-Raphson)
  ==========================================================================================================================
  Time increment dt: 1.000e-02
  Convergence Tol  : 1.0e-02 (Disp Ratio)     Max Iterations: 50
  --------------------------------------------------------------------------------------------------------------------------
  Iter   Max Res.Force  (Node/DOF)    Max Disp.Corr  (Node/DOF)    Max Disp.Incr  Disp.Ratio  Energy.Err  LS.alpha  TieNodes
  --------------------------------------------------------------------------------------------------------------------------
     1    8.5870e+02  N2(UY)         8.3720e-04  N246(UY)       1.8942e-01     9.67e-04    2.83e+01      1.00       122
     2    2.5869e-02  N1(UY)         1.0943e-05  N652(UY)       1.8942e-01     9.27e-06    2.54e-08      1.00       122
  ---------------------------------------------------------------------------------------------------------------------
  => Increment Converged. (Time: 9.53 s)

     1    14     1       0       1     0.1203     0.0100     0.0100

  [MONITOR] Step  14 | Time 0.1203s / 1.0s ( 12.0%)
            Fold Angle: Target +-  1.30deg | Actual [-1.30deg, +1.30deg]
            Plate Tips Y: Left= +0.37mm | Right= +0.37mm | Max Disp=  0.87mm
            Newton Iters:  1 | dt: 0.01000s
            [DIAGNOSTIC] display/plate max|u| ratio=1.0000 (display=0.875mm, plate=0.000mm)
            [DIAGNOSTIC] Real tie gap (not just active-pair count): DISPLAY_BOT_L_PLATE_L_TOP_TIE: max_gap=0.0000mm mean=0.0000mm n=61 | DISPLAY_BOT_R_PLATE_R_TOP_TIE: max_gap=0.0000mm mean=0.0000mm n=61

[PNG] Deformed shape saved: D:\PythonCodeStudy\WHT_DispFoldSolver\examples\ex12_final_folding_shape.png
----------------------------------------------------------------------------------------------------
Step 15 | Attempting time increment: dt = 0.01000s (t: 0.1203s -> 0.1303s)
----------------------------------------------------------------------------------------------------

  Nonlinear Iteration Summary (Newton-Raphson)
  ==========================================================================================================================
  Time increment dt: 1.000e-02
  Convergence Tol  : 1.0e-02 (Disp Ratio)     Max Iterations: 50
  --------------------------------------------------------------------------------------------------------------------------
  Iter   Max Res.Force  (Node/DOF)    Max Disp.Corr  (Node/DOF)    Max Disp.Incr  Disp.Ratio  Energy.Err  LS.alpha  TieNodes
  --------------------------------------------------------------------------------------------------------------------------
     1    7.4832e+02  N2(UY)         8.7218e-04  N5321(UY)      2.1860e-01     7.67e-04    2.16e+01      1.00       122
     2    2.6755e-02  N144(UY)       5.8398e-05  N652(UY)       2.1860e-01     3.96e-05    2.73e-08      1.00       122
  ---------------------------------------------------------------------------------------------------------------------
  => Increment Converged. (Time: 9.87 s)

     1    15     1       0       1     0.1303     0.0100     0.0100

  [MONITOR] Step  15 | Time 0.1303s / 1.0s ( 13.0%)
            Fold Angle: Target +-  1.62deg | Actual [-1.62deg, +1.62deg]
            Plate Tips Y: Left= +0.59mm | Right= +0.59mm | Max Disp=  1.09mm
            Newton Iters:  1 | dt: 0.01000s
            [DIAGNOSTIC] display/plate max|u| ratio=1.0000 (display=1.093mm, plate=0.000mm)
            [DIAGNOSTIC] Real tie gap (not just active-pair count): DISPLAY_BOT_L_PLATE_L_TOP_TIE: max_gap=0.0000mm mean=0.0000mm n=61 | DISPLAY_BOT_R_PLATE_R_TOP_TIE: max_gap=0.0000mm mean=0.0000mm n=61

[PNG] Deformed shape saved: D:\PythonCodeStudy\WHT_DispFoldSolver\examples\ex12_final_folding_shape.png
----------------------------------------------------------------------------------------------------
Step 16 | Attempting time increment: dt = 0.01000s (t: 0.1303s -> 0.1403s)
----------------------------------------------------------------------------------------------------

  Nonlinear Iteration Summary (Newton-Raphson)
  ==========================================================================================================================
  Time increment dt: 1.000e-02
  Convergence Tol  : 1.0e-02 (Disp Ratio)     Max Iterations: 50
  --------------------------------------------------------------------------------------------------------------------------
  Iter   Max Res.Force  (Node/DOF)    Max Disp.Corr  (Node/DOF)    Max Disp.Incr  Disp.Ratio  Energy.Err  LS.alpha  TieNodes
  --------------------------------------------------------------------------------------------------------------------------
     1    6.7874e+02  N2(UY)         7.0739e-04  N5321(UY)      2.4904e-01     5.43e-04    1.78e+01      1.00       122
     2    2.9799e-02  N144(UY)       9.7960e-05  N652(UY)       2.4904e-01     5.50e-05    3.40e-08      1.00       122
  ---------------------------------------------------------------------------------------------------------------------
  => Increment Converged. (Time: 10.27 s)

     1    16     1       0       1     0.1403     0.0100     0.0100

  [MONITOR] Step  16 | Time 0.1403s / 1.0s ( 14.0%)
            Fold Angle: Target +-  1.99deg | Actual [-1.99deg, +1.99deg]
            Plate Tips Y: Left= +0.84mm | Right= +0.84mm | Max Disp=  1.34mm
            Newton Iters:  1 | dt: 0.01000s
            [DIAGNOSTIC] display/plate max|u| ratio=1.0000 (display=1.342mm, plate=0.000mm)
            [DIAGNOSTIC] Real tie gap (not just active-pair count): DISPLAY_BOT_L_PLATE_L_TOP_TIE: max_gap=0.0000mm mean=0.0000mm n=61 | DISPLAY_BOT_R_PLATE_R_TOP_TIE: max_gap=0.0000mm mean=0.0000mm n=61

[PNG] Deformed shape saved: D:\PythonCodeStudy\WHT_DispFoldSolver\examples\ex12_final_folding_shape.png
----------------------------------------------------------------------------------------------------
Step 17 | Attempting time increment: dt = 0.01000s (t: 0.1403s -> 0.1503s)
----------------------------------------------------------------------------------------------------

  Nonlinear Iteration Summary (Newton-Raphson)
  ==========================================================================================================================
  Time increment dt: 1.000e-02
  Convergence Tol  : 1.0e-02 (Disp Ratio)     Max Iterations: 50
  --------------------------------------------------------------------------------------------------------------------------
  Iter   Max Res.Force  (Node/DOF)    Max Disp.Corr  (Node/DOF)    Max Disp.Incr  Disp.Ratio  Energy.Err  LS.alpha  TieNodes
  --------------------------------------------------------------------------------------------------------------------------
     1    5.8922e+02  N2(UY)         4.2891e-04  N5541(UY)      2.8057e-01     3.37e-04    1.35e+01      1.00       122
     2    3.2612e-02  N144(UY)       7.9221e-05  N5321(UY)      2.8057e-01     3.95e-05    4.08e-08      1.00       122
  ---------------------------------------------------------------------------------------------------------------------
  => Increment Converged. (Time: 9.64 s)

     1    17     1       0       1     0.1503     0.0100     0.0100

  [MONITOR] Step  17 | Time 0.1503s / 1.0s ( 15.0%)
            Fold Angle: Target +-  2.41deg | Actual [-2.41deg, +2.41deg]
            Plate Tips Y: Left= +1.12mm | Right= +1.12mm | Max Disp=  1.62mm
            Newton Iters:  1 | dt: 0.01000s
            [DIAGNOSTIC] display/plate max|u| ratio=1.0000 (display=1.623mm, plate=0.000mm)
            [DIAGNOSTIC] Real tie gap (not just active-pair count): DISPLAY_BOT_L_PLATE_L_TOP_TIE: max_gap=0.0000mm mean=0.0000mm n=61 | DISPLAY_BOT_R_PLATE_R_TOP_TIE: max_gap=0.0000mm mean=0.0000mm n=61

[PNG] Deformed shape saved: D:\PythonCodeStudy\WHT_DispFoldSolver\examples\ex12_final_folding_shape.png
----------------------------------------------------------------------------------------------------
Step 18 | Attempting time increment: dt = 0.01000s (t: 0.1503s -> 0.1603s)
----------------------------------------------------------------------------------------------------

  Nonlinear Iteration Summary (Newton-Raphson)
  ==========================================================================================================================
  Time increment dt: 1.000e-02
  Convergence Tol  : 1.0e-02 (Disp Ratio)     Max Iterations: 50
  --------------------------------------------------------------------------------------------------------------------------
  Iter   Max Res.Force  (Node/DOF)    Max Disp.Corr  (Node/DOF)    Max Disp.Incr  Disp.Ratio  Energy.Err  LS.alpha  TieNodes
  --------------------------------------------------------------------------------------------------------------------------
     1    5.2396e+02  N2(UY)         3.7354e-04  N347(UY)       3.1311e-01     2.02e-04    1.07e+01      1.00       122
     2    3.9824e-02  N144(UY)       4.8785e-05  N652(UY)       3.1311e-01     1.43e-05    6.11e-08      1.00       122
  ---------------------------------------------------------------------------------------------------------------------
  => Increment Converged. (Time: 10.23 s)

     1    18     1       0       1     0.1603     0.0100     0.0100

  [MONITOR] Step  18 | Time 0.1603s / 1.0s ( 16.0%)
            Fold Angle: Target +-  2.87deg | Actual [-2.87deg, +2.87deg]
            Plate Tips Y: Left= +1.44mm | Right= +1.44mm | Max Disp=  1.94mm
            Newton Iters:  1 | dt: 0.01000s
            [DIAGNOSTIC] display/plate max|u| ratio=1.0000 (display=1.936mm, plate=0.000mm)
            [DIAGNOSTIC] Real tie gap (not just active-pair count): DISPLAY_BOT_L_PLATE_L_TOP_TIE: max_gap=0.0000mm mean=0.0000mm n=61 | DISPLAY_BOT_R_PLATE_R_TOP_TIE: max_gap=0.0000mm mean=0.0000mm n=61

[PNG] Deformed shape saved: D:\PythonCodeStudy\WHT_DispFoldSolver\examples\ex12_final_folding_shape.png
----------------------------------------------------------------------------------------------------
Step 19 | Attempting time increment: dt = 0.01000s (t: 0.1603s -> 0.1703s)
----------------------------------------------------------------------------------------------------

  Nonlinear Iteration Summary (Newton-Raphson)
  ==========================================================================================================================
  Time increment dt: 1.000e-02
  Convergence Tol  : 1.0e-02 (Disp Ratio)     Max Iterations: 50
  --------------------------------------------------------------------------------------------------------------------------
  Iter   Max Res.Force  (Node/DOF)    Max Disp.Corr  (Node/DOF)    Max Disp.Incr  Disp.Ratio  Energy.Err  LS.alpha  TieNodes
  --------------------------------------------------------------------------------------------------------------------------
     1    5.3028e+02  N1(UX)         5.7180e-04  N83(UX)        3.4649e-01     1.52e-04    8.13e+00      1.00       122
     2    5.1376e-02  N1(UY)         1.6977e-04  N652(UY)       3.4649e-01     4.67e-05    1.03e-07      1.00       122
  ---------------------------------------------------------------------------------------------------------------------
  => Increment Converged. (Time: 9.58 s)

     1    19     1       0       1     0.1703     0.0100     0.0100

  [MONITOR] Step  19 | Time 0.1703s / 1.0s ( 17.0%)
            Fold Angle: Target +-  3.39deg | Actual [-3.39deg, +3.39deg]
            Plate Tips Y: Left= +1.78mm | Right= +1.78mm | Max Disp=  2.28mm
            Newton Iters:  1 | dt: 0.01000s
            [DIAGNOSTIC] display/plate max|u| ratio=1.0000 (display=2.282mm, plate=0.000mm)
            [DIAGNOSTIC] Real tie gap (not just active-pair count): DISPLAY_BOT_L_PLATE_L_TOP_TIE: max_gap=0.0000mm mean=0.0000mm n=61 | DISPLAY_BOT_R_PLATE_R_TOP_TIE: max_gap=0.0000mm mean=0.0000mm n=61

[PNG] Deformed shape saved: D:\PythonCodeStudy\WHT_DispFoldSolver\examples\ex12_final_folding_shape.png
----------------------------------------------------------------------------------------------------
Step 20 | Attempting time increment: dt = 0.01000s (t: 0.1703s -> 0.1803s)
----------------------------------------------------------------------------------------------------

  Nonlinear Iteration Summary (Newton-Raphson)
  ==========================================================================================================================
  Time increment dt: 1.000e-02
  Convergence Tol  : 1.0e-02 (Disp Ratio)     Max Iterations: 50
  --------------------------------------------------------------------------------------------------------------------------
  Iter   Max Res.Force  (Node/DOF)    Max Disp.Corr  (Node/DOF)    Max Disp.Incr  Disp.Ratio  Energy.Err  LS.alpha  TieNodes
  --------------------------------------------------------------------------------------------------------------------------
     1    5.8870e+02  N144(UX)       2.2517e-03  N82(UX)        3.8063e-01     2.11e-04    6.42e+00      1.00       122
     2    7.2890e-02  N1(UY)         1.7470e-02  N83(UX)        3.8064e-01     8.24e-04    8.17e-06      1.00       122
  ---------------------------------------------------------------------------------------------------------------------
  => Increment Converged. (Time: 12.22 s)

     1    20     1       0       1     0.1803     0.0100     0.0100

  [MONITOR] Step  20 | Time 0.1803s / 1.0s ( 18.0%)
            Fold Angle: Target +-  3.95deg | Actual [-3.95deg, +3.95deg]
            Plate Tips Y: Left= +2.16mm | Right= +2.16mm | Max Disp=  2.66mm
            Newton Iters:  1 | dt: 0.01000s
            [DIAGNOSTIC] display/plate max|u| ratio=1.0000 (display=2.663mm, plate=0.000mm)
            [DIAGNOSTIC] Real tie gap (not just active-pair count): DISPLAY_BOT_L_PLATE_L_TOP_TIE: max_gap=0.0000mm mean=0.0000mm n=61 | DISPLAY_BOT_R_PLATE_R_TOP_TIE: max_gap=0.0000mm mean=0.0000mm n=61
            [DIAGNOSTIC] Hinge curvature: max_curv_ratio=4.92 kink_detected=True at x=8.50mm

[PNG] Deformed shape saved: D:\PythonCodeStudy\WHT_DispFoldSolver\examples\ex12_final_folding_shape.png
----------------------------------------------------------------------------------------------------
Step 21 | Attempting time increment: dt = 0.01000s (t: 0.1803s -> 0.1903s)
----------------------------------------------------------------------------------------------------

  Nonlinear Iteration Summary (Newton-Raphson)
  ==========================================================================================================================
  Time increment dt: 1.000e-02
  Convergence Tol  : 1.0e-02 (Disp Ratio)     Max Iterations: 50
  --------------------------------------------------------------------------------------------------------------------------
  Iter   Max Res.Force  (Node/DOF)    Max Disp.Corr  (Node/DOF)    Max Disp.Incr  Disp.Ratio  Energy.Err  LS.alpha  TieNodes
  --------------------------------------------------------------------------------------------------------------------------
     1    6.4554e+02  N144(UX)       2.5350e-02  N63(UX)        4.1539e-01     5.52e-04    4.99e+00      1.00       122
     2    1.0726e-01  N144(UY)       1.1215e-02  N64(UX)        4.1541e-01     2.15e-04    2.66e-05      1.00       122
  ---------------------------------------------------------------------------------------------------------------------
  => Increment Converged. (Time: 12.70 s)

     1    21     1       0       1     0.1903     0.0100     0.0100

  [MONITOR] Step  21 | Time 0.1903s / 1.0s ( 19.0%)
            Fold Angle: Target +-  4.57deg | Actual [-4.57deg, +4.57deg]
            Plate Tips Y: Left= +2.58mm | Right= +2.58mm | Max Disp=  3.08mm
            Newton Iters:  1 | dt: 0.01000s
            [DIAGNOSTIC] display/plate max|u| ratio=1.0000 (display=3.078mm, plate=0.000mm)
            [DIAGNOSTIC] Real tie gap (not just active-pair count): DISPLAY_BOT_L_PLATE_L_TOP_TIE: max_gap=0.0000mm mean=0.0000mm n=61 | DISPLAY_BOT_R_PLATE_R_TOP_TIE: max_gap=0.0000mm mean=0.0000mm n=61

[PNG] Deformed shape saved: D:\PythonCodeStudy\WHT_DispFoldSolver\examples\ex12_final_folding_shape.png
----------------------------------------------------------------------------------------------------
Step 22 | Attempting time increment: dt = 0.01000s (t: 0.1903s -> 0.2003s)
----------------------------------------------------------------------------------------------------

  Nonlinear Iteration Summary (Newton-Raphson)
  ==========================================================================================================================
  Time increment dt: 1.000e-02
  Convergence Tol  : 1.0e-02 (Disp Ratio)     Max Iterations: 50
  --------------------------------------------------------------------------------------------------------------------------
  Iter   Max Res.Force  (Node/DOF)    Max Disp.Corr  (Node/DOF)    Max Disp.Incr  Disp.Ratio  Energy.Err  LS.alpha  TieNodes
  --------------------------------------------------------------------------------------------------------------------------
     1    6.9983e+02  N1(UX)         3.0000e-02  N5321(UY)      4.5053e-01     7.13e-03    1.20e+00      1.00       122
     2    4.9437e+02  N1(UX)         2.0000e-02  N5320(UY)      4.5054e-01     4.76e-03    4.37e-02      1.00       122
  ---------------------------------------------------------------------------------------------------------------------
  => Increment Converged. (Time: 13.06 s)
  Mesh quality NOTICE: min det(J)=1.389e-01 ? approaching inversion threshold (2 elements warped)

     1    22     1       0       1     0.2003     0.0100     0.0100

  [MONITOR] Step  22 | Time 0.2003s / 1.0s ( 20.0%)
            Fold Angle: Target +-  5.23deg | Actual [-5.23deg, +5.23deg]
            Plate Tips Y: Left= +3.02mm | Right= +3.02mm | Max Disp=  3.53mm
            Newton Iters:  1 | dt: 0.01000s
            [DIAGNOSTIC] display/plate max|u| ratio=1.0000 (display=3.529mm, plate=0.000mm)
            [DIAGNOSTIC] Real tie gap (not just active-pair count): DISPLAY_BOT_L_PLATE_L_TOP_TIE: max_gap=0.0003mm mean=0.0001mm n=61 | DISPLAY_BOT_R_PLATE_R_TOP_TIE: max_gap=0.0003mm mean=0.0001mm n=61

[PNG] Deformed shape saved: D:\PythonCodeStudy\WHT_DispFoldSolver\examples\ex12_final_folding_shape.png
----------------------------------------------------------------------------------------------------
Step 23 | Attempting time increment: dt = 0.01000s (t: 0.2003s -> 0.2103s)
----------------------------------------------------------------------------------------------------

  Nonlinear Iteration Summary (Newton-Raphson)
  ==========================================================================================================================
  Time increment dt: 1.000e-02
  Convergence Tol  : 1.0e-02 (Disp Ratio)     Max Iterations: 50
  --------------------------------------------------------------------------------------------------------------------------
  Iter   Max Res.Force  (Node/DOF)    Max Disp.Corr  (Node/DOF)    Max Disp.Incr  Disp.Ratio  Energy.Err  LS.alpha  TieNodes
  --------------------------------------------------------------------------------------------------------------------------
     1    2.5526e+04  N2(UX)         3.0000e-02  N249(UY)       4.8254e-01     6.44e-03    1.26e+03      1.00       122
     2    5.6365e+05  N1(UY)         2.0000e-02  N5219(UY)      4.8254e-01     4.94e-03    6.76e+05      1.00       122
  ---------------------------------------------------------------------------------------------------------------------
  => Increment Converged. (Time: 13.27 s)
  Mesh quality WARNING: min det(J)=-8.498e-02  inverted=2  warped=2

     1    23     1       2       1     0.2103     0.0100     0.0100

  Nonlinear Iteration Summary (Newton-Raphson)
  ==========================================================================================================================
  Time increment dt: 1.000e-06
  Convergence Tol  : 1.0e-02 (Disp Ratio)     Max Iterations: 50
  --------------------------------------------------------------------------------------------------------------------------
  Iter   Max Res.Force  (Node/DOF)    Max Disp.Corr  (Node/DOF)    Max Disp.Incr  Disp.Ratio  Energy.Err  LS.alpha  TieNodes
  --------------------------------------------------------------------------------------------------------------------------
     1    1.2241e+06  N1(UY)         3.0000e-02  N1(UY)         2.9980e-02     1.54e-03    2.74e+06      1.00       122
     2    1.1957e+06  N2(UY)         1.1642e-03  N10367(UY)     2.9987e-02     8.61e-05    1.96e+04      1.00       122
  ---------------------------------------------------------------------------------------------------------------------
  => Increment Converged. (Time: 10.46 s)
  Mesh quality WARNING: min det(J)=-9.358e-02  inverted=2  warped=82

     1    24     1       2       1     0.2103     0.0000     0.0000

  Nonlinear Iteration Summary (Newton-Raphson)
  ==========================================================================================================================
  Time increment dt: 1.000e-06
  Convergence Tol  : 1.0e-02 (Disp Ratio)     Max Iterations: 50
  --------------------------------------------------------------------------------------------------------------------------
  Iter   Max Res.Force  (Node/DOF)    Max Disp.Corr  (Node/DOF)    Max Disp.Incr  Disp.Ratio  Energy.Err  LS.alpha  TieNodes
  --------------------------------------------------------------------------------------------------------------------------
     1    1.8205e+06  N143(UY)       8.0113e-04  N10001(UY)     1.0089e-03     6.07e-05    6.84e+04      1.00       122
     2    1.8165e+06  N2(UY)         5.2427e-04  N10367(UY)     1.0165e-03     3.96e-05    4.46e+04      1.00       122
  ---------------------------------------------------------------------------------------------------------------------
  => Increment Converged. (Time: 9.84 s)
  Mesh quality WARNING: min det(J)=-9.322e-02  inverted=2  warped=82

     1    25     1       2       1     0.2103     0.0000     0.0000

  Nonlinear Iteration Summary (Newton-Raphson)
  ==========================================================================================================================
  Time increment dt: 1.000e-06
  Convergence Tol  : 1.0e-02 (Disp Ratio)     Max Iterations: 50
  --------------------------------------------------------------------------------------------------------------------------
  Iter   Max Res.Force  (Node/DOF)    Max Disp.Corr  (Node/DOF)    Max Disp.Incr  Disp.Ratio  Energy.Err  LS.alpha  TieNodes
  --------------------------------------------------------------------------------------------------------------------------
     1    2.4264e+06  N2(UY)         2.7315e-04  N10001(UY)     1.0024e-03     1.98e-05    2.94e+04      1.00       122
     2    2.4263e+06  N2(UY)         5.0887e-04  N10001(UY)     1.0054e-03     3.32e-05    3.58e+04      1.00       122
  ---------------------------------------------------------------------------------------------------------------------
  => Increment Converged. (Time: 10.93 s)
  Mesh quality WARNING: min det(J)=-9.289e-02  inverted=4  warped=81

     1    26     1       4       1     0.2103     0.0000     0.0000

  Nonlinear Iteration Summary (Newton-Raphson)
  ==========================================================================================================================
  Time increment dt: 1.000e-06
  Convergence Tol  : 1.0e-02 (Disp Ratio)     Max Iterations: 50
  --------------------------------------------------------------------------------------------------------------------------
  Iter   Max Res.Force  (Node/DOF)    Max Disp.Corr  (Node/DOF)    Max Disp.Incr  Disp.Ratio  Energy.Err  LS.alpha  TieNodes
  --------------------------------------------------------------------------------------------------------------------------
     1    3.0392e+06  N2(UY)         7.0687e-04  N10367(UY)     1.0026e-03     4.72e-05    7.80e+04      1.00       122
     2    3.0405e+06  N2(UY)         3.6770e-04  N10001(UY)     1.0068e-03     2.61e-05    4.77e+04      1.00       122
  ---------------------------------------------------------------------------------------------------------------------
  => Increment Converged. (Time: 12.37 s)
  Mesh quality WARNING: min det(J)=-9.251e-02  inverted=4  warped=82

     1    27     1       4       1     0.2103     0.0000     0.0000

  Nonlinear Iteration Summary (Newton-Raphson)
  ==========================================================================================================================
  Time increment dt: 1.000e-06
  Convergence Tol  : 1.0e-02 (Disp Ratio)     Max Iterations: 50
  --------------------------------------------------------------------------------------------------------------------------
  Iter   Max Res.Force  (Node/DOF)    Max Disp.Corr  (Node/DOF)    Max Disp.Incr  Disp.Ratio  Energy.Err  LS.alpha  TieNodes
  --------------------------------------------------------------------------------------------------------------------------
     1    3.6552e+06  N143(UY)       2.7449e-04  N10001(UY)     1.0016e-03     1.81e-05    3.38e+04      1.00       122
     2    3.7411e+06  N2(UY)         2.2869e-04  N10367(UY)     1.0016e-03     1.74e-05    4.00e+04      1.00       122
  ---------------------------------------------------------------------------------------------------------------------
  => Increment Converged. (Time: 11.23 s)
  Mesh quality WARNING: min det(J)=-9.216e-02  inverted=4  warped=82

     1    28     1       4       1     0.2103     0.0000     0.0000

  Nonlinear Iteration Summary (Newton-Raphson)
  ==========================================================================================================================
  Time increment dt: 1.000e-06
  Convergence Tol  : 1.0e-02 (Disp Ratio)     Max Iterations: 50
  --------------------------------------------------------------------------------------------------------------------------
  Iter   Max Res.Force  (Node/DOF)    Max Disp.Corr  (Node/DOF)    Max Disp.Incr  Disp.Ratio  Energy.Err  LS.alpha  TieNodes
  --------------------------------------------------------------------------------------------------------------------------
     1    4.2884e+06  N2(UY)         3.7247e-04  N10001(UY)     1.0010e-03     2.44e-05    5.05e+04      1.00       122
     2    4.2890e+06  N2(UY)         6.6366e-04  N10367(UY)     1.0067e-03     4.37e-05    7.42e+04      1.00       122
  ---------------------------------------------------------------------------------------------------------------------
  => Increment Converged. (Time: 11.72 s)
  Mesh quality WARNING: min det(J)=-9.181e-02  inverted=4  warped=82

     1    29     1       4       1     0.2103     0.0000     0.0000

  Nonlinear Iteration Summary (Newton-Raphson)
  ==========================================================================================================================
  Time increment dt: 1.000e-06
  Convergence Tol  : 1.0e-02 (Disp Ratio)     Max Iterations: 50
  --------------------------------------------------------------------------------------------------------------------------
  Iter   Max Res.Force  (Node/DOF)    Max Disp.Corr  (Node/DOF)    Max Disp.Incr  Disp.Ratio  Energy.Err  LS.alpha  TieNodes
  --------------------------------------------------------------------------------------------------------------------------
     1    4.8789e+06  N2(UY)         2.6230e-04  N10001(UY)     1.0009e-03     2.12e-05    6.61e+04      1.00       122
     2    4.8779e+06  N143(UY)       3.2081e-04  N10001(UY)     1.0051e-03     2.24e-05    6.42e+04      1.00       122
  ---------------------------------------------------------------------------------------------------------------------
  => Increment Converged. (Time: 11.40 s)
  Mesh quality WARNING: min det(J)=-9.146e-02  inverted=4  warped=82

     1    30     1       4       1     0.2103     0.0000     0.0000

  Nonlinear Iteration Summary (Newton-Raphson)
  ==========================================================================================================================
  Time increment dt: 1.000e-06
  Convergence Tol  : 1.0e-02 (Disp Ratio)     Max Iterations: 50
  --------------------------------------------------------------------------------------------------------------------------
  Iter   Max Res.Force  (Node/DOF)    Max Disp.Corr  (Node/DOF)    Max Disp.Incr  Disp.Ratio  Energy.Err  LS.alpha  TieNodes
  --------------------------------------------------------------------------------------------------------------------------
     1    5.4803e+06  N143(UY)       2.8760e-04  N10367(UY)     1.0021e-03     1.94e-05    5.95e+04      1.00       122
     2    5.9527e+06  N2(UY)         1.4235e-04  N10367(UY)     1.0021e-03     1.07e-05    1.01e+04      1.00       122
  ---------------------------------------------------------------------------------------------------------------------
  => Increment Converged. (Time: 10.21 s)
  Mesh quality WARNING: min det(J)=-9.111e-02  inverted=4  warped=84

     1    31     1       4       1     0.2103     0.0000     0.0000
            [AL] tie gap correction: 8 extra solve(s), final max_gap=0.3054mm

  [MONITOR] Step  23 | Time 0.2103s / 1.0s ( 21.0%)
            Fold Angle: Target +-  5.95deg | Actual [-5.95deg, +5.95deg]
            Plate Tips Y: Left= +3.51mm | Right= +3.51mm | Max Disp=  4.01mm
            Newton Iters:  1 | dt: 0.01000s
            [DIAGNOSTIC] display/plate max|u| ratio=1.0000 (display=3.699mm, plate=0.000mm)
            [DIAGNOSTIC] Real tie gap (not just active-pair count): DISPLAY_BOT_L_PLATE_L_TOP_TIE: max_gap=0.3054mm mean=0.1996mm n=61 | DISPLAY_BOT_R_PLATE_R_TOP_TIE: max_gap=0.3054mm mean=0.1996mm n=61

[PNG] Deformed shape saved: D:\PythonCodeStudy\WHT_DispFoldSolver\examples\ex12_final_folding_shape.png
----------------------------------------------------------------------------------------------------
Step 24 | Attempting time increment: dt = 0.01000s (t: 0.2103s -> 0.2203s)
----------------------------------------------------------------------------------------------------

  Nonlinear Iteration Summary (Newton-Raphson)
  ==========================================================================================================================
  Time increment dt: 1.000e-02
  Convergence Tol  : 1.0e-02 (Disp Ratio)     Max Iterations: 50
  --------------------------------------------------------------------------------------------------------------------------
  Iter   Max Res.Force  (Node/DOF)    Max Disp.Corr  (Node/DOF)    Max Disp.Incr  Disp.Ratio  Energy.Err  LS.alpha  TieNodes
  --------------------------------------------------------------------------------------------------------------------------
  *** ELEMENT INVERSION: det(F) <= 0 detected at iteration 1. Cutting back dt.
     1    32     1       0      50     0.2103     0.0000     0.0100   *** CUTBACK: element inversion (det(F) <= 0) (Retrying step with smaller dt & target angle) ***
  *** STEP 24 FAILED (conv=-50, cutback 1/20). Cutting back dt to 0.00500s ***

----------------------------------------------------------------------------------------------------
Step 24 | Attempting time increment: dt = 0.00500s (t: 0.2103s -> 0.2153s)
----------------------------------------------------------------------------------------------------

  Nonlinear Iteration Summary (Newton-Raphson)
  ==========================================================================================================================
  Time increment dt: 5.000e-03
  Convergence Tol  : 1.0e-02 (Disp Ratio)     Max Iterations: 50
  --------------------------------------------------------------------------------------------------------------------------
  Iter   Max Res.Force  (Node/DOF)    Max Disp.Corr  (Node/DOF)    Max Disp.Incr  Disp.Ratio  Energy.Err  LS.alpha  TieNodes
  --------------------------------------------------------------------------------------------------------------------------
  *** ELEMENT INVERSION: det(F) <= 0 detected at iteration 1. Cutting back dt.
     1    32     2       0      50     0.2103     0.0000     0.0050   *** CUTBACK: element inversion (det(F) <= 0) (Retrying step with smaller dt & target angle) ***
  *** STEP 24 FAILED (conv=-50, cutback 1/20). Cutting back dt to 0.00250s ***

----------------------------------------------------------------------------------------------------
Step 24 | Attempting time increment: dt = 0.00250s (t: 0.2103s -> 0.2128s)
----------------------------------------------------------------------------------------------------

  Nonlinear Iteration Summary (Newton-Raphson)
  ==========================================================================================================================
  Time increment dt: 2.500e-03
  Convergence Tol  : 1.0e-02 (Disp Ratio)     Max Iterations: 50
  --------------------------------------------------------------------------------------------------------------------------
  Iter   Max Res.Force  (Node/DOF)    Max Disp.Corr  (Node/DOF)    Max Disp.Incr  Disp.Ratio  Energy.Err  LS.alpha  TieNodes
  --------------------------------------------------------------------------------------------------------------------------
  *** ELEMENT INVERSION: det(F) <= 0 detected at iteration 1. Cutting back dt.
     1    32     3       0      50     0.2103     0.0000     0.0025   *** CUTBACK: element inversion (det(F) <= 0) (Retrying step with smaller dt & target angle) ***
  *** STEP 24 FAILED (conv=-50, cutback 1/20). Cutting back dt to 0.00125s ***

----------------------------------------------------------------------------------------------------
Step 24 | Attempting time increment: dt = 0.00125s (t: 0.2103s -> 0.2116s)
----------------------------------------------------------------------------------------------------

  Nonlinear Iteration Summary (Newton-Raphson)
  ==========================================================================================================================
  Time increment dt: 1.250e-03
  Convergence Tol  : 1.0e-02 (Disp Ratio)     Max Iterations: 50
  --------------------------------------------------------------------------------------------------------------------------
  Iter   Max Res.Force  (Node/DOF)    Max Disp.Corr  (Node/DOF)    Max Disp.Incr  Disp.Ratio  Energy.Err  LS.alpha  TieNodes
  --------------------------------------------------------------------------------------------------------------------------
  *** ELEMENT INVERSION: det(F) <= 0 detected at iteration 1. Cutting back dt.
     1    32     4       0      50     0.2103     0.0000     0.0013   *** CUTBACK: element inversion (det(F) <= 0) (Retrying step with smaller dt & target angle) ***
  *** STEP 24 FAILED (conv=-50, cutback 1/20). Cutting back dt to 0.00063s ***

----------------------------------------------------------------------------------------------------
Step 24 | Attempting time increment: dt = 0.00063s (t: 0.2103s -> 0.2109s)
----------------------------------------------------------------------------------------------------

  Nonlinear Iteration Summary (Newton-Raphson)
  ==========================================================================================================================
  Time increment dt: 6.250e-04
  Convergence Tol  : 1.0e-02 (Disp Ratio)     Max Iterations: 50
  --------------------------------------------------------------------------------------------------------------------------
  Iter   Max Res.Force  (Node/DOF)    Max Disp.Corr  (Node/DOF)    Max Disp.Incr  Disp.Ratio  Energy.Err  LS.alpha  TieNodes
  --------------------------------------------------------------------------------------------------------------------------
  *** ELEMENT INVERSION: det(F) <= 0 detected at iteration 1. Cutting back dt.
     1    32     5       0      50     0.2103     0.0000     0.0006   *** CUTBACK: element inversion (det(F) <= 0) (Retrying step with smaller dt & target angle) ***
  *** STEP 24 FAILED (conv=-50, cutback 1/20). Cutting back dt to 0.00031s ***

----------------------------------------------------------------------------------------------------
Step 24 | Attempting time increment: dt = 0.00031s (t: 0.2103s -> 0.2106s)
----------------------------------------------------------------------------------------------------

  Nonlinear Iteration Summary (Newton-Raphson)
  ==========================================================================================================================
  Time increment dt: 3.125e-04
  Convergence Tol  : 1.0e-02 (Disp Ratio)     Max Iterations: 50
  --------------------------------------------------------------------------------------------------------------------------
  Iter   Max Res.Force  (Node/DOF)    Max Disp.Corr  (Node/DOF)    Max Disp.Incr  Disp.Ratio  Energy.Err  LS.alpha  TieNodes
  --------------------------------------------------------------------------------------------------------------------------
  *** ELEMENT INVERSION: det(F) <= 0 detected at iteration 1. Cutting back dt.
     1    32     6       0      50     0.2103     0.0000     0.0003   *** CUTBACK: element inversion (det(F) <= 0) (Retrying step with smaller dt & target angle) ***
  *** STEP 24 FAILED (conv=-50, cutback 1/20). Cutting back dt to 0.00016s ***

----------------------------------------------------------------------------------------------------
Step 24 | Attempting time increment: dt = 0.00016s (t: 0.2103s -> 0.2105s)
----------------------------------------------------------------------------------------------------

  Nonlinear Iteration Summary (Newton-Raphson)
  ==========================================================================================================================
  Time increment dt: 1.563e-04
  Convergence Tol  : 1.0e-02 (Disp Ratio)     Max Iterations: 50
  --------------------------------------------------------------------------------------------------------------------------
  Iter   Max Res.Force  (Node/DOF)    Max Disp.Corr  (Node/DOF)    Max Disp.Incr  Disp.Ratio  Energy.Err  LS.alpha  TieNodes
  --------------------------------------------------------------------------------------------------------------------------
  *** ELEMENT INVERSION: det(F) <= 0 detected at iteration 1. Cutting back dt.
     1    32     7       0      50     0.2103     0.0000     0.0002   *** CUTBACK: element inversion (det(F) <= 0) (Retrying step with smaller dt & target angle) ***
  *** STEP 24 FAILED (conv=-50, cutback 1/20). Cutting back dt to 0.00008s ***

----------------------------------------------------------------------------------------------------
Step 24 | Attempting time increment: dt = 0.00008s (t: 0.2103s -> 0.2104s)
----------------------------------------------------------------------------------------------------

  Nonlinear Iteration Summary (Newton-Raphson)
  ==========================================================================================================================
  Time increment dt: 7.813e-05
  Convergence Tol  : 1.0e-02 (Disp Ratio)     Max Iterations: 50
  --------------------------------------------------------------------------------------------------------------------------
  Iter   Max Res.Force  (Node/DOF)    Max Disp.Corr  (Node/DOF)    Max Disp.Incr  Disp.Ratio  Energy.Err  LS.alpha  TieNodes
  --------------------------------------------------------------------------------------------------------------------------
  *** ELEMENT INVERSION: det(F) <= 0 detected at iteration 1. Cutting back dt.
     1    32     8       0      50     0.2103     0.0000     0.0001   *** CUTBACK: element inversion (det(F) <= 0) (Retrying step with smaller dt & target angle) ***
  *** STEP 24 FAILED (conv=-50, cutback 1/20). Cutting back dt to 0.00004s ***

----------------------------------------------------------------------------------------------------
Step 24 | Attempting time increment: dt = 0.00004s (t: 0.2103s -> 0.2104s)
----------------------------------------------------------------------------------------------------

  Nonlinear Iteration Summary (Newton-Raphson)
  ==========================================================================================================================
  Time increment dt: 3.906e-05
  Convergence Tol  : 1.0e-02 (Disp Ratio)     Max Iterations: 50
  --------------------------------------------------------------------------------------------------------------------------
  Iter   Max Res.Force  (Node/DOF)    Max Disp.Corr  (Node/DOF)    Max Disp.Incr  Disp.Ratio  Energy.Err  LS.alpha  TieNodes
  --------------------------------------------------------------------------------------------------------------------------
  *** ELEMENT INVERSION: det(F) <= 0 detected at iteration 1. Cutting back dt.
     1    32     9       0      50     0.2103     0.0000     0.0000   *** CUTBACK: element inversion (det(F) <= 0) (Retrying step with smaller dt & target angle) ***
  *** STEP 24 FAILED (conv=-50, cutback 1/20). Cutting back dt to 0.00002s ***

----------------------------------------------------------------------------------------------------
Step 24 | Attempting time increment: dt = 0.00002s (t: 0.2103s -> 0.2103s)
----------------------------------------------------------------------------------------------------

  Nonlinear Iteration Summary (Newton-Raphson)
  ==========================================================================================================================
  Time increment dt: 1.953e-05
  Convergence Tol  : 1.0e-02 (Disp Ratio)     Max Iterations: 50
  --------------------------------------------------------------------------------------------------------------------------
  Iter   Max Res.Force  (Node/DOF)    Max Disp.Corr  (Node/DOF)    Max Disp.Incr  Disp.Ratio  Energy.Err  LS.alpha  TieNodes
  --------------------------------------------------------------------------------------------------------------------------
     1    6.2059e+06  N1(UY)         1.7677e-04  N10001(UY)     1.3759e-03     1.45e-05    5.65e+04      1.00       122
     2    6.1957e+06  N2(UY)         1.0589e-04  N10001(UY)     1.3759e-03     7.58e-06    2.79e+04      1.00       122
  ---------------------------------------------------------------------------------------------------------------------
  => Increment Converged. (Time: 11.09 s)
  Mesh quality WARNING: min det(J)=-9.237e-02  inverted=4  warped=84

     1    32    10       4       1     0.2103     0.0000     0.0000

  Nonlinear Iteration Summary (Newton-Raphson)
  ==========================================================================================================================
  Time increment dt: 1.000e-06
  Convergence Tol  : 1.0e-02 (Disp Ratio)     Max Iterations: 50
  --------------------------------------------------------------------------------------------------------------------------
  Iter   Max Res.Force  (Node/DOF)    Max Disp.Corr  (Node/DOF)    Max Disp.Incr  Disp.Ratio  Energy.Err  LS.alpha  TieNodes
  --------------------------------------------------------------------------------------------------------------------------
     1    6.6859e+06  N144(UY)       1.3585e-05  N10001(UY)     8.1412e-04     8.87e-07    2.68e+03      1.00       122
     2    6.6859e+06  N144(UY)       1.9424e-04  N10367(UY)     8.1586e-04     1.37e-05    5.44e+04      1.00       122
  ---------------------------------------------------------------------------------------------------------------------
  => Increment Converged. (Time: 11.19 s)
  Mesh quality WARNING: min det(J)=-9.096e-02  inverted=4  warped=84

     1    33     1       4       1     0.2103     0.0000     0.0000

  Nonlinear Iteration Summary (Newton-Raphson)
  ==========================================================================================================================
  Time increment dt: 1.000e-06
  Convergence Tol  : 1.0e-02 (Disp Ratio)     Max Iterations: 50
  --------------------------------------------------------------------------------------------------------------------------
  Iter   Max Res.Force  (Node/DOF)    Max Disp.Corr  (Node/DOF)    Max Disp.Incr  Disp.Ratio  Energy.Err  LS.alpha  TieNodes
  --------------------------------------------------------------------------------------------------------------------------
     1    7.2966e+06  N144(UY)       1.9594e-04  N10001(UY)     8.1463e-04     1.59e-05    7.45e+04      1.00       122
     2    1.4957e+07  N127(UY)       9.8066e-05  N10001(UY)     8.1458e-04     7.91e-06    3.69e+04      1.00       122
  ---------------------------------------------------------------------------------------------------------------------
  => Increment Converged. (Time: 10.25 s)
  Mesh quality WARNING: min det(J)=-9.125e-02  inverted=4  warped=83

     1    34     1       4       1     0.2103     0.0000     0.0000

  Nonlinear Iteration Summary (Newton-Raphson)
  ==========================================================================================================================
  Time increment dt: 1.000e-06
  Convergence Tol  : 1.0e-02 (Disp Ratio)     Max Iterations: 50
  --------------------------------------------------------------------------------------------------------------------------
  Iter   Max Res.Force  (Node/DOF)    Max Disp.Corr  (Node/DOF)    Max Disp.Incr  Disp.Ratio  Energy.Err  LS.alpha  TieNodes
  --------------------------------------------------------------------------------------------------------------------------
     1    9.0907e+06  N127(UY)       6.5530e-05  N10367(UY)     8.1525e-04     4.50e-06    2.05e+04      1.00       122
     2    9.0907e+06  N127(UY)       1.9374e-03  N10001(UY)     9.1891e-04     1.65e-04    8.44e+05      1.00       122
  ---------------------------------------------------------------------------------------------------------------------
  => Increment Converged. (Time: 10.90 s)
  Mesh quality WARNING: min det(J)=-9.153e-02  inverted=4  warped=82

     1    35     1       4       1     0.2103     0.0000     0.0000

  Nonlinear Iteration Summary (Newton-Raphson)
  ==========================================================================================================================
  Time increment dt: 1.000e-06
  Convergence Tol  : 1.0e-02 (Disp Ratio)     Max Iterations: 50
  --------------------------------------------------------------------------------------------------------------------------
  Iter   Max Res.Force  (Node/DOF)    Max Disp.Corr  (Node/DOF)    Max Disp.Incr  Disp.Ratio  Energy.Err  LS.alpha  TieNodes
  --------------------------------------------------------------------------------------------------------------------------
     1    8.5648e+06  N2(UY)         1.7762e-04  N10001(UY)     8.1520e-04     1.46e-05    7.96e+04      1.00       122
     2    8.5268e+06  N144(UY)       1.0307e-04  N10001(UY)     8.1521e-04     7.17e-06    3.59e+04      1.00       122
  ---------------------------------------------------------------------------------------------------------------------
  => Increment Converged. (Time: 10.05 s)
  Mesh quality WARNING: min det(J)=-9.182e-02  inverted=4  warped=82

     1    36     1       4       1     0.2103     0.0000     0.0000

  Nonlinear Iteration Summary (Newton-Raphson)
  ==========================================================================================================================
  Time increment dt: 1.000e-06
  Convergence Tol  : 1.0e-02 (Disp Ratio)     Max Iterations: 50
  --------------------------------------------------------------------------------------------------------------------------
  Iter   Max Res.Force  (Node/DOF)    Max Disp.Corr  (Node/DOF)    Max Disp.Incr  Disp.Ratio  Energy.Err  LS.alpha  TieNodes
  --------------------------------------------------------------------------------------------------------------------------
     1    9.1431e+06  N144(UY)       1.7877e-04  N10367(UY)     8.1584e-04     1.60e-05    9.44e+04      1.00       122
     2    9.1560e+06  N144(UY)       1.3598e-04  N10001(UY)     8.1585e-04     9.44e-06    5.06e+04      1.00       122
  ---------------------------------------------------------------------------------------------------------------------
  => Increment Converged. (Time: 9.78 s)
  Mesh quality WARNING: min det(J)=-9.210e-02  inverted=4  warped=82

     1    37     1       4       1     0.2103     0.0000     0.0000

  Nonlinear Iteration Summary (Newton-Raphson)
  ==========================================================================================================================
  Time increment dt: 1.000e-06
  Convergence Tol  : 1.0e-02 (Disp Ratio)     Max Iterations: 50
  --------------------------------------------------------------------------------------------------------------------------
  Iter   Max Res.Force  (Node/DOF)    Max Disp.Corr  (Node/DOF)    Max Disp.Incr  Disp.Ratio  Energy.Err  LS.alpha  TieNodes
  --------------------------------------------------------------------------------------------------------------------------
     1    9.7615e+06  N144(UY)       8.1087e-05  N10001(UY)     8.1587e-04     5.30e-06    2.23e+04      1.00       122
     2    9.7634e+06  N1(UY)         5.1383e-05  N10001(UY)     8.1586e-04     3.52e-06    1.02e+04      1.00       122
  ---------------------------------------------------------------------------------------------------------------------
  => Increment Converged. (Time: 10.45 s)
  Mesh quality WARNING: min det(J)=-9.239e-02  inverted=4  warped=82

     1    38     1       4       1     0.2103     0.0000     0.0000

  Nonlinear Iteration Summary (Newton-Raphson)
  ==========================================================================================================================
  Time increment dt: 1.000e-06
  Convergence Tol  : 1.0e-02 (Disp Ratio)     Max Iterations: 50
  --------------------------------------------------------------------------------------------------------------------------
  Iter   Max Res.Force  (Node/DOF)    Max Disp.Corr  (Node/DOF)    Max Disp.Incr  Disp.Ratio  Energy.Err  LS.alpha  TieNodes
  --------------------------------------------------------------------------------------------------------------------------
     1    1.0387e+07  N1(UY)         1.4376e-04  N10367(UY)     8.1578e-04     9.91e-06    2.95e+04      1.00       122
     2    1.0386e+07  N1(UY)         8.9180e-05  N10001(UY)     8.1578e-04     6.90e-06    4.53e+04      1.00       122
  ---------------------------------------------------------------------------------------------------------------------
  => Increment Converged. (Time: 10.93 s)
  Mesh quality WARNING: min det(J)=-9.267e-02  inverted=4  warped=82

     1    39     1       4       1     0.2103     0.0000     0.0000

  Nonlinear Iteration Summary (Newton-Raphson)
  ==========================================================================================================================
  Time increment dt: 1.000e-06
  Convergence Tol  : 1.0e-02 (Disp Ratio)     Max Iterations: 50
  --------------------------------------------------------------------------------------------------------------------------
  Iter   Max Res.Force  (Node/DOF)    Max Disp.Corr  (Node/DOF)    Max Disp.Incr  Disp.Ratio  Energy.Err  LS.alpha  TieNodes
  --------------------------------------------------------------------------------------------------------------------------
     1    1.1016e+07  N1(UY)         2.2990e-05  N10367(UY)     8.1567e-04     1.50e-06    7.80e+03      1.00       122
     2    1.0998e+07  N144(UY)       3.4550e-05  N10367(UY)     8.1567e-04     2.35e-06    8.13e+03      1.00       122
  ---------------------------------------------------------------------------------------------------------------------
  => Increment Converged. (Time: 10.57 s)
  Mesh quality WARNING: min det(J)=-9.296e-02  inverted=4  warped=80

     1    40     1       4       1     0.2103     0.0000     0.0000
            [AL] tie gap correction: 8 extra solve(s), final max_gap=0.3126mm

  [MONITOR] Step  24 | Time 0.2103s / 1.0s ( 21.0%)
            Fold Angle: Target +-  5.96deg | Actual [-5.96deg, +5.96deg]
            Plate Tips Y: Left= +3.51mm | Right= +3.51mm | Max Disp=  4.01mm
            Newton Iters:  1 | dt: 0.00002s
            [DIAGNOSTIC] display/plate max|u| ratio=1.0000 (display=3.694mm, plate=0.000mm)
            [DIAGNOSTIC] Real tie gap (not just active-pair count): DISPLAY_BOT_L_PLATE_L_TOP_TIE: max_gap=0.3126mm mean=0.2063mm n=61 | DISPLAY_BOT_R_PLATE_R_TOP_TIE: max_gap=0.3125mm mean=0.2063mm n=61

[PNG] Deformed shape saved: D:\PythonCodeStudy\WHT_DispFoldSolver\examples\ex12_final_folding_shape.png
----------------------------------------------------------------------------------------------------
Step 25 | Attempting time increment: dt = 0.00003s (t: 0.2103s -> 0.2104s)
----------------------------------------------------------------------------------------------------

  Nonlinear Iteration Summary (Newton-Raphson)
  ==========================================================================================================================
  Time increment dt: 2.930e-05
  Convergence Tol  : 1.0e-02 (Disp Ratio)     Max Iterations: 50
  --------------------------------------------------------------------------------------------------------------------------
  Iter   Max Res.Force  (Node/DOF)    Max Disp.Corr  (Node/DOF)    Max Disp.Incr  Disp.Ratio  Energy.Err  LS.alpha  TieNodes
  --------------------------------------------------------------------------------------------------------------------------
     1    1.1640e+07  N144(UY)       1.2066e-04  N10367(UY)     1.1946e-02     1.09e-05    8.20e+04      1.00       122
     2    1.1642e+07  N144(UY)       1.0835e-04  N10367(UY)     1.1946e-02     9.48e-06    7.14e+04      1.00       122
  ---------------------------------------------------------------------------------------------------------------------
  => Increment Converged. (Time: 12.61 s)
  Mesh quality WARNING: min det(J)=-9.714e-02  inverted=2  warped=79

     1    41     1       2       1     0.2104     0.0000     0.0000

  Nonlinear Iteration Summary (Newton-Raphson)
  ==========================================================================================================================
  Time increment dt: 1.000e-06
  Convergence Tol  : 1.0e-02 (Disp Ratio)     Max Iterations: 50
  --------------------------------------------------------------------------------------------------------------------------
  Iter   Max Res.Force  (Node/DOF)    Max Disp.Corr  (Node/DOF)    Max Disp.Incr  Disp.Ratio  Energy.Err  LS.alpha  TieNodes
  --------------------------------------------------------------------------------------------------------------------------
     1    1.2292e+07  N1(UY)         1.1760e-04  N10367(UY)     2.6657e-05     1.08e-05    8.63e+04      1.00       122
     2    1.2292e+07  N1(UY)         1.2387e-04  N10367(UY)     2.6913e-05     8.16e-06    3.97e+04      1.00       122
  ---------------------------------------------------------------------------------------------------------------------
  => Increment Converged. (Time: 11.72 s)
  Mesh quality WARNING: min det(J)=-9.715e-02  inverted=2  warped=79

     1    42     1       2       1     0.2104     0.0000     0.0000

  Nonlinear Iteration Summary (Newton-Raphson)
  ==========================================================================================================================
  Time increment dt: 1.000e-06
  Convergence Tol  : 1.0e-02 (Disp Ratio)     Max Iterations: 50
  --------------------------------------------------------------------------------------------------------------------------
  Iter   Max Res.Force  (Node/DOF)    Max Disp.Corr  (Node/DOF)    Max Disp.Incr  Disp.Ratio  Energy.Err  LS.alpha  TieNodes
  --------------------------------------------------------------------------------------------------------------------------
     1    1.2942e+07  N1(UY)         9.0248e-05  N10001(UY)     2.6802e-05     6.28e-06    4.78e+04      1.00       122
     2    1.2942e+07  N1(UY)         4.5770e-05  N10367(UY)     2.6813e-05     3.61e-06    5.74e+03      1.00       122
  ---------------------------------------------------------------------------------------------------------------------
  => Increment Converged. (Time: 13.13 s)
  Mesh quality WARNING: min det(J)=-9.716e-02  inverted=2  warped=79

     1    43     1       2       1     0.2104     0.0000     0.0000

  Nonlinear Iteration Summary (Newton-Raphson)
  ==========================================================================================================================
  Time increment dt: 1.000e-06
  Convergence Tol  : 1.0e-02 (Disp Ratio)     Max Iterations: 50
  --------------------------------------------------------------------------------------------------------------------------
  Iter   Max Res.Force  (Node/DOF)    Max Disp.Corr  (Node/DOF)    Max Disp.Incr  Disp.Ratio  Energy.Err  LS.alpha  TieNodes
  --------------------------------------------------------------------------------------------------------------------------
     1    1.3593e+07  N1(UY)         1.0676e-04  N10001(UY)     2.7054e-05     9.31e-06    8.21e+04      1.00       122
     2    1.3593e+07  N1(UY)         9.4758e-05  N10367(UY)     2.7458e-05     8.33e-06    7.34e+04      1.00       122
  ---------------------------------------------------------------------------------------------------------------------
  => Increment Converged. (Time: 11.96 s)
  Mesh quality WARNING: min det(J)=-9.717e-02  inverted=2  warped=79

     1    44     1       2       1     0.2104     0.0000     0.0000

  Nonlinear Iteration Summary (Newton-Raphson)
  ==========================================================================================================================
  Time increment dt: 1.000e-06
  Convergence Tol  : 1.0e-02 (Disp Ratio)     Max Iterations: 50
  --------------------------------------------------------------------------------------------------------------------------
  Iter   Max Res.Force  (Node/DOF)    Max Disp.Corr  (Node/DOF)    Max Disp.Incr  Disp.Ratio  Energy.Err  LS.alpha  TieNodes
  --------------------------------------------------------------------------------------------------------------------------
     1    1.4243e+07  N1(UY)         4.1453e-05  N10001(UY)     2.7058e-05     2.92e-06    1.05e+04      1.00       122
     2    1.4243e+07  N1(UY)         1.0930e-04  N10001(UY)     2.7055e-05     7.16e-06    4.32e+04      1.00       122
  ---------------------------------------------------------------------------------------------------------------------
  => Increment Converged. (Time: 11.56 s)
  Mesh quality WARNING: min det(J)=-9.718e-02  inverted=2  warped=79

     1    45     1       2       1     0.2104     0.0000     0.0000

  Nonlinear Iteration Summary (Newton-Raphson)
  ==========================================================================================================================
  Time increment dt: 1.000e-06
  Convergence Tol  : 1.0e-02 (Disp Ratio)     Max Iterations: 50
  --------------------------------------------------------------------------------------------------------------------------
  Iter   Max Res.Force  (Node/DOF)    Max Disp.Corr  (Node/DOF)    Max Disp.Incr  Disp.Ratio  Energy.Err  LS.alpha  TieNodes
  --------------------------------------------------------------------------------------------------------------------------
     1    1.4893e+07  N1(UY)         1.5006e-05  N10001(UY)     2.7063e-05     1.00e-06    8.07e+03      1.00       122
     2    1.4893e+07  N1(UY)         9.8390e-05  N10367(UY)     2.7063e-05     7.18e-06    2.21e+04      1.00       122
  ---------------------------------------------------------------------------------------------------------------------
  => Increment Converged. (Time: 12.09 s)
  Mesh quality WARNING: min det(J)=-9.719e-02  inverted=2  warped=79

     1    46     1       2       1     0.2104     0.0000     0.0000

  Nonlinear Iteration Summary (Newton-Raphson)
  ==========================================================================================================================
  Time increment dt: 1.000e-06
  Convergence Tol  : 1.0e-02 (Disp Ratio)     Max Iterations: 50
  --------------------------------------------------------------------------------------------------------------------------
  Iter   Max Res.Force  (Node/DOF)    Max Disp.Corr  (Node/DOF)    Max Disp.Incr  Disp.Ratio  Energy.Err  LS.alpha  TieNodes
  --------------------------------------------------------------------------------------------------------------------------
     1    1.5543e+07  N1(UY)         7.9828e-05  N10001(UY)     2.7066e-05     6.70e-06    6.75e+04      1.00       122
     2    1.5543e+07  N1(UY)         1.5144e-05  N10001(UY)     2.7066e-05     1.00e-06    8.26e+03      1.00       122
  ---------------------------------------------------------------------------------------------------------------------
  => Increment Converged. (Time: 10.66 s)
  Mesh quality WARNING: min det(J)=-9.719e-02  inverted=2  warped=79

     1    47     1       2       1     0.2104     0.0000     0.0000

  Nonlinear Iteration Summary (Newton-Raphson)
  ==========================================================================================================================
  Time increment dt: 1.000e-06
  Convergence Tol  : 1.0e-02 (Disp Ratio)     Max Iterations: 50
  --------------------------------------------------------------------------------------------------------------------------
  Iter   Max Res.Force  (Node/DOF)    Max Disp.Corr  (Node/DOF)    Max Disp.Incr  Disp.Ratio  Energy.Err  LS.alpha  TieNodes
  --------------------------------------------------------------------------------------------------------------------------
     1    1.6194e+07  N1(UY)         2.3322e-05  N10367(UY)     2.7070e-05     1.52e-06    1.16e+04      1.00       122
     2    1.6194e+07  N1(UY)         1.0241e-04  N10367(UY)     2.7070e-05     6.71e-06    5.34e+04      1.00       122
  ---------------------------------------------------------------------------------------------------------------------
  => Increment Converged. (Time: 10.34 s)
  Mesh quality WARNING: min det(J)=-9.720e-02  inverted=2  warped=79

     1    48     1       2       1     0.2104     0.0000     0.0000

  Nonlinear Iteration Summary (Newton-Raphson)
  ==========================================================================================================================
  Time increment dt: 1.000e-06
  Convergence Tol  : 1.0e-02 (Disp Ratio)     Max Iterations: 50
  --------------------------------------------------------------------------------------------------------------------------
  Iter   Max Res.Force  (Node/DOF)    Max Disp.Corr  (Node/DOF)    Max Disp.Incr  Disp.Ratio  Energy.Err  LS.alpha  TieNodes
  --------------------------------------------------------------------------------------------------------------------------
     1    1.6844e+07  N1(UY)         8.4887e-05  N10001(UY)     2.7074e-05     7.62e-06    8.36e+04      1.00       122
     2    1.6844e+07  N1(UY)         1.2747e-04  N10367(UY)     2.7074e-05     8.83e-06    8.76e+04      1.00       122
  ---------------------------------------------------------------------------------------------------------------------
  => Increment Converged. (Time: 10.32 s)
  Mesh quality WARNING: min det(J)=-9.721e-02  inverted=2  warped=79

     1    49     1       2       1     0.2104     0.0000     0.0000
            [AL] tie gap correction: 8 extra solve(s), final max_gap=0.3278mm

  [MONITOR] Step  25 | Time 0.2104s / 1.0s ( 21.0%)
            Fold Angle: Target +-  5.96deg | Actual [-5.96deg, +5.96deg]
            Plate Tips Y: Left= +3.51mm | Right= +3.51mm | Max Disp=  4.01mm
            Newton Iters:  1 | dt: 0.00003s
            [DIAGNOSTIC] display/plate max|u| ratio=1.0000 (display=3.681mm, plate=0.000mm)
            [DIAGNOSTIC] Real tie gap (not just active-pair count): DISPLAY_BOT_L_PLATE_L_TOP_TIE: max_gap=0.3278mm mean=0.2209mm n=61 | DISPLAY_BOT_R_PLATE_R_TOP_TIE: max_gap=0.3278mm mean=0.2209mm n=61

[PNG] Deformed shape saved: D:\PythonCodeStudy\WHT_DispFoldSolver\examples\ex12_final_folding_shape.png
----------------------------------------------------------------------------------------------------
Step 26 | Attempting time increment: dt = 0.00004s (t: 0.2104s -> 0.2104s)
----------------------------------------------------------------------------------------------------

  Nonlinear Iteration Summary (Newton-Raphson)
  ==========================================================================================================================
  Time increment dt: 4.395e-05
  Convergence Tol  : 1.0e-02 (Disp Ratio)     Max Iterations: 50
  --------------------------------------------------------------------------------------------------------------------------
  Iter   Max Res.Force  (Node/DOF)    Max Disp.Corr  (Node/DOF)    Max Disp.Incr  Disp.Ratio  Energy.Err  LS.alpha  TieNodes
  --------------------------------------------------------------------------------------------------------------------------
     1    1.7500e+07  N1(UY)         6.9419e-05  N10367(UY)     2.5973e-03     5.79e-06    6.57e+04      1.00       122
     2    1.7500e+07  N1(UY)         8.6145e-05  N10001(UY)     2.5973e-03     7.66e-06    8.73e+04      1.00       122
  ---------------------------------------------------------------------------------------------------------------------
  => Increment Converged. (Time: 13.43 s)
  Mesh quality WARNING: min det(J)=-9.759e-02  inverted=2  warped=79

     1    50     1       2       1     0.2104     0.0000     0.0000

  Nonlinear Iteration Summary (Newton-Raphson)
  ==========================================================================================================================
  Time increment dt: 1.000e-06
  Convergence Tol  : 1.0e-02 (Disp Ratio)     Max Iterations: 50
  --------------------------------------------------------------------------------------------------------------------------
  Iter   Max Res.Force  (Node/DOF)    Max Disp.Corr  (Node/DOF)    Max Disp.Incr  Disp.Ratio  Energy.Err  LS.alpha  TieNodes
  --------------------------------------------------------------------------------------------------------------------------
     1    1.8158e+07  N1(UY)         2.2622e-04  N10367(UY)     2.7252e-05     1.54e-05    1.60e+05      1.00       122
     2    1.8158e+07  N1(UY)         1.5198e-05  N10001(UY)     2.7252e-05     9.93e-07    8.20e+03      1.00       122
  ---------------------------------------------------------------------------------------------------------------------
  => Increment Converged. (Time: 14.35 s)
  Mesh quality WARNING: min det(J)=-9.760e-02  inverted=2  warped=79

     1    51     1       2       1     0.2104     0.0000     0.0000

  Nonlinear Iteration Summary (Newton-Raphson)
  ==========================================================================================================================
  Time increment dt: 1.000e-06
  Convergence Tol  : 1.0e-02 (Disp Ratio)     Max Iterations: 50
  --------------------------------------------------------------------------------------------------------------------------
  Iter   Max Res.Force  (Node/DOF)    Max Disp.Corr  (Node/DOF)    Max Disp.Incr  Disp.Ratio  Energy.Err  LS.alpha  TieNodes
  --------------------------------------------------------------------------------------------------------------------------
     1    1.8816e+07  N1(UY)         6.0611e-05  N10001(UY)     2.7412e-05     5.58e-06    6.85e+04      1.00       122
     2    1.8816e+07  N1(UY)         7.5836e-05  N10367(UY)     2.7366e-05     6.85e-06    8.41e+04      1.00       122
  ---------------------------------------------------------------------------------------------------------------------
  => Increment Converged. (Time: 12.73 s)
  Mesh quality WARNING: min det(J)=-9.761e-02  inverted=2  warped=79

     1    52     1       2       1     0.2104     0.0000     0.0000

  Nonlinear Iteration Summary (Newton-Raphson)
  ==========================================================================================================================
  Time increment dt: 1.000e-06
  Convergence Tol  : 1.0e-02 (Disp Ratio)     Max Iterations: 50
  --------------------------------------------------------------------------------------------------------------------------
  Iter   Max Res.Force  (Node/DOF)    Max Disp.Corr  (Node/DOF)    Max Disp.Incr  Disp.Ratio  Energy.Err  LS.alpha  TieNodes
  --------------------------------------------------------------------------------------------------------------------------
     1    1.9474e+07  N1(UY)         7.4598e-05  N10367(UY)     2.7413e-05     6.78e-06    8.63e+04      1.00       122
     2    1.9474e+07  N1(UY)         2.3631e-04  N10001(UY)     2.7644e-05     1.60e-05    1.77e+05      1.00       122
  ---------------------------------------------------------------------------------------------------------------------
  => Increment Converged. (Time: 12.73 s)
  Mesh quality WARNING: min det(J)=-9.762e-02  inverted=2  warped=79

     1    53     1       2       1     0.2104     0.0000     0.0000

  Nonlinear Iteration Summary (Newton-Raphson)
  ==========================================================================================================================
  Time increment dt: 1.000e-06
  Convergence Tol  : 1.0e-02 (Disp Ratio)     Max Iterations: 50
  --------------------------------------------------------------------------------------------------------------------------
  Iter   Max Res.Force  (Node/DOF)    Max Disp.Corr  (Node/DOF)    Max Disp.Incr  Disp.Ratio  Energy.Err  LS.alpha  TieNodes
  --------------------------------------------------------------------------------------------------------------------------
     1    2.0132e+07  N1(UY)         1.5197e-04  N10367(UY)     2.7529e-05     1.15e-05    3.79e+04      1.00       122
     2    2.0132e+07  N1(UY)         5.2904e-04  N10001(UY)     2.7982e-05     4.02e-05    1.32e+05      1.00       122
  ---------------------------------------------------------------------------------------------------------------------
  => Increment Converged. (Time: 11.75 s)
  Mesh quality WARNING: min det(J)=-9.763e-02  inverted=2  warped=79

     1    54     1       2       1     0.2104     0.0000     0.0000

  Nonlinear Iteration Summary (Newton-Raphson)
  ==========================================================================================================================
  Time increment dt: 1.000e-06
  Convergence Tol  : 1.0e-02 (Disp Ratio)     Max Iterations: 50
  --------------------------------------------------------------------------------------------------------------------------
  Iter   Max Res.Force  (Node/DOF)    Max Disp.Corr  (Node/DOF)    Max Disp.Incr  Disp.Ratio  Energy.Err  LS.alpha  TieNodes
  --------------------------------------------------------------------------------------------------------------------------
     1    2.0790e+07  N1(UY)         1.7564e-04  N10001(UY)     2.7214e-05     1.17e-05    9.04e+04      1.00       122
     2    2.0790e+07  N1(UY)         6.8022e-05  N10001(UY)     2.7218e-05     5.54e-06    7.46e+04      1.00       122
  ---------------------------------------------------------------------------------------------------------------------
  => Increment Converged. (Time: 12.62 s)
  Mesh quality WARNING: min det(J)=-9.764e-02  inverted=2  warped=79

     1    55     1       2       1     0.2104     0.0000     0.0000

  Nonlinear Iteration Summary (Newton-Raphson)
  ==========================================================================================================================
  Time increment dt: 1.000e-06
  Convergence Tol  : 1.0e-02 (Disp Ratio)     Max Iterations: 50
  --------------------------------------------------------------------------------------------------------------------------
  Iter   Max Res.Force  (Node/DOF)    Max Disp.Corr  (Node/DOF)    Max Disp.Incr  Disp.Ratio  Energy.Err  LS.alpha  TieNodes
  --------------------------------------------------------------------------------------------------------------------------
     1    2.1449e+07  N1(UY)         5.3015e-05  N10367(UY)     2.7206e-05     4.43e-06    6.18e+04      1.00       122
     2    2.1449e+07  N1(UY)         4.8290e-05  N10001(UY)     2.7206e-05     3.16e-06    3.32e+04      1.00       122
  ---------------------------------------------------------------------------------------------------------------------
  => Increment Converged. (Time: 11.93 s)
  Mesh quality WARNING: min det(J)=-9.764e-02  inverted=2  warped=79

     1    56     1       2       1     0.2104     0.0000     0.0000

  Nonlinear Iteration Summary (Newton-Raphson)
  ==========================================================================================================================
  Time increment dt: 1.000e-06
  Convergence Tol  : 1.0e-02 (Disp Ratio)     Max Iterations: 50
  --------------------------------------------------------------------------------------------------------------------------
  Iter   Max Res.Force  (Node/DOF)    Max Disp.Corr  (Node/DOF)    Max Disp.Incr  Disp.Ratio  Energy.Err  LS.alpha  TieNodes
  --------------------------------------------------------------------------------------------------------------------------
     1    2.2107e+07  N1(UY)         4.0168e-04  N10001(UY)     2.7442e-05     2.64e-05    2.40e+05      1.00       122
     2    2.2107e+07  N1(UY)         3.3925e-04  N10001(UY)     2.7694e-05     2.53e-05    1.03e+05      1.00       122
  ---------------------------------------------------------------------------------------------------------------------
  => Increment Converged. (Time: 10.78 s)
  Mesh quality WARNING: min det(J)=-9.765e-02  inverted=2  warped=79

     1    57     1       2       1     0.2104     0.0000     0.0000

  Nonlinear Iteration Summary (Newton-Raphson)
  ==========================================================================================================================
  Time increment dt: 1.000e-06
  Convergence Tol  : 1.0e-02 (Disp Ratio)     Max Iterations: 50
  --------------------------------------------------------------------------------------------------------------------------
  Iter   Max Res.Force  (Node/DOF)    Max Disp.Corr  (Node/DOF)    Max Disp.Incr  Disp.Ratio  Energy.Err  LS.alpha  TieNodes
  --------------------------------------------------------------------------------------------------------------------------
     1    2.2765e+07  N1(UY)         4.1937e-05  N10367(UY)     2.8129e-05     3.46e-06    5.12e+04      1.00       122
     2    2.2765e+07  N1(UY)         1.5050e-04  N10001(UY)     2.8163e-05     1.00e-05    8.30e+04      1.00       122
  ---------------------------------------------------------------------------------------------------------------------
  => Increment Converged. (Time: 12.24 s)
  Mesh quality WARNING: min det(J)=-9.766e-02  inverted=2  warped=79

     1    58     1       2       1     0.2104     0.0000     0.0000
            [AL] tie gap correction: 8 extra solve(s), final max_gap=0.3320mm

  [MONITOR] Step  26 | Time 0.2104s / 1.0s ( 21.0%)
            Fold Angle: Target +-  5.96deg | Actual [-5.96deg, +5.96deg]
            Plate Tips Y: Left= +3.51mm | Right= +3.51mm | Max Disp=  4.01mm
            Newton Iters:  1 | dt: 0.00004s
            [DIAGNOSTIC] display/plate max|u| ratio=1.0000 (display=3.680mm, plate=0.000mm)
            [DIAGNOSTIC] Real tie gap (not just active-pair count): DISPLAY_BOT_L_PLATE_L_TOP_TIE: max_gap=0.3320mm mean=0.2241mm n=61 | DISPLAY_BOT_R_PLATE_R_TOP_TIE: max_gap=0.3319mm mean=0.2241mm n=61

[PNG] Deformed shape saved: D:\PythonCodeStudy\WHT_DispFoldSolver\examples\ex12_final_folding_shape.png
----------------------------------------------------------------------------------------------------
Step 27 | Attempting time increment: dt = 0.00007s (t: 0.2104s -> 0.2105s)
----------------------------------------------------------------------------------------------------

  Nonlinear Iteration Summary (Newton-Raphson)
  ==========================================================================================================================
  Time increment dt: 6.592e-05
  Convergence Tol  : 1.0e-02 (Disp Ratio)     Max Iterations: 50
  --------------------------------------------------------------------------------------------------------------------------
  Iter   Max Res.Force  (Node/DOF)    Max Disp.Corr  (Node/DOF)    Max Disp.Incr  Disp.Ratio  Energy.Err  LS.alpha  TieNodes
  --------------------------------------------------------------------------------------------------------------------------
     1    2.3432e+07  N1(UY)         1.7384e-04  N10367(UY)     3.6976e-03     1.54e-05    9.47e+03      1.00       122
     2    2.3432e+07  N1(UY)         4.6555e-05  N10001(UY)     3.6976e-03     3.07e-06    2.87e+04      1.00       122
  ---------------------------------------------------------------------------------------------------------------------
  => Increment Converged. (Time: 10.72 s)
  Mesh quality WARNING: min det(J)=-9.819e-02  inverted=2  warped=78

     1    59     1       2       1     0.2105     0.0001     0.0001

  Nonlinear Iteration Summary (Newton-Raphson)
  ==========================================================================================================================
  Time increment dt: 1.000e-06
  Convergence Tol  : 1.0e-02 (Disp Ratio)     Max Iterations: 50
  --------------------------------------------------------------------------------------------------------------------------
  Iter   Max Res.Force  (Node/DOF)    Max Disp.Corr  (Node/DOF)    Max Disp.Incr  Disp.Ratio  Energy.Err  LS.alpha  TieNodes
  --------------------------------------------------------------------------------------------------------------------------
     1    2.4208e+07  N10(UY)        6.0063e-05  N10001(UY)     2.8797e-05     4.05e-06    5.49e+04      1.00       122
     2    2.4100e+07  N1(UY)         7.1610e-05  N10367(UY)     2.8795e-05     5.46e-06    2.08e+04      1.00       122
  ---------------------------------------------------------------------------------------------------------------------
  => Increment Converged. (Time: 10.91 s)
  Mesh quality WARNING: min det(J)=-9.819e-02  inverted=2  warped=78

     1    60     1       2       1     0.2105     0.0000     0.0000

  Nonlinear Iteration Summary (Newton-Raphson)
  ==========================================================================================================================
  Time increment dt: 1.000e-06
  Convergence Tol  : 1.0e-02 (Disp Ratio)     Max Iterations: 50
  --------------------------------------------------------------------------------------------------------------------------
  Iter   Max Res.Force  (Node/DOF)    Max Disp.Corr  (Node/DOF)    Max Disp.Incr  Disp.Ratio  Energy.Err  LS.alpha  TieNodes
  --------------------------------------------------------------------------------------------------------------------------
     1    2.4769e+07  N1(UY)         5.8879e-05  N10367(UY)     2.8806e-05     3.93e-06    5.35e+04      1.00       122
     2    2.4769e+07  N1(UY)         5.8534e-05  N10367(UY)     2.8803e-05     5.37e-06    8.72e+04      1.00       122
  ---------------------------------------------------------------------------------------------------------------------
  => Increment Converged. (Time: 11.90 s)
  Mesh quality WARNING: min det(J)=-9.820e-02  inverted=2  warped=78

     1    61     1       2       1     0.2105     0.0000     0.0000

  Nonlinear Iteration Summary (Newton-Raphson)
  ==========================================================================================================================
  Time increment dt: 1.000e-06
  Convergence Tol  : 1.0e-02 (Disp Ratio)     Max Iterations: 50
  --------------------------------------------------------------------------------------------------------------------------
  Iter   Max Res.Force  (Node/DOF)    Max Disp.Corr  (Node/DOF)    Max Disp.Incr  Disp.Ratio  Energy.Err  LS.alpha  TieNodes
  --------------------------------------------------------------------------------------------------------------------------
     1    2.5438e+07  N1(UY)         3.8098e-05  N10001(UY)     2.8815e-05     3.39e-06    5.65e+04      1.00       122
     2    2.5438e+07  N1(UY)         5.3606e-05  N10367(UY)     2.8815e-05     3.57e-06    4.94e+04      1.00       122
  ---------------------------------------------------------------------------------------------------------------------
  => Increment Converged. (Time: 11.24 s)
  Mesh quality WARNING: min det(J)=-9.821e-02  inverted=2  warped=78

     1    62     1       2       1     0.2105     0.0000     0.0000

  Nonlinear Iteration Summary (Newton-Raphson)
  ==========================================================================================================================
  Time increment dt: 1.000e-06
  Convergence Tol  : 1.0e-02 (Disp Ratio)     Max Iterations: 50
  --------------------------------------------------------------------------------------------------------------------------
  Iter   Max Res.Force  (Node/DOF)    Max Disp.Corr  (Node/DOF)    Max Disp.Incr  Disp.Ratio  Energy.Err  LS.alpha  TieNodes
  --------------------------------------------------------------------------------------------------------------------------
     1    2.6107e+07  N1(UY)         3.7560e-05  N10367(UY)     2.8872e-05     2.65e-06    4.18e+04      1.00       122
     2    2.6107e+07  N1(UY)         4.9754e-05  N10367(UY)     2.8872e-05     3.30e-06    4.63e+04      1.00       122
  ---------------------------------------------------------------------------------------------------------------------
  => Increment Converged. (Time: 10.82 s)
  Mesh quality WARNING: min det(J)=-9.822e-02  inverted=2  warped=78

     1    63     1       2       1     0.2105     0.0000     0.0000

  Nonlinear Iteration Summary (Newton-Raphson)
  ==========================================================================================================================
  Time increment dt: 1.000e-06
  Convergence Tol  : 1.0e-02 (Disp Ratio)     Max Iterations: 50
  --------------------------------------------------------------------------------------------------------------------------
  Iter   Max Res.Force  (Node/DOF)    Max Disp.Corr  (Node/DOF)    Max Disp.Incr  Disp.Ratio  Energy.Err  LS.alpha  TieNodes
  --------------------------------------------------------------------------------------------------------------------------
     1    2.6776e+07  N1(UY)         3.8068e-05  N10367(UY)     2.8927e-05     2.61e-06    4.06e+04      1.00       122
     2    2.6776e+07  N1(UY)         5.5107e-05  N10367(UY)     2.8926e-05     3.85e-06    6.15e+04      1.00       122
  ---------------------------------------------------------------------------------------------------------------------
  => Increment Converged. (Time: 11.79 s)
  Mesh quality WARNING: min det(J)=-9.823e-02  inverted=2  warped=78

     1    64     1       2       1     0.2105     0.0000     0.0000

  Nonlinear Iteration Summary (Newton-Raphson)
  ==========================================================================================================================
  Time increment dt: 1.000e-06
  Convergence Tol  : 1.0e-02 (Disp Ratio)     Max Iterations: 50
  --------------------------------------------------------------------------------------------------------------------------
  Iter   Max Res.Force  (Node/DOF)    Max Disp.Corr  (Node/DOF)    Max Disp.Incr  Disp.Ratio  Energy.Err  LS.alpha  TieNodes
  --------------------------------------------------------------------------------------------------------------------------
     1    2.7446e+07  N1(UY)         3.2683e-05  N10367(UY)     2.8939e-05     2.18e-06    3.25e+04      1.00       122
     2    2.7446e+07  N1(UY)         4.1120e-05  N10001(UY)     2.8939e-05     2.72e-06    4.00e+04      1.00       122
  ---------------------------------------------------------------------------------------------------------------------
  => Increment Converged. (Time: 10.90 s)
  Mesh quality WARNING: min det(J)=-9.823e-02  inverted=2  warped=78

     1    65     1       2       1     0.2105     0.0000     0.0000

  Nonlinear Iteration Summary (Newton-Raphson)
  ==========================================================================================================================
  Time increment dt: 1.000e-06
  Convergence Tol  : 1.0e-02 (Disp Ratio)     Max Iterations: 50
  --------------------------------------------------------------------------------------------------------------------------
  Iter   Max Res.Force  (Node/DOF)    Max Disp.Corr  (Node/DOF)    Max Disp.Incr  Disp.Ratio  Energy.Err  LS.alpha  TieNodes
  --------------------------------------------------------------------------------------------------------------------------
     1    2.8115e+07  N1(UY)         5.0986e-05  N10001(UY)     2.8949e-05     3.96e-06    7.13e+04      1.00       122
     2    2.8115e+07  N1(UY)         5.0672e-05  N10367(UY)     2.8944e-05     3.45e-06    5.57e+04      1.00       122
  ---------------------------------------------------------------------------------------------------------------------
  => Increment Converged. (Time: 10.89 s)
  Mesh quality WARNING: min det(J)=-9.824e-02  inverted=2  warped=78

     1    66     1       2       1     0.2105     0.0000     0.0000

  Nonlinear Iteration Summary (Newton-Raphson)
  ==========================================================================================================================
  Time increment dt: 1.000e-06
  Convergence Tol  : 1.0e-02 (Disp Ratio)     Max Iterations: 50
  --------------------------------------------------------------------------------------------------------------------------
  Iter   Max Res.Force  (Node/DOF)    Max Disp.Corr  (Node/DOF)    Max Disp.Incr  Disp.Ratio  Energy.Err  LS.alpha  TieNodes
  --------------------------------------------------------------------------------------------------------------------------
     1    2.8784e+07  N1(UY)         3.4416e-05  N10367(UY)     2.8961e-05     2.27e-06    3.40e+04      1.00       122
     2    2.8784e+07  N1(UY)         1.1081e-04  N10001(UY)     2.8941e-05     7.27e-06    8.73e+04      1.00       122
  ---------------------------------------------------------------------------------------------------------------------
  => Increment Converged. (Time: 11.25 s)
  Mesh quality WARNING: min det(J)=-9.825e-02  inverted=2  warped=78

     1    67     1       2       1     0.2105     0.0000     0.0000
            [AL] tie gap correction: 8 extra solve(s), final max_gap=0.3377mm

  [MONITOR] Step  27 | Time 0.2105s / 1.0s ( 21.1%)
            Fold Angle: Target +-  5.97deg | Actual [-5.97deg, +5.97deg]
            Plate Tips Y: Left= +3.52mm | Right= +3.52mm | Max Disp=  4.02mm
            Newton Iters:  1 | dt: 0.00007s
            [DIAGNOSTIC] display/plate max|u| ratio=1.0000 (display=3.678mm, plate=0.000mm)
            [DIAGNOSTIC] Real tie gap (not just active-pair count): DISPLAY_BOT_L_PLATE_L_TOP_TIE: max_gap=0.3377mm mean=0.2286mm n=61 | DISPLAY_BOT_R_PLATE_R_TOP_TIE: max_gap=0.3376mm mean=0.2285mm n=61

[PNG] Deformed shape saved: D:\PythonCodeStudy\WHT_DispFoldSolver\examples\ex12_final_folding_shape.png
----------------------------------------------------------------------------------------------------
Step 28 | Attempting time increment: dt = 0.00010s (t: 0.2105s -> 0.2106s)
----------------------------------------------------------------------------------------------------

  Nonlinear Iteration Summary (Newton-Raphson)
  ==========================================================================================================================
  Time increment dt: 9.888e-05
  Convergence Tol  : 1.0e-02 (Disp Ratio)     Max Iterations: 50
  --------------------------------------------------------------------------------------------------------------------------
  Iter   Max Res.Force  (Node/DOF)    Max Disp.Corr  (Node/DOF)    Max Disp.Incr  Disp.Ratio  Energy.Err  LS.alpha  TieNodes
  --------------------------------------------------------------------------------------------------------------------------
     1    2.9466e+07  N1(UY)         4.9674e-05  N10001(UY)     5.3496e-03     3.31e-06    3.58e+04      1.00       122
     2    2.9467e+07  N1(UY)         4.5221e-05  N10367(UY)     5.3496e-03     4.03e-06    7.78e+04      1.00       122
  ---------------------------------------------------------------------------------------------------------------------
  => Increment Converged. (Time: 10.91 s)
  Mesh quality WARNING: min det(J)=-9.898e-02  inverted=2  warped=77

     1    68     1       2       1     0.2106     0.0001     0.0001

  Nonlinear Iteration Summary (Newton-Raphson)
  ==========================================================================================================================
  Time increment dt: 1.000e-06
  Convergence Tol  : 1.0e-02 (Disp Ratio)     Max Iterations: 50
  --------------------------------------------------------------------------------------------------------------------------
  Iter   Max Res.Force  (Node/DOF)    Max Disp.Corr  (Node/DOF)    Max Disp.Incr  Disp.Ratio  Energy.Err  LS.alpha  TieNodes
  --------------------------------------------------------------------------------------------------------------------------
     1    3.0152e+07  N1(UY)         3.8811e-05  N10367(UY)     2.9961e-05     3.14e-06    6.14e+04      1.00       122
     2    3.0152e+07  N1(UY)         1.6922e-05  N10001(UY)     2.9961e-05     1.18e-06    2.14e+04      1.00       122
  ---------------------------------------------------------------------------------------------------------------------
  => Increment Converged. (Time: 11.58 s)
  Mesh quality WARNING: min det(J)=-9.899e-02  inverted=2  warped=77

     1    69     1       2       1     0.2106     0.0000     0.0000

  Nonlinear Iteration Summary (Newton-Raphson)
  ==========================================================================================================================
  Time increment dt: 1.000e-06
  Convergence Tol  : 1.0e-02 (Disp Ratio)     Max Iterations: 50
  --------------------------------------------------------------------------------------------------------------------------
  Iter   Max Res.Force  (Node/DOF)    Max Disp.Corr  (Node/DOF)    Max Disp.Incr  Disp.Ratio  Energy.Err  LS.alpha  TieNodes
  --------------------------------------------------------------------------------------------------------------------------
     1    3.0837e+07  N1(UY)         4.4358e-05  N10001(UY)     2.9970e-05     3.15e-06    5.91e+04      1.00       122
     2    3.0837e+07  N1(UY)         4.3212e-05  N10001(UY)     2.9970e-05     3.20e-06    6.20e+04      1.00       122
  ---------------------------------------------------------------------------------------------------------------------
  => Increment Converged. (Time: 10.54 s)
  Mesh quality WARNING: min det(J)=-9.899e-02  inverted=2  warped=77

     1    70     1       2       1     0.2106     0.0000     0.0000

  Nonlinear Iteration Summary (Newton-Raphson)
  ==========================================================================================================================
  Time increment dt: 1.000e-06
  Convergence Tol  : 1.0e-02 (Disp Ratio)     Max Iterations: 50
  --------------------------------------------------------------------------------------------------------------------------
  Iter   Max Res.Force  (Node/DOF)    Max Disp.Corr  (Node/DOF)    Max Disp.Incr  Disp.Ratio  Energy.Err  LS.alpha  TieNodes
  --------------------------------------------------------------------------------------------------------------------------
     1    3.1522e+07  N1(UY)         4.1746e-05  N10001(UY)     2.9980e-05     2.74e-06    3.64e+04      1.00       122
     2    3.1522e+07  N1(UY)         4.2419e-05  N10367(UY)     2.9979e-05     3.84e-06    7.96e+04      1.00       122
  ---------------------------------------------------------------------------------------------------------------------
  => Increment Converged. (Time: 11.01 s)
  Mesh quality WARNING: min det(J)=-9.900e-02  inverted=2  warped=77

     1    71     1       2       1     0.2106     0.0000     0.0000

  Nonlinear Iteration Summary (Newton-Raphson)
  ==========================================================================================================================
  Time increment dt: 1.000e-06
  Convergence Tol  : 1.0e-02 (Disp Ratio)     Max Iterations: 50
  --------------------------------------------------------------------------------------------------------------------------
  Iter   Max Res.Force  (Node/DOF)    Max Disp.Corr  (Node/DOF)    Max Disp.Incr  Disp.Ratio  Energy.Err  LS.alpha  TieNodes
  --------------------------------------------------------------------------------------------------------------------------
     1    3.2207e+07  N1(UY)         4.4141e-05  N10367(UY)     2.9990e-05     4.03e-06    8.53e+04      1.00       122
     2    3.2207e+07  N1(UY)         2.9804e-05  N10001(UY)     2.9990e-05     2.35e-06    4.88e+04      1.00       122
  ---------------------------------------------------------------------------------------------------------------------
  => Increment Converged. (Time: 13.77 s)
  Mesh quality WARNING: min det(J)=-9.901e-02  inverted=2  warped=77

     1    72     1       2       1     0.2106     0.0000     0.0000

  Nonlinear Iteration Summary (Newton-Raphson)
  ==========================================================================================================================
  Time increment dt: 1.000e-06
  Convergence Tol  : 1.0e-02 (Disp Ratio)     Max Iterations: 50
  --------------------------------------------------------------------------------------------------------------------------
  Iter   Max Res.Force  (Node/DOF)    Max Disp.Corr  (Node/DOF)    Max Disp.Incr  Disp.Ratio  Energy.Err  LS.alpha  TieNodes
  --------------------------------------------------------------------------------------------------------------------------
     1    3.2891e+07  N1(UY)         3.3731e-05  N10001(UY)     3.0000e-05     2.80e-06    6.00e+04      1.00       122
     2    3.2891e+07  N1(UY)         4.3348e-05  N10367(UY)     3.0000e-05     3.93e-06    8.50e+04      1.00       122
  ---------------------------------------------------------------------------------------------------------------------
  => Increment Converged. (Time: 13.34 s)
  Mesh quality WARNING: min det(J)=-9.901e-02  inverted=2  warped=77

     1    73     1       2       1     0.2106     0.0000     0.0000

  Nonlinear Iteration Summary (Newton-Raphson)
  ==========================================================================================================================
  Time increment dt: 1.000e-06
  Convergence Tol  : 1.0e-02 (Disp Ratio)     Max Iterations: 50
  --------------------------------------------------------------------------------------------------------------------------
  Iter   Max Res.Force  (Node/DOF)    Max Disp.Corr  (Node/DOF)    Max Disp.Incr  Disp.Ratio  Energy.Err  LS.alpha  TieNodes
  --------------------------------------------------------------------------------------------------------------------------
     1    3.3576e+07  N1(UY)         3.0517e-05  N10001(UY)     3.0010e-05     2.46e-06    5.35e+04      1.00       122
     2    3.3576e+07  N1(UY)         3.6618e-05  N10001(UY)     3.0010e-05     3.16e-06    6.97e+04      1.00       122
  ---------------------------------------------------------------------------------------------------------------------
  => Increment Converged. (Time: 14.24 s)
  Mesh quality WARNING: min det(J)=-9.902e-02  inverted=2  warped=77

     1    74     1       2       1     0.2106     0.0000     0.0000

  Nonlinear Iteration Summary (Newton-Raphson)
  ==========================================================================================================================
  Time increment dt: 1.000e-06
  Convergence Tol  : 1.0e-02 (Disp Ratio)     Max Iterations: 50
  --------------------------------------------------------------------------------------------------------------------------
  Iter   Max Res.Force  (Node/DOF)    Max Disp.Corr  (Node/DOF)    Max Disp.Incr  Disp.Ratio  Energy.Err  LS.alpha  TieNodes
  --------------------------------------------------------------------------------------------------------------------------
     1    3.4261e+07  N1(UY)         2.6512e-05  N10001(UY)     3.0020e-05     2.07e-06    4.55e+04      1.00       122
     2    3.4261e+07  N1(UY)         5.6145e-06  N10001(UY)     3.0020e-05     3.70e-07    6.65e+03      1.00       122
  ---------------------------------------------------------------------------------------------------------------------
  => Increment Converged. (Time: 14.07 s)
  Mesh quality WARNING: min det(J)=-9.903e-02  inverted=2  warped=77

     1    75     1       2       1     0.2106     0.0000     0.0000

  Nonlinear Iteration Summary (Newton-Raphson)
  ==========================================================================================================================
  Time increment dt: 1.000e-06
  Convergence Tol  : 1.0e-02 (Disp Ratio)     Max Iterations: 50
  --------------------------------------------------------------------------------------------------------------------------
  Iter   Max Res.Force  (Node/DOF)    Max Disp.Corr  (Node/DOF)    Max Disp.Incr  Disp.Ratio  Energy.Err  LS.alpha  TieNodes
  --------------------------------------------------------------------------------------------------------------------------
     1    3.4946e+07  N1(UY)         3.9878e-05  N10367(UY)     3.0030e-05     3.52e-06    8.08e+04      1.00       122
     2    3.4946e+07  N1(UY)         2.9851e-05  N10001(UY)     3.0030e-05     2.42e-06    5.49e+04      1.00       122
  ---------------------------------------------------------------------------------------------------------------------
  => Increment Converged. (Time: 13.15 s)
  Mesh quality WARNING: min det(J)=-9.904e-02  inverted=2  warped=77

     1    76     1       2       1     0.2106     0.0000     0.0000
            [AL] tie gap correction: 8 extra solve(s), final max_gap=0.3459mm

  [MONITOR] Step  28 | Time 0.2106s / 1.0s ( 21.1%)
            Fold Angle: Target +-  5.98deg | Actual [-5.98deg, +5.98deg]
            Plate Tips Y: Left= +3.52mm | Right= +3.52mm | Max Disp=  4.02mm
            Newton Iters:  1 | dt: 0.00010s
            [DIAGNOSTIC] display/plate max|u| ratio=1.0000 (display=3.676mm, plate=0.000mm)
            [DIAGNOSTIC] Real tie gap (not just active-pair count): DISPLAY_BOT_L_PLATE_L_TOP_TIE: max_gap=0.3458mm mean=0.2349mm n=61 | DISPLAY_BOT_R_PLATE_R_TOP_TIE: max_gap=0.3459mm mean=0.2349mm n=61

[PNG] Deformed shape saved: D:\PythonCodeStudy\WHT_DispFoldSolver\examples\ex12_final_folding_shape.png
----------------------------------------------------------------------------------------------------
Step 29 | Attempting time increment: dt = 0.00015s (t: 0.2106s -> 0.2108s)
----------------------------------------------------------------------------------------------------

  Nonlinear Iteration Summary (Newton-Raphson)
  ==========================================================================================================================
  Time increment dt: 1.483e-04
  Convergence Tol  : 1.0e-02 (Disp Ratio)     Max Iterations: 50
  --------------------------------------------------------------------------------------------------------------------------
  Iter   Max Res.Force  (Node/DOF)    Max Disp.Corr  (Node/DOF)    Max Disp.Incr  Disp.Ratio  Energy.Err  LS.alpha  TieNodes
  --------------------------------------------------------------------------------------------------------------------------
     1    3.5637e+07  N1(UY)         2.0810e-05  N10367(UY)     7.8312e-03     1.53e-06    3.41e+04      1.00       122
     2    3.5643e+07  N1(UY)         4.0745e-05  N10367(UY)     7.8312e-03     2.70e-06    3.70e+04      1.00       122
  ---------------------------------------------------------------------------------------------------------------------
  => Increment Converged. (Time: 12.23 s)
  Mesh quality WARNING: min det(J)=-9.952e-02  inverted=2  warped=78

     1    77     1       2       1     0.2108     0.0001     0.0001

  Nonlinear Iteration Summary (Newton-Raphson)
  ==========================================================================================================================
  Time increment dt: 1.000e-06
  Convergence Tol  : 1.0e-02 (Disp Ratio)     Max Iterations: 50
  --------------------------------------------------------------------------------------------------------------------------
  Iter   Max Res.Force  (Node/DOF)    Max Disp.Corr  (Node/DOF)    Max Disp.Incr  Disp.Ratio  Energy.Err  LS.alpha  TieNodes
  --------------------------------------------------------------------------------------------------------------------------
     1    3.6346e+07  N1(UY)         3.2319e-05  N10367(UY)     1.7378e-06     2.72e-06    6.47e+04      1.00       122
     2    3.6346e+07  N1(UY)         4.2240e-05  N10367(UY)     1.7370e-06     2.79e-06    5.33e+04      1.00       122
  ---------------------------------------------------------------------------------------------------------------------
  => Increment Converged. (Time: 13.20 s)
  Mesh quality WARNING: min det(J)=-9.952e-02  inverted=2  warped=78

     1    78     1       2       1     0.2108     0.0000     0.0000

  Nonlinear Iteration Summary (Newton-Raphson)
  ==========================================================================================================================
  Time increment dt: 1.000e-06
  Convergence Tol  : 1.0e-02 (Disp Ratio)     Max Iterations: 50
  --------------------------------------------------------------------------------------------------------------------------
  Iter   Max Res.Force  (Node/DOF)    Max Disp.Corr  (Node/DOF)    Max Disp.Incr  Disp.Ratio  Energy.Err  LS.alpha  TieNodes
  --------------------------------------------------------------------------------------------------------------------------
     1    3.7051e+07  N2(UY)         4.3405e-05  N10367(UY)     1.7288e-06     2.85e-06    5.39e+04      1.00       122
     2    3.7051e+07  N2(UY)         4.5017e-05  N10367(UY)     1.7270e-06     2.97e-06    5.76e+04      1.00       122
  ---------------------------------------------------------------------------------------------------------------------
  => Increment Converged. (Time: 12.90 s)
  Mesh quality WARNING: min det(J)=-9.952e-02  inverted=2  warped=78

     1    79     1       2       1     0.2108     0.0000     0.0000

  Nonlinear Iteration Summary (Newton-Raphson)
  ==========================================================================================================================
  Time increment dt: 1.000e-06
  Convergence Tol  : 1.0e-02 (Disp Ratio)     Max Iterations: 50
  --------------------------------------------------------------------------------------------------------------------------
  Iter   Max Res.Force  (Node/DOF)    Max Disp.Corr  (Node/DOF)    Max Disp.Incr  Disp.Ratio  Energy.Err  LS.alpha  TieNodes
  --------------------------------------------------------------------------------------------------------------------------
     1    3.7756e+07  N2(UY)         2.9209e-05  N10367(UY)     1.7210e-06     2.38e-06    5.86e+04      1.00       122
     2    3.7756e+07  N2(UY)         3.6770e-05  N10367(UY)     1.7226e-06     2.42e-06    4.75e+04      1.00       122
  ---------------------------------------------------------------------------------------------------------------------
  => Increment Converged. (Time: 12.02 s)
  Mesh quality WARNING: min det(J)=-9.952e-02  inverted=2  warped=78

     1    80     1       2       1     0.2108     0.0000     0.0000

  Nonlinear Iteration Summary (Newton-Raphson)
  ==========================================================================================================================
  Time increment dt: 1.000e-06
  Convergence Tol  : 1.0e-02 (Disp Ratio)     Max Iterations: 50
  --------------------------------------------------------------------------------------------------------------------------
  Iter   Max Res.Force  (Node/DOF)    Max Disp.Corr  (Node/DOF)    Max Disp.Incr  Disp.Ratio  Energy.Err  LS.alpha  TieNodes
  --------------------------------------------------------------------------------------------------------------------------
     1    3.8462e+07  N143(UY)       3.7115e-05  N10367(UY)     1.7142e-06     2.45e-06    4.96e+04      1.00       122
     2    3.8462e+07  N143(UY)       3.6677e-05  N10001(UY)     1.7494e-06     3.38e-06    8.57e+04      1.00       122
  ---------------------------------------------------------------------------------------------------------------------
  => Increment Converged. (Time: 13.85 s)
  Mesh quality WARNING: min det(J)=-9.952e-02  inverted=2  warped=78

     1    81     1       2       1     0.2108     0.0000     0.0000

  Nonlinear Iteration Summary (Newton-Raphson)
  ==========================================================================================================================
  Time increment dt: 1.000e-06
  Convergence Tol  : 1.0e-02 (Disp Ratio)     Max Iterations: 50
  --------------------------------------------------------------------------------------------------------------------------
  Iter   Max Res.Force  (Node/DOF)    Max Disp.Corr  (Node/DOF)    Max Disp.Incr  Disp.Ratio  Energy.Err  LS.alpha  TieNodes
  --------------------------------------------------------------------------------------------------------------------------
     1    3.9167e+07  N143(UY)       3.6498e-05  N10367(UY)     1.7672e-06     3.34e-06    8.61e+04      1.00       122
     2    3.9167e+07  N143(UY)       3.4830e-05  N10367(UY)     1.8261e-06     2.40e-06    2.77e+04      1.00       122
  ---------------------------------------------------------------------------------------------------------------------
  => Increment Converged. (Time: 12.47 s)
  Mesh quality WARNING: min det(J)=-9.952e-02  inverted=2  warped=78

     1    82     1       2       1     0.2108     0.0000     0.0000

  Nonlinear Iteration Summary (Newton-Raphson)
  ==========================================================================================================================
  Time increment dt: 1.000e-06
  Convergence Tol  : 1.0e-02 (Disp Ratio)     Max Iterations: 50
  --------------------------------------------------------------------------------------------------------------------------
  Iter   Max Res.Force  (Node/DOF)    Max Disp.Corr  (Node/DOF)    Max Disp.Incr  Disp.Ratio  Energy.Err  LS.alpha  TieNodes
  --------------------------------------------------------------------------------------------------------------------------
     1    3.9873e+07  N143(UY)       3.4306e-05  N10367(UY)     1.8537e-06     2.87e-06    7.48e+04      1.00       122
     2    3.9873e+07  N143(UY)       3.5771e-05  N10367(UY)     1.7923e-06     2.35e-06    3.82e+04      1.00       122
  ---------------------------------------------------------------------------------------------------------------------
  => Increment Converged. (Time: 12.35 s)
  Mesh quality WARNING: min det(J)=-9.952e-02  inverted=2  warped=78

     1    83     1       2       1     0.2108     0.0000     0.0000

  Nonlinear Iteration Summary (Newton-Raphson)
  ==========================================================================================================================
  Time increment dt: 1.000e-06
  Convergence Tol  : 1.0e-02 (Disp Ratio)     Max Iterations: 50
  --------------------------------------------------------------------------------------------------------------------------
  Iter   Max Res.Force  (Node/DOF)    Max Disp.Corr  (Node/DOF)    Max Disp.Incr  Disp.Ratio  Energy.Err  LS.alpha  TieNodes
  --------------------------------------------------------------------------------------------------------------------------
     1    4.0578e+07  N143(UY)       3.4639e-05  N10367(UY)     1.8698e-06     2.82e-06    1.11e+04      1.00       122
     2    4.0578e+07  N143(UY)       3.1319e-05  N10001(UY)     1.9169e-06     2.78e-06    3.01e+03      1.00       122
  ---------------------------------------------------------------------------------------------------------------------
  => Increment Converged. (Time: 12.01 s)
  Mesh quality WARNING: min det(J)=-9.952e-02  inverted=2  warped=78

     1    84     1       2       1     0.2108     0.0000     0.0000

  Nonlinear Iteration Summary (Newton-Raphson)
  ==========================================================================================================================
  Time increment dt: 1.000e-06
  Convergence Tol  : 1.0e-02 (Disp Ratio)     Max Iterations: 50
  --------------------------------------------------------------------------------------------------------------------------
  Iter   Max Res.Force  (Node/DOF)    Max Disp.Corr  (Node/DOF)    Max Disp.Incr  Disp.Ratio  Energy.Err  LS.alpha  TieNodes
  --------------------------------------------------------------------------------------------------------------------------
     1    4.1284e+07  N143(UY)       3.3494e-05  N10367(UY)     1.8789e-06     2.19e-06    4.53e+04      1.00       122
     2    4.1284e+07  N143(UY)       7.0674e-06  N10001(UY)     1.8795e-06     4.72e-07    1.08e+04      1.00       122
  ---------------------------------------------------------------------------------------------------------------------
  => Increment Converged. (Time: 12.87 s)
  Mesh quality WARNING: min det(J)=-9.952e-02  inverted=2  warped=78

     1    85     1       2       1     0.2108     0.0000     0.0000
            [AL] tie gap correction: 8 extra solve(s), final max_gap=0.3557mm

  [MONITOR] Step  29 | Time 0.2108s / 1.0s ( 21.1%)
            Fold Angle: Target +-  5.99deg | Actual [-5.99deg, +5.99deg]
            Plate Tips Y: Left= +3.53mm | Right= +3.53mm | Max Disp=  4.03mm
            Newton Iters:  1 | dt: 0.00015s
            [DIAGNOSTIC] display/plate max|u| ratio=1.0000 (display=3.674mm, plate=0.000mm)
            [DIAGNOSTIC] Real tie gap (not just active-pair count): DISPLAY_BOT_L_PLATE_L_TOP_TIE: max_gap=0.3556mm mean=0.2419mm n=61 | DISPLAY_BOT_R_PLATE_R_TOP_TIE: max_gap=0.3557mm mean=0.2420mm n=61

[PNG] Deformed shape saved: D:\PythonCodeStudy\WHT_DispFoldSolver\examples\ex12_final_folding_shape.png
----------------------------------------------------------------------------------------------------
Step 30 | Attempting time increment: dt = 0.00022s (t: 0.2108s -> 0.2110s)
----------------------------------------------------------------------------------------------------

  Nonlinear Iteration Summary (Newton-Raphson)
  ==========================================================================================================================
  Time increment dt: 2.225e-04
  Convergence Tol  : 1.0e-02 (Disp Ratio)     Max Iterations: 50
  --------------------------------------------------------------------------------------------------------------------------
  Iter   Max Res.Force  (Node/DOF)    Max Disp.Corr  (Node/DOF)    Max Disp.Incr  Disp.Ratio  Energy.Err  LS.alpha  TieNodes
  --------------------------------------------------------------------------------------------------------------------------
     1    4.2007e+07  N143(UY)       1.0910e-04  N10367(UY)     1.1562e-02     8.20e-06    6.00e+04      1.00       122
     2    4.2007e+07  N143(UY)       3.3526e-05  N10001(UY)     1.1562e-02     2.65e-06    7.22e+04      1.00       122
  ---------------------------------------------------------------------------------------------------------------------
  => Increment Converged. (Time: 10.91 s)
  Mesh quality WARNING: min det(J)=-9.940e-02  inverted=2  warped=79

     1    86     1       2       1     0.2110     0.0002     0.0002

  Nonlinear Iteration Summary (Newton-Raphson)
  ==========================================================================================================================
  Time increment dt: 1.000e-06
  Convergence Tol  : 1.0e-02 (Disp Ratio)     Max Iterations: 50
  --------------------------------------------------------------------------------------------------------------------------
  Iter   Max Res.Force  (Node/DOF)    Max Disp.Corr  (Node/DOF)    Max Disp.Incr  Disp.Ratio  Energy.Err  LS.alpha  TieNodes
  --------------------------------------------------------------------------------------------------------------------------
     1    4.2735e+07  N143(UY)       3.6189e-05  N10367(UY)     4.1383e-06     2.42e-06    3.65e+04      1.00       122
     2    4.2735e+07  N143(UY)       7.0754e-06  N10367(UY)     4.1384e-06     4.70e-07    1.09e+04      1.00       122
  ---------------------------------------------------------------------------------------------------------------------
  => Increment Converged. (Time: 10.86 s)
  Mesh quality WARNING: min det(J)=-9.940e-02  inverted=2  warped=79

     1    87     1       2       1     0.2110     0.0000     0.0000

  Nonlinear Iteration Summary (Newton-Raphson)
  ==========================================================================================================================
  Time increment dt: 1.000e-06
  Convergence Tol  : 1.0e-02 (Disp Ratio)     Max Iterations: 50
  --------------------------------------------------------------------------------------------------------------------------
  Iter   Max Res.Force  (Node/DOF)    Max Disp.Corr  (Node/DOF)    Max Disp.Incr  Disp.Ratio  Energy.Err  LS.alpha  TieNodes
  --------------------------------------------------------------------------------------------------------------------------
     1    4.3463e+07  N143(UY)       4.9305e-05  N10367(UY)     4.1489e-06     3.25e-06    7.49e+04      1.00       122
     2    4.3463e+07  N143(UY)       3.1778e-05  N10001(UY)     4.1477e-06     2.63e-06    7.48e+04      1.00       122
  ---------------------------------------------------------------------------------------------------------------------
  => Increment Converged. (Time: 10.63 s)
  Mesh quality WARNING: min det(J)=-9.940e-02  inverted=2  warped=79

     1    88     1       2       1     0.2110     0.0000     0.0000

  Nonlinear Iteration Summary (Newton-Raphson)
  ==========================================================================================================================
  Time increment dt: 1.000e-06
  Convergence Tol  : 1.0e-02 (Disp Ratio)     Max Iterations: 50
  --------------------------------------------------------------------------------------------------------------------------
  Iter   Max Res.Force  (Node/DOF)    Max Disp.Corr  (Node/DOF)    Max Disp.Incr  Disp.Ratio  Energy.Err  LS.alpha  TieNodes
  --------------------------------------------------------------------------------------------------------------------------
     1    4.4191e+07  N143(UY)       3.3026e-05  N10001(UY)     4.1506e-06     2.20e-06    3.57e+04      1.00       122
     2    4.4191e+07  N143(UY)       6.7156e-05  N10001(UY)     4.1399e-06     4.94e-06    1.37e+05      1.00       122
  ---------------------------------------------------------------------------------------------------------------------
  => Increment Converged. (Time: 10.12 s)
  Mesh quality WARNING: min det(J)=-9.940e-02  inverted=2  warped=79

     1    89     1       2       1     0.2110     0.0000     0.0000

  Nonlinear Iteration Summary (Newton-Raphson)
  ==========================================================================================================================
  Time increment dt: 1.000e-06
  Convergence Tol  : 1.0e-02 (Disp Ratio)     Max Iterations: 50
  --------------------------------------------------------------------------------------------------------------------------
  Iter   Max Res.Force  (Node/DOF)    Max Disp.Corr  (Node/DOF)    Max Disp.Incr  Disp.Ratio  Energy.Err  LS.alpha  TieNodes
  --------------------------------------------------------------------------------------------------------------------------
     1    4.4919e+07  N143(UY)       3.1221e-05  N10001(UY)     4.1411e-06     2.05e-06    3.91e+04      1.00       122
     2    4.4919e+07  N143(UY)       2.6064e-05  N10001(UY)     4.1406e-06     1.72e-06    4.14e+04      1.00       122
  ---------------------------------------------------------------------------------------------------------------------
  => Increment Converged. (Time: 11.64 s)
  Mesh quality WARNING: min det(J)=-9.940e-02  inverted=2  warped=79

     1    90     1       2       1     0.2110     0.0000     0.0000

  Nonlinear Iteration Summary (Newton-Raphson)
  ==========================================================================================================================
  Time increment dt: 1.000e-06
  Convergence Tol  : 1.0e-02 (Disp Ratio)     Max Iterations: 50
  --------------------------------------------------------------------------------------------------------------------------
  Iter   Max Res.Force  (Node/DOF)    Max Disp.Corr  (Node/DOF)    Max Disp.Incr  Disp.Ratio  Energy.Err  LS.alpha  TieNodes
  --------------------------------------------------------------------------------------------------------------------------
     1    4.5647e+07  N143(UY)       1.0604e-05  N10001(UY)     4.1291e-06     6.93e-07    1.54e+04      1.00       122
     2    4.5647e+07  N143(UY)       9.4882e-06  N10001(UY)     4.1291e-06     6.20e-07    1.36e+04      1.00       122
  ---------------------------------------------------------------------------------------------------------------------
  => Increment Converged. (Time: 10.75 s)
  Mesh quality WARNING: min det(J)=-9.940e-02  inverted=2  warped=79

     1    91     1       2       1     0.2110     0.0000     0.0000

  Nonlinear Iteration Summary (Newton-Raphson)
  ==========================================================================================================================
  Time increment dt: 1.000e-06
  Convergence Tol  : 1.0e-02 (Disp Ratio)     Max Iterations: 50
  --------------------------------------------------------------------------------------------------------------------------
  Iter   Max Res.Force  (Node/DOF)    Max Disp.Corr  (Node/DOF)    Max Disp.Incr  Disp.Ratio  Energy.Err  LS.alpha  TieNodes
  --------------------------------------------------------------------------------------------------------------------------
     1    4.6376e+07  N143(UY)       1.1535e-05  N10001(UY)     4.1197e-06     7.56e-07    1.77e+04      1.00       122
     2    4.6376e+07  N143(UY)       3.4581e-05  N10001(UY)     4.1175e-06     2.27e-06    4.41e+04      1.00       122
  ---------------------------------------------------------------------------------------------------------------------
  => Increment Converged. (Time: 12.91 s)
  Mesh quality WARNING: min det(J)=-9.940e-02  inverted=2  warped=79

     1    92     1       2       1     0.2110     0.0000     0.0000

  Nonlinear Iteration Summary (Newton-Raphson)
  ==========================================================================================================================
  Time increment dt: 1.000e-06
  Convergence Tol  : 1.0e-02 (Disp Ratio)     Max Iterations: 50
  --------------------------------------------------------------------------------------------------------------------------
  Iter   Max Res.Force  (Node/DOF)    Max Disp.Corr  (Node/DOF)    Max Disp.Incr  Disp.Ratio  Energy.Err  LS.alpha  TieNodes
  --------------------------------------------------------------------------------------------------------------------------
     1    4.7104e+07  N143(UY)       2.7333e-05  N10001(UY)     4.1099e-06     1.79e-06    4.21e+04      1.00       122
     2    4.7104e+07  N143(UY)       3.1059e-05  N10001(UY)     4.1199e-06     2.04e-06    4.07e+04      1.00       122
  ---------------------------------------------------------------------------------------------------------------------
  => Increment Converged. (Time: 11.05 s)
  Mesh quality WARNING: min det(J)=-9.940e-02  inverted=2  warped=79

     1    93     1       2       1     0.2110     0.0000     0.0000

  Nonlinear Iteration Summary (Newton-Raphson)
  ==========================================================================================================================
  Time increment dt: 1.000e-06
  Convergence Tol  : 1.0e-02 (Disp Ratio)     Max Iterations: 50
  --------------------------------------------------------------------------------------------------------------------------
  Iter   Max Res.Force  (Node/DOF)    Max Disp.Corr  (Node/DOF)    Max Disp.Incr  Disp.Ratio  Energy.Err  LS.alpha  TieNodes
  --------------------------------------------------------------------------------------------------------------------------
     1    4.7832e+07  N143(UY)       3.0505e-05  N10001(UY)     4.0910e-06     2.00e-06    4.06e+04      1.00       122
     2    4.7832e+07  N143(UY)       2.8202e-05  N10001(UY)     4.0938e-06     2.20e-06    6.80e+04      1.00       122
  ---------------------------------------------------------------------------------------------------------------------
  => Increment Converged. (Time: 16.76 s)
  Mesh quality WARNING: min det(J)=-9.940e-02  inverted=2  warped=79

     1    94     1       2       1     0.2110     0.0000     0.0000
            [AL] tie gap correction: 8 extra solve(s), final max_gap=0.3671mm

  [MONITOR] Step  30 | Time 0.2110s / 1.0s ( 21.1%)
            Fold Angle: Target +-  6.00deg | Actual [-6.00deg, +6.00deg]
            Plate Tips Y: Left= +3.54mm | Right= +3.54mm | Max Disp=  4.04mm
            Newton Iters:  1 | dt: 0.00022s
            [DIAGNOSTIC] display/plate max|u| ratio=1.0000 (display=3.674mm, plate=0.000mm)
            [DIAGNOSTIC] Real tie gap (not just active-pair count): DISPLAY_BOT_L_PLATE_L_TOP_TIE: max_gap=0.3669mm mean=0.2493mm n=61 | DISPLAY_BOT_R_PLATE_R_TOP_TIE: max_gap=0.3671mm mean=0.2495mm n=61
            [DIAGNOSTIC] Hinge curvature: max_curv_ratio=3.83 kink_detected=False

[PNG] Deformed shape saved: D:\PythonCodeStudy\WHT_DispFoldSolver\examples\ex12_final_folding_shape.png
----------------------------------------------------------------------------------------------------
Step 31 | Attempting time increment: dt = 0.00033s (t: 0.2110s -> 0.2113s)
----------------------------------------------------------------------------------------------------

  Nonlinear Iteration Summary (Newton-Raphson)
  ==========================================================================================================================
  Time increment dt: 3.337e-04
  Convergence Tol  : 1.0e-02 (Disp Ratio)     Max Iterations: 50
  --------------------------------------------------------------------------------------------------------------------------
  Iter   Max Res.Force  (Node/DOF)    Max Disp.Corr  (Node/DOF)    Max Disp.Incr  Disp.Ratio  Energy.Err  LS.alpha  TieNodes
  --------------------------------------------------------------------------------------------------------------------------
     1    4.8572e+07  N143(UY)       2.5734e-05  N10367(UY)     1.7175e-02     2.26e-06    7.26e+04      1.00       122
     2    4.8585e+07  N143(UY)       3.0191e-05  N10001(UY)     1.7175e-02     2.25e-06    6.96e+04      1.00       122
  ---------------------------------------------------------------------------------------------------------------------
  => Increment Converged. (Time: 12.67 s)
  Mesh quality WARNING: min det(J)=-9.910e-02  inverted=2  warped=79

     1    95     1       2       1     0.2113     0.0003     0.0003

  Nonlinear Iteration Summary (Newton-Raphson)
  ==========================================================================================================================
  Time increment dt: 1.000e-06
  Convergence Tol  : 1.0e-02 (Disp Ratio)     Max Iterations: 50
  --------------------------------------------------------------------------------------------------------------------------
  Iter   Max Res.Force  (Node/DOF)    Max Disp.Corr  (Node/DOF)    Max Disp.Incr  Disp.Ratio  Energy.Err  LS.alpha  TieNodes
  --------------------------------------------------------------------------------------------------------------------------
     1    4.9346e+07  N143(UY)       2.7842e-05  N10001(UY)     1.8355e-06     2.36e-06    7.67e+04      1.00       122
     2    4.9346e+07  N143(UY)       2.6371e-05  N10367(UY)     1.8507e-06     2.35e-06    7.65e+04      1.00       122
  ---------------------------------------------------------------------------------------------------------------------
  => Increment Converged. (Time: 13.51 s)
  Mesh quality WARNING: min det(J)=-9.910e-02  inverted=2  warped=79

     1    96     1       2       1     0.2113     0.0000     0.0000

  Nonlinear Iteration Summary (Newton-Raphson)
  ==========================================================================================================================
  Time increment dt: 1.000e-06
  Convergence Tol  : 1.0e-02 (Disp Ratio)     Max Iterations: 50
  --------------------------------------------------------------------------------------------------------------------------
  Iter   Max Res.Force  (Node/DOF)    Max Disp.Corr  (Node/DOF)    Max Disp.Incr  Disp.Ratio  Energy.Err  LS.alpha  TieNodes
  --------------------------------------------------------------------------------------------------------------------------
     1    5.0107e+07  N143(UY)       2.1460e-05  N10001(UY)     1.8470e-06     1.75e-06    5.72e+04      1.00       122
     2    5.0107e+07  N143(UY)       2.3185e-05  N10001(UY)     1.8484e-06     1.85e-06    6.05e+04      1.00       122
  ---------------------------------------------------------------------------------------------------------------------
  => Increment Converged. (Time: 13.42 s)
  Mesh quality WARNING: min det(J)=-9.910e-02  inverted=2  warped=79

     1    97     1       2       1     0.2113     0.0000     0.0000

  Nonlinear Iteration Summary (Newton-Raphson)
  ==========================================================================================================================
  Time increment dt: 1.000e-06
  Convergence Tol  : 1.0e-02 (Disp Ratio)     Max Iterations: 50
  --------------------------------------------------------------------------------------------------------------------------
  Iter   Max Res.Force  (Node/DOF)    Max Disp.Corr  (Node/DOF)    Max Disp.Incr  Disp.Ratio  Energy.Err  LS.alpha  TieNodes
  --------------------------------------------------------------------------------------------------------------------------
     1    5.0868e+07  N143(UY)       2.6320e-05  N10001(UY)     1.8588e-06     2.08e-06    6.88e+04      1.00       122
     2    5.0868e+07  N143(UY)       8.9612e-06  N10367(UY)     1.8588e-06     6.17e-07    1.86e+04      1.00       122
  ---------------------------------------------------------------------------------------------------------------------
  => Increment Converged. (Time: 11.20 s)
  Mesh quality WARNING: min det(J)=-9.910e-02  inverted=2  warped=79

     1    98     1       2       1     0.2113     0.0000     0.0000

  Nonlinear Iteration Summary (Newton-Raphson)
  ==========================================================================================================================
  Time increment dt: 1.000e-06
  Convergence Tol  : 1.0e-02 (Disp Ratio)     Max Iterations: 50
  --------------------------------------------------------------------------------------------------------------------------
  Iter   Max Res.Force  (Node/DOF)    Max Disp.Corr  (Node/DOF)    Max Disp.Incr  Disp.Ratio  Energy.Err  LS.alpha  TieNodes
  --------------------------------------------------------------------------------------------------------------------------
     1    5.1629e+07  N143(UY)       2.5732e-05  N10001(UY)     1.8699e-06     2.28e-06    7.78e+04      1.00       122
     2    5.1629e+07  N143(UY)       5.2904e-06  N10367(UY)     1.8699e-06     3.56e-07    6.18e+03      1.00       122
  ---------------------------------------------------------------------------------------------------------------------
  => Increment Converged. (Time: 10.40 s)
  Mesh quality WARNING: min det(J)=-9.910e-02  inverted=2  warped=79

     1    99     1       2       1     0.2113     0.0000     0.0000

  Nonlinear Iteration Summary (Newton-Raphson)
  ==========================================================================================================================
  Time increment dt: 1.000e-06
  Convergence Tol  : 1.0e-02 (Disp Ratio)     Max Iterations: 50
  --------------------------------------------------------------------------------------------------------------------------
  Iter   Max Res.Force  (Node/DOF)    Max Disp.Corr  (Node/DOF)    Max Disp.Incr  Disp.Ratio  Energy.Err  LS.alpha  TieNodes
  --------------------------------------------------------------------------------------------------------------------------
     1    5.2390e+07  N143(UY)       2.3517e-05  N10001(UY)     1.8812e-06     2.01e-06    6.92e+04      1.00       122
     2    5.2390e+07  N143(UY)       2.4648e-05  N10367(UY)     1.8821e-06     2.27e-06    7.85e+04      1.00       122
  ---------------------------------------------------------------------------------------------------------------------
  => Increment Converged. (Time: 12.08 s)
  Mesh quality WARNING: min det(J)=-9.910e-02  inverted=2  warped=79

     1   100     1       2       1     0.2113     0.0000     0.0000

  Nonlinear Iteration Summary (Newton-Raphson)
  ==========================================================================================================================
  Time increment dt: 1.000e-06
  Convergence Tol  : 1.0e-02 (Disp Ratio)     Max Iterations: 50
  --------------------------------------------------------------------------------------------------------------------------
  Iter   Max Res.Force  (Node/DOF)    Max Disp.Corr  (Node/DOF)    Max Disp.Incr  Disp.Ratio  Energy.Err  LS.alpha  TieNodes
  --------------------------------------------------------------------------------------------------------------------------
     1    5.3151e+07  N143(UY)       1.7381e-05  N10001(UY)     1.8923e-06     1.36e-06    4.68e+04      1.00       122
     2    5.3151e+07  N143(UY)       2.4656e-05  N10001(UY)     1.8938e-06     2.14e-06    7.50e+04      1.00       122
  ---------------------------------------------------------------------------------------------------------------------
  => Increment Converged. (Time: 11.06 s)
  Mesh quality WARNING: min det(J)=-9.910e-02  inverted=2  warped=79

     1   101     1       2       1     0.2113     0.0000     0.0000

  Nonlinear Iteration Summary (Newton-Raphson)
  ==========================================================================================================================
  Time increment dt: 1.000e-06
  Convergence Tol  : 1.0e-02 (Disp Ratio)     Max Iterations: 50
  --------------------------------------------------------------------------------------------------------------------------
  Iter   Max Res.Force  (Node/DOF)    Max Disp.Corr  (Node/DOF)    Max Disp.Incr  Disp.Ratio  Energy.Err  LS.alpha  TieNodes
  --------------------------------------------------------------------------------------------------------------------------
     1    5.3912e+07  N143(UY)       2.3767e-05  N10001(UY)     1.9035e-06     2.15e-06    7.65e+04      1.00       122
     2    5.3912e+07  N143(UY)       2.3269e-05  N10367(UY)     1.9048e-06     2.11e-06    7.51e+04      1.00       122
  ---------------------------------------------------------------------------------------------------------------------
  => Increment Converged. (Time: 10.54 s)
  Mesh quality WARNING: min det(J)=-9.909e-02  inverted=2  warped=79

     1   102     1       2       1     0.2113     0.0000     0.0000

  Nonlinear Iteration Summary (Newton-Raphson)
  ==========================================================================================================================
  Time increment dt: 1.000e-06
  Convergence Tol  : 1.0e-02 (Disp Ratio)     Max Iterations: 50
  --------------------------------------------------------------------------------------------------------------------------
  Iter   Max Res.Force  (Node/DOF)    Max Disp.Corr  (Node/DOF)    Max Disp.Incr  Disp.Ratio  Energy.Err  LS.alpha  TieNodes
  --------------------------------------------------------------------------------------------------------------------------
     1    5.4673e+07  N143(UY)       1.9173e-05  N10367(UY)     1.9147e-06     1.65e-06    5.94e+04      1.00       122
     2    5.4673e+07  N143(UY)       2.6170e-05  N10001(UY)     1.9141e-06     1.73e-06    5.01e+04      1.00       122
  ---------------------------------------------------------------------------------------------------------------------
  => Increment Converged. (Time: 12.09 s)
  Mesh quality WARNING: min det(J)=-9.909e-02  inverted=2  warped=79

     1   103     1       2       1     0.2113     0.0000     0.0000
            [AL] tie gap correction: 8 extra solve(s), final max_gap=0.3836mm

  [MONITOR] Step  31 | Time 0.2113s / 1.0s ( 21.1%)
            Fold Angle: Target +-  6.03deg | Actual [-6.03deg, +6.03deg]
            Plate Tips Y: Left= +3.56mm | Right= +3.56mm | Max Disp=  4.06mm
            Newton Iters:  1 | dt: 0.00033s
            [DIAGNOSTIC] display/plate max|u| ratio=1.0000 (display=3.675mm, plate=0.000mm)
            [DIAGNOSTIC] Real tie gap (not just active-pair count): DISPLAY_BOT_L_PLATE_L_TOP_TIE: max_gap=0.3834mm mean=0.2600mm n=61 | DISPLAY_BOT_R_PLATE_R_TOP_TIE: max_gap=0.3836mm mean=0.2601mm n=61

[PNG] Deformed shape saved: D:\PythonCodeStudy\WHT_DispFoldSolver\examples\ex12_final_folding_shape.png
----------------------------------------------------------------------------------------------------
Step 32 | Attempting time increment: dt = 0.00050s (t: 0.2113s -> 0.2118s)
----------------------------------------------------------------------------------------------------

  Nonlinear Iteration Summary (Newton-Raphson)
  ==========================================================================================================================
  Time increment dt: 5.006e-04
  Convergence Tol  : 1.0e-02 (Disp Ratio)     Max Iterations: 50
  --------------------------------------------------------------------------------------------------------------------------
  Iter   Max Res.Force  (Node/DOF)    Max Disp.Corr  (Node/DOF)    Max Disp.Incr  Disp.Ratio  Energy.Err  LS.alpha  TieNodes
  --------------------------------------------------------------------------------------------------------------------------
     1    5.5443e+07  N143(UY)       2.5886e-05  N10001(UY)     2.5636e-02     2.36e-06    8.66e+04      1.00       122
     2    5.5473e+07  N143(UY)       2.2057e-05  N10001(UY)     2.5636e-02     1.80e-06    6.54e+04      1.00       122
  ---------------------------------------------------------------------------------------------------------------------
  => Increment Converged. (Time: 11.17 s)
  Mesh quality WARNING: min det(J)=-9.909e-02  inverted=2  warped=79

     1   104     1       2       1     0.2118     0.0005     0.0005

  Nonlinear Iteration Summary (Newton-Raphson)
  ==========================================================================================================================
  Time increment dt: 1.000e-06
  Convergence Tol  : 1.0e-02 (Disp Ratio)     Max Iterations: 50
  --------------------------------------------------------------------------------------------------------------------------
  Iter   Max Res.Force  (Node/DOF)    Max Disp.Corr  (Node/DOF)    Max Disp.Incr  Disp.Ratio  Energy.Err  LS.alpha  TieNodes
  --------------------------------------------------------------------------------------------------------------------------
     1    5.6284e+07  N143(UY)       2.2926e-05  N10001(UY)     2.1888e-06     2.02e-06    7.52e+04      1.00       122
     2    5.6284e+07  N143(UY)       2.1692e-05  N10001(UY)     2.1888e-06     2.00e-06    7.45e+04      1.00       122
  ---------------------------------------------------------------------------------------------------------------------
  => Increment Converged. (Time: 12.45 s)
  Mesh quality WARNING: min det(J)=-9.909e-02  inverted=2  warped=79

     1   105     1       2       1     0.2118     0.0000     0.0000

  Nonlinear Iteration Summary (Newton-Raphson)
  ==========================================================================================================================
  Time increment dt: 1.000e-06
  Convergence Tol  : 1.0e-02 (Disp Ratio)     Max Iterations: 50
  --------------------------------------------------------------------------------------------------------------------------
  Iter   Max Res.Force  (Node/DOF)    Max Disp.Corr  (Node/DOF)    Max Disp.Incr  Disp.Ratio  Energy.Err  LS.alpha  TieNodes
  --------------------------------------------------------------------------------------------------------------------------
     1    5.7095e+07  N143(UY)       2.9427e-05  N10001(UY)     2.1958e-06     1.92e-06    4.76e+04      1.00       122
     2    5.7095e+07  N143(UY)       2.4909e-05  N10367(UY)     2.1957e-06     1.94e-06    7.19e+04      1.00       122
  ---------------------------------------------------------------------------------------------------------------------
  => Increment Converged. (Time: 10.79 s)
  Mesh quality WARNING: min det(J)=-9.909e-02  inverted=2  warped=79

     1   106     1       2       1     0.2118     0.0000     0.0000

  Nonlinear Iteration Summary (Newton-Raphson)
  ==========================================================================================================================
  Time increment dt: 1.000e-06
  Convergence Tol  : 1.0e-02 (Disp Ratio)     Max Iterations: 50
  --------------------------------------------------------------------------------------------------------------------------
  Iter   Max Res.Force  (Node/DOF)    Max Disp.Corr  (Node/DOF)    Max Disp.Incr  Disp.Ratio  Energy.Err  LS.alpha  TieNodes
  --------------------------------------------------------------------------------------------------------------------------
     1    5.7907e+07  N143(UY)       3.9375e-05  N10001(UY)     2.2023e-06     3.15e-06    2.00e+04      1.00       122
     2    5.7907e+07  N143(UY)       2.2541e-05  N10001(UY)     2.2027e-06     1.52e-06    5.06e+04      1.00       122
  ---------------------------------------------------------------------------------------------------------------------
  => Increment Converged. (Time: 14.38 s)
  Mesh quality WARNING: min det(J)=-9.909e-02  inverted=2  warped=79

     1   107     1       2       1     0.2119     0.0000     0.0000

  Nonlinear Iteration Summary (Newton-Raphson)
  ==========================================================================================================================
  Time increment dt: 1.000e-06
  Convergence Tol  : 1.0e-02 (Disp Ratio)     Max Iterations: 50
  --------------------------------------------------------------------------------------------------------------------------
  Iter   Max Res.Force  (Node/DOF)    Max Disp.Corr  (Node/DOF)    Max Disp.Incr  Disp.Ratio  Energy.Err  LS.alpha  TieNodes
  --------------------------------------------------------------------------------------------------------------------------
     1    5.8718e+07  N143(UY)       2.3173e-05  N10001(UY)     2.2091e-06     1.52e-06    3.61e+04      1.00       122
     2    5.8718e+07  N143(UY)       2.4563e-05  N10367(UY)     2.2091e-06     2.21e-06    8.59e+04      1.00       122
  ---------------------------------------------------------------------------------------------------------------------
  => Increment Converged. (Time: 11.69 s)
  Mesh quality WARNING: min det(J)=-9.909e-02  inverted=2  warped=79

     1   108     1       2       1     0.2119     0.0000     0.0000

  Nonlinear Iteration Summary (Newton-Raphson)
  ==========================================================================================================================
  Time increment dt: 1.000e-06
  Convergence Tol  : 1.0e-02 (Disp Ratio)     Max Iterations: 50
  --------------------------------------------------------------------------------------------------------------------------
  Iter   Max Res.Force  (Node/DOF)    Max Disp.Corr  (Node/DOF)    Max Disp.Incr  Disp.Ratio  Energy.Err  LS.alpha  TieNodes
  --------------------------------------------------------------------------------------------------------------------------
     1    5.9529e+07  N143(UY)       3.1557e-05  N10367(UY)     2.2162e-06     2.90e-06    1.93e+02      1.00       122
     2    5.9529e+07  N143(UY)       6.0450e-06  N10001(UY)     2.2162e-06     3.95e-07    1.04e+04      1.00       122
  ---------------------------------------------------------------------------------------------------------------------
  => Increment Converged. (Time: 13.02 s)
  Mesh quality WARNING: min det(J)=-9.909e-02  inverted=2  warped=79

     1   109     1       2       1     0.2119     0.0000     0.0000

  Nonlinear Iteration Summary (Newton-Raphson)
  ==========================================================================================================================
  Time increment dt: 1.000e-06
  Convergence Tol  : 1.0e-02 (Disp Ratio)     Max Iterations: 50
  --------------------------------------------------------------------------------------------------------------------------
  Iter   Max Res.Force  (Node/DOF)    Max Disp.Corr  (Node/DOF)    Max Disp.Incr  Disp.Ratio  Energy.Err  LS.alpha  TieNodes
  --------------------------------------------------------------------------------------------------------------------------
     1    6.0341e+07  N143(UY)       1.9928e-05  N10001(UY)     2.2232e-06     1.68e-06    6.67e+04      1.00       122
     2    6.0341e+07  N143(UY)       1.9356e-05  N10367(UY)     2.2233e-06     1.76e-06    7.03e+04      1.00       122
  ---------------------------------------------------------------------------------------------------------------------
  => Increment Converged. (Time: 11.01 s)
  Mesh quality WARNING: min det(J)=-9.909e-02  inverted=2  warped=79

     1   110     1       2       1     0.2119     0.0000     0.0000

  Nonlinear Iteration Summary (Newton-Raphson)
  ==========================================================================================================================
  Time increment dt: 1.000e-06
  Convergence Tol  : 1.0e-02 (Disp Ratio)     Max Iterations: 50
  --------------------------------------------------------------------------------------------------------------------------
  Iter   Max Res.Force  (Node/DOF)    Max Disp.Corr  (Node/DOF)    Max Disp.Incr  Disp.Ratio  Energy.Err  LS.alpha  TieNodes
  --------------------------------------------------------------------------------------------------------------------------
     1    6.1152e+07  N143(UY)       1.5408e-05  N10367(UY)     2.2301e-06     1.25e-06    7.70e+03      1.00       122
     2    6.1152e+07  N143(UY)       3.9797e-06  N10367(UY)     2.2301e-06     2.64e-07    6.05e+03      1.00       122
  ---------------------------------------------------------------------------------------------------------------------
  => Increment Converged. (Time: 10.34 s)
  Mesh quality WARNING: min det(J)=-9.909e-02  inverted=2  warped=79

     1   111     1       2       1     0.2119     0.0000     0.0000

  Nonlinear Iteration Summary (Newton-Raphson)
  ==========================================================================================================================
  Time increment dt: 1.000e-06
  Convergence Tol  : 1.0e-02 (Disp Ratio)     Max Iterations: 50
  --------------------------------------------------------------------------------------------------------------------------
  Iter   Max Res.Force  (Node/DOF)    Max Disp.Corr  (Node/DOF)    Max Disp.Incr  Disp.Ratio  Energy.Err  LS.alpha  TieNodes
  --------------------------------------------------------------------------------------------------------------------------
     1    6.1963e+07  N143(UY)       2.1509e-05  N10001(UY)     2.2367e-06     1.41e-06    3.61e+04      1.00       122
     2    6.1963e+07  N143(UY)       2.1597e-05  N10001(UY)     2.2367e-06     1.98e-06    8.14e+04      1.00       122
  ---------------------------------------------------------------------------------------------------------------------
  => Increment Converged. (Time: 10.98 s)
  Mesh quality WARNING: min det(J)=-9.909e-02  inverted=2  warped=79

     1   112     1       2       1     0.2119     0.0000     0.0000
            [AL] tie gap correction: 8 extra solve(s), final max_gap=0.4092mm

  [MONITOR] Step  32 | Time 0.2119s / 1.0s ( 21.2%)
            Fold Angle: Target +-  6.07deg | Actual [-6.07deg, +6.07deg]
            Plate Tips Y: Left= +3.58mm | Right= +3.58mm | Max Disp=  4.08mm
            Newton Iters:  1 | dt: 0.00050s
            [DIAGNOSTIC] display/plate max|u| ratio=1.0000 (display=3.675mm, plate=0.000mm)
            [DIAGNOSTIC] Real tie gap (not just active-pair count): DISPLAY_BOT_L_PLATE_L_TOP_TIE: max_gap=0.4092mm mean=0.2771mm n=61 | DISPLAY_BOT_R_PLATE_R_TOP_TIE: max_gap=0.4090mm mean=0.2770mm n=61

[PNG] Deformed shape saved: D:\PythonCodeStudy\WHT_DispFoldSolver\examples\ex12_final_folding_shape.png
----------------------------------------------------------------------------------------------------
Step 33 | Attempting time increment: dt = 0.00075s (t: 0.2119s -> 0.2126s)
----------------------------------------------------------------------------------------------------

  Nonlinear Iteration Summary (Newton-Raphson)
  ==========================================================================================================================
  Time increment dt: 7.508e-04
  Convergence Tol  : 1.0e-02 (Disp Ratio)     Max Iterations: 50
  --------------------------------------------------------------------------------------------------------------------------
  Iter   Max Res.Force  (Node/DOF)    Max Disp.Corr  (Node/DOF)    Max Disp.Incr  Disp.Ratio  Energy.Err  LS.alpha  TieNodes
  --------------------------------------------------------------------------------------------------------------------------
     1    6.2789e+07  N143(UY)       2.9384e-05  N10001(UY)     3.8417e-02     2.03e-06    7.59e+04      1.00       122
     2    6.2834e+07  N143(UY)       2.1363e-05  N10001(UY)     3.8417e-02     1.91e-06    7.96e+04      1.00       122
  ---------------------------------------------------------------------------------------------------------------------
  => Increment Converged. (Time: 11.35 s)
  Mesh quality WARNING: min det(J)=-9.960e-02  inverted=2  warped=80

     1   113     1       2       1     0.2126     0.0008     0.0008

  Nonlinear Iteration Summary (Newton-Raphson)
  ==========================================================================================================================
  Time increment dt: 1.000e-06
  Convergence Tol  : 1.0e-02 (Disp Ratio)     Max Iterations: 50
  --------------------------------------------------------------------------------------------------------------------------
  Iter   Max Res.Force  (Node/DOF)    Max Disp.Corr  (Node/DOF)    Max Disp.Incr  Disp.Ratio  Energy.Err  LS.alpha  TieNodes
  --------------------------------------------------------------------------------------------------------------------------
     1    6.3721e+07  N143(UY)       1.9394e-05  N10367(UY)     2.7618e-06     1.70e-06    3.87e+03      1.00       122
     2    6.3721e+07  N143(UY)       1.9447e-05  N10001(UY)     2.7616e-06     1.67e-06    7.04e+04      1.00       122
  ---------------------------------------------------------------------------------------------------------------------
  => Increment Converged. (Time: 11.70 s)
  Mesh quality WARNING: min det(J)=-9.960e-02  inverted=2  warped=80

     1   114     1       2       1     0.2126     0.0000     0.0000

  Nonlinear Iteration Summary (Newton-Raphson)
  ==========================================================================================================================
  Time increment dt: 1.000e-06
  Convergence Tol  : 1.0e-02 (Disp Ratio)     Max Iterations: 50
  --------------------------------------------------------------------------------------------------------------------------
  Iter   Max Res.Force  (Node/DOF)    Max Disp.Corr  (Node/DOF)    Max Disp.Incr  Disp.Ratio  Energy.Err  LS.alpha  TieNodes
  --------------------------------------------------------------------------------------------------------------------------
     1    6.4610e+07  N2(UY)         2.2146e-05  N10367(UY)     2.7662e-06     2.03e-06    8.68e+04      1.00       122
     2    6.4610e+07  N2(UY)         8.0041e-07  N10001(UY)     2.7662e-06     5.22e-08    1.65e+03      1.00       122
  ---------------------------------------------------------------------------------------------------------------------
  => Increment Converged. (Time: 11.63 s)
  Mesh quality WARNING: min det(J)=-9.960e-02  inverted=2  warped=80

     1   115     1       2       1     0.2126     0.0000     0.0000

  Nonlinear Iteration Summary (Newton-Raphson)
  ==========================================================================================================================
  Time increment dt: 1.000e-06
  Convergence Tol  : 1.0e-02 (Disp Ratio)     Max Iterations: 50
  --------------------------------------------------------------------------------------------------------------------------
  Iter   Max Res.Force  (Node/DOF)    Max Disp.Corr  (Node/DOF)    Max Disp.Incr  Disp.Ratio  Energy.Err  LS.alpha  TieNodes
  --------------------------------------------------------------------------------------------------------------------------
     1    6.5500e+07  N2(UY)         2.1756e-05  N10367(UY)     2.7711e-06     1.95e-06    8.45e+04      1.00       122
     2    6.5500e+07  N2(UY)         2.1736e-05  N10367(UY)     2.7712e-06     1.55e-06    6.27e+04      1.00       122
  ---------------------------------------------------------------------------------------------------------------------
  => Increment Converged. (Time: 10.32 s)
  Mesh quality WARNING: min det(J)=-9.960e-02  inverted=2  warped=80

     1   116     1       2       1     0.2126     0.0000     0.0000

  Nonlinear Iteration Summary (Newton-Raphson)
  ==========================================================================================================================
  Time increment dt: 1.000e-06
  Convergence Tol  : 1.0e-02 (Disp Ratio)     Max Iterations: 50
  --------------------------------------------------------------------------------------------------------------------------
  Iter   Max Res.Force  (Node/DOF)    Max Disp.Corr  (Node/DOF)    Max Disp.Incr  Disp.Ratio  Energy.Err  LS.alpha  TieNodes
  --------------------------------------------------------------------------------------------------------------------------
     1    6.6390e+07  N2(UY)         2.1454e-05  N10367(UY)     2.7762e-06     1.87e-06    8.23e+04      1.00       122
     2    6.6390e+07  N2(UY)         7.7679e-06  N10001(UY)     2.7762e-06     5.38e-07    2.15e+04      1.00       122
  ---------------------------------------------------------------------------------------------------------------------
  => Increment Converged. (Time: 12.39 s)
  Mesh quality WARNING: min det(J)=-9.960e-02  inverted=2  warped=80

     1   117     1       2       1     0.2126     0.0000     0.0000

  Nonlinear Iteration Summary (Newton-Raphson)
  ==========================================================================================================================
  Time increment dt: 1.000e-06
  Convergence Tol  : 1.0e-02 (Disp Ratio)     Max Iterations: 50
  --------------------------------------------------------------------------------------------------------------------------
  Iter   Max Res.Force  (Node/DOF)    Max Disp.Corr  (Node/DOF)    Max Disp.Incr  Disp.Ratio  Energy.Err  LS.alpha  TieNodes
  --------------------------------------------------------------------------------------------------------------------------
     1    6.7280e+07  N2(UY)         2.1192e-05  N10367(UY)     2.7816e-06     1.46e-06    2.89e+04      1.00       122
     2    6.7280e+07  N2(UY)         2.0735e-05  N10367(UY)     2.7816e-06     1.71e-06    7.55e+04      1.00       122
  ---------------------------------------------------------------------------------------------------------------------
  => Increment Converged. (Time: 10.96 s)
  Mesh quality WARNING: min det(J)=-9.961e-02  inverted=2  warped=80

     1   118     1       2       1     0.2126     0.0000     0.0000

  Nonlinear Iteration Summary (Newton-Raphson)
  ==========================================================================================================================
  Time increment dt: 1.000e-06
  Convergence Tol  : 1.0e-02 (Disp Ratio)     Max Iterations: 50
  --------------------------------------------------------------------------------------------------------------------------
  Iter   Max Res.Force  (Node/DOF)    Max Disp.Corr  (Node/DOF)    Max Disp.Incr  Disp.Ratio  Energy.Err  LS.alpha  TieNodes
  --------------------------------------------------------------------------------------------------------------------------
     1    6.8169e+07  N2(UY)         2.0663e-05  N10367(UY)     2.7868e-06     1.52e-06    2.05e+04      1.00       122
     2    6.8169e+07  N2(UY)         2.0887e-05  N10367(UY)     2.7866e-06     1.66e-06    1.32e+04      1.00       122
  ---------------------------------------------------------------------------------------------------------------------
  => Increment Converged. (Time: 9.97 s)
  Mesh quality WARNING: min det(J)=-9.961e-02  inverted=2  warped=80

     1   119     1       2       1     0.2126     0.0000     0.0000

  Nonlinear Iteration Summary (Newton-Raphson)
  ==========================================================================================================================
  Time increment dt: 1.000e-06
  Convergence Tol  : 1.0e-02 (Disp Ratio)     Max Iterations: 50
  --------------------------------------------------------------------------------------------------------------------------
  Iter   Max Res.Force  (Node/DOF)    Max Disp.Corr  (Node/DOF)    Max Disp.Incr  Disp.Ratio  Energy.Err  LS.alpha  TieNodes
  --------------------------------------------------------------------------------------------------------------------------
     1    7.1467e+07  N5(UY)         2.0636e-05  N10367(UY)     2.7919e-06     1.89e-06    8.67e+04      1.00       122
     2    6.9059e+07  N2(UY)         2.0602e-05  N10367(UY)     2.7920e-06     1.87e-06    8.55e+04      1.00       122
  ---------------------------------------------------------------------------------------------------------------------
  => Increment Converged. (Time: 9.92 s)
  Mesh quality WARNING: min det(J)=-9.961e-02  inverted=2  warped=80

     1   120     1       2       1     0.2126     0.0000     0.0000

  Nonlinear Iteration Summary (Newton-Raphson)
  ==========================================================================================================================
  Time increment dt: 1.000e-06
  Convergence Tol  : 1.0e-02 (Disp Ratio)     Max Iterations: 50
  --------------------------------------------------------------------------------------------------------------------------
  Iter   Max Res.Force  (Node/DOF)    Max Disp.Corr  (Node/DOF)    Max Disp.Incr  Disp.Ratio  Energy.Err  LS.alpha  TieNodes
  --------------------------------------------------------------------------------------------------------------------------
     1    6.9949e+07  N2(UY)         8.3530e-06  N10001(UY)     2.7971e-06     5.88e-07    2.52e+04      1.00       122
     2    6.9949e+07  N2(UY)         2.0064e-05  N10367(UY)     2.7971e-06     1.64e-06    7.53e+04      1.00       122
  ---------------------------------------------------------------------------------------------------------------------
  => Increment Converged. (Time: 10.49 s)
  Mesh quality WARNING: min det(J)=-9.961e-02  inverted=2  warped=80

     1   121     1       2       1     0.2126     0.0000     0.0000
            [AL] tie gap correction: 8 extra solve(s), final max_gap=0.4487mm

  [MONITOR] Step  33 | Time 0.2126s / 1.0s ( 21.3%)
            Fold Angle: Target +-  6.13deg | Actual [-6.13deg, +6.13deg]
            Plate Tips Y: Left= +3.62mm | Right= +3.62mm | Max Disp=  4.12mm
            Newton Iters:  1 | dt: 0.00075s
            [DIAGNOSTIC] display/plate max|u| ratio=1.0000 (display=3.676mm, plate=0.000mm)
            [DIAGNOSTIC] Real tie gap (not just active-pair count): DISPLAY_BOT_L_PLATE_L_TOP_TIE: max_gap=0.4487mm mean=0.3035mm n=61 | DISPLAY_BOT_R_PLATE_R_TOP_TIE: max_gap=0.4472mm mean=0.3025mm n=61

[PNG] Deformed shape saved: D:\PythonCodeStudy\WHT_DispFoldSolver\examples\ex12_final_folding_shape.png
----------------------------------------------------------------------------------------------------
Step 34 | Attempting time increment: dt = 0.00113s (t: 0.2126s -> 0.2137s)
----------------------------------------------------------------------------------------------------

  Nonlinear Iteration Summary (Newton-Raphson)
  ==========================================================================================================================
  Time increment dt: 1.126e-03
  Convergence Tol  : 1.0e-02 (Disp Ratio)     Max Iterations: 50
  --------------------------------------------------------------------------------------------------------------------------
  Iter   Max Res.Force  (Node/DOF)    Max Disp.Corr  (Node/DOF)    Max Disp.Incr  Disp.Ratio  Energy.Err  LS.alpha  TieNodes
  --------------------------------------------------------------------------------------------------------------------------
     1    7.0919e+07  N2(UY)         2.0743e-05  N10367(UY)     5.7790e-02     1.88e-06    8.85e+04      1.00       122
     2    7.0919e+07  N2(UY)         1.8462e-05  N10001(UY)     5.7790e-02     1.68e-06    7.93e+04      1.00       122
  ---------------------------------------------------------------------------------------------------------------------
  => Increment Converged. (Time: 9.70 s)
  Mesh quality WARNING: min det(J)=-9.493e-02  inverted=7  warped=85

     1   122     1       7       1     0.2137     0.0011     0.0011

  Nonlinear Iteration Summary (Newton-Raphson)
  ==========================================================================================================================
  Time increment dt: 1.000e-06
  Convergence Tol  : 1.0e-02 (Disp Ratio)     Max Iterations: 50
  --------------------------------------------------------------------------------------------------------------------------
  Iter   Max Res.Force  (Node/DOF)    Max Disp.Corr  (Node/DOF)    Max Disp.Incr  Disp.Ratio  Energy.Err  LS.alpha  TieNodes
  --------------------------------------------------------------------------------------------------------------------------
     1    7.1912e+07  N2(UY)         1.2968e-05  N10001(UY)     1.4040e-05     1.07e-06    5.06e+04      1.00       122
     2    7.1912e+07  N2(UY)         1.9111e-05  N10001(UY)     1.4040e-05     1.68e-06    8.02e+04      1.00       122
  ---------------------------------------------------------------------------------------------------------------------
  => Increment Converged. (Time: 10.72 s)
  Mesh quality WARNING: min det(J)=-9.492e-02  inverted=7  warped=85

     1   123     1       7       1     0.2137     0.0000     0.0000

  Nonlinear Iteration Summary (Newton-Raphson)
  ==========================================================================================================================
  Time increment dt: 1.000e-06
  Convergence Tol  : 1.0e-02 (Disp Ratio)     Max Iterations: 50
  --------------------------------------------------------------------------------------------------------------------------
  Iter   Max Res.Force  (Node/DOF)    Max Disp.Corr  (Node/DOF)    Max Disp.Incr  Disp.Ratio  Energy.Err  LS.alpha  TieNodes
  --------------------------------------------------------------------------------------------------------------------------
     1    7.2905e+07  N2(UY)         1.7041e-05  N10001(UY)     1.4051e-05     1.29e-06    1.55e+04      1.00       122
     2    7.2905e+07  N2(UY)         2.0428e-05  N10001(UY)     1.4051e-05     1.64e-06    7.85e+04      1.00       122
  ---------------------------------------------------------------------------------------------------------------------
  => Increment Converged. (Time: 9.86 s)
  Mesh quality WARNING: min det(J)=-9.491e-02  inverted=7  warped=86

     1   124     1       7       1     0.2137     0.0000     0.0000

  Nonlinear Iteration Summary (Newton-Raphson)
  ==========================================================================================================================
  Time increment dt: 1.000e-06
  Convergence Tol  : 1.0e-02 (Disp Ratio)     Max Iterations: 50
  --------------------------------------------------------------------------------------------------------------------------
  Iter   Max Res.Force  (Node/DOF)    Max Disp.Corr  (Node/DOF)    Max Disp.Incr  Disp.Ratio  Energy.Err  LS.alpha  TieNodes
  --------------------------------------------------------------------------------------------------------------------------
     1    7.3897e+07  N2(UY)         1.8778e-05  N10367(UY)     1.4061e-05     1.53e-06    7.45e+04      1.00       122
     2    7.3897e+07  N2(UY)         1.8976e-05  N10001(UY)     1.4064e-05     1.71e-06    8.37e+04      1.00       122
  ---------------------------------------------------------------------------------------------------------------------
  => Increment Converged. (Time: 9.54 s)
  Mesh quality WARNING: min det(J)=-9.490e-02  inverted=7  warped=86

     1   125     1       7       1     0.2137     0.0000     0.0000

  Nonlinear Iteration Summary (Newton-Raphson)
  ==========================================================================================================================
  Time increment dt: 1.000e-06
  Convergence Tol  : 1.0e-02 (Disp Ratio)     Max Iterations: 50
  --------------------------------------------------------------------------------------------------------------------------
  Iter   Max Res.Force  (Node/DOF)    Max Disp.Corr  (Node/DOF)    Max Disp.Incr  Disp.Ratio  Energy.Err  LS.alpha  TieNodes
  --------------------------------------------------------------------------------------------------------------------------
     1    7.4890e+07  N2(UY)         8.1588e-06  N10367(UY)     1.4071e-05     5.72e-07    2.62e+04      1.00       122
     2    7.4890e+07  N2(UY)         1.7146e-05  N10367(UY)     1.4071e-05     1.50e-06    7.44e+04      1.00       122
  ---------------------------------------------------------------------------------------------------------------------
  => Increment Converged. (Time: 9.50 s)
  Mesh quality WARNING: min det(J)=-9.489e-02  inverted=7  warped=86

     1   126     1       7       1     0.2137     0.0000     0.0000

  Nonlinear Iteration Summary (Newton-Raphson)
  ==========================================================================================================================
  Time increment dt: 1.000e-06
  Convergence Tol  : 1.0e-02 (Disp Ratio)     Max Iterations: 50
  --------------------------------------------------------------------------------------------------------------------------
  Iter   Max Res.Force  (Node/DOF)    Max Disp.Corr  (Node/DOF)    Max Disp.Incr  Disp.Ratio  Energy.Err  LS.alpha  TieNodes
  --------------------------------------------------------------------------------------------------------------------------
     1    7.5882e+07  N2(UY)         1.2264e-05  N10367(UY)     1.4081e-05     8.81e-07    4.18e+04      1.00       122
     2    7.5882e+07  N2(UY)         1.7940e-05  N10367(UY)     1.4082e-05     1.49e-06    7.45e+04      1.00       122
  ---------------------------------------------------------------------------------------------------------------------
  => Increment Converged. (Time: 10.25 s)
  Mesh quality WARNING: min det(J)=-9.488e-02  inverted=7  warped=86

     1   127     1       7       1     0.2137     0.0000     0.0000

  Nonlinear Iteration Summary (Newton-Raphson)
  ==========================================================================================================================
  Time increment dt: 1.000e-06
  Convergence Tol  : 1.0e-02 (Disp Ratio)     Max Iterations: 50
  --------------------------------------------------------------------------------------------------------------------------
  Iter   Max Res.Force  (Node/DOF)    Max Disp.Corr  (Node/DOF)    Max Disp.Incr  Disp.Ratio  Energy.Err  LS.alpha  TieNodes
  --------------------------------------------------------------------------------------------------------------------------
     1    7.6874e+07  N2(UY)         1.7277e-05  N10367(UY)     1.4092e-05     1.35e-06    6.76e+04      1.00       122
     2    7.6874e+07  N2(UY)         2.1614e-05  N10001(UY)     1.4091e-05     1.83e-06    9.31e+04      1.00       122
  ---------------------------------------------------------------------------------------------------------------------
  => Increment Converged. (Time: 9.57 s)
  Mesh quality WARNING: min det(J)=-9.487e-02  inverted=7  warped=86

     1   128     1       7       1     0.2137     0.0000     0.0000

  Nonlinear Iteration Summary (Newton-Raphson)
  ==========================================================================================================================
  Time increment dt: 1.000e-06
  Convergence Tol  : 1.0e-02 (Disp Ratio)     Max Iterations: 50
  --------------------------------------------------------------------------------------------------------------------------
  Iter   Max Res.Force  (Node/DOF)    Max Disp.Corr  (Node/DOF)    Max Disp.Incr  Disp.Ratio  Energy.Err  LS.alpha  TieNodes
  --------------------------------------------------------------------------------------------------------------------------
     1    7.7867e+07  N2(UY)         6.8075e-06  N10367(UY)     1.4102e-05     4.65e-07    2.14e+04      1.00       122
     2    7.7867e+07  N2(UY)         1.9033e-05  N10367(UY)     1.4102e-05     1.66e-06    8.59e+04      1.00       122
  ---------------------------------------------------------------------------------------------------------------------
  => Increment Converged. (Time: 9.62 s)
  Mesh quality WARNING: min det(J)=-9.486e-02  inverted=7  warped=86

     1   129     1       7       1     0.2137     0.0000     0.0000

  Nonlinear Iteration Summary (Newton-Raphson)
  ==========================================================================================================================
  Time increment dt: 1.000e-06
  Convergence Tol  : 1.0e-02 (Disp Ratio)     Max Iterations: 50
  --------------------------------------------------------------------------------------------------------------------------
  Iter   Max Res.Force  (Node/DOF)    Max Disp.Corr  (Node/DOF)    Max Disp.Incr  Disp.Ratio  Energy.Err  LS.alpha  TieNodes
  --------------------------------------------------------------------------------------------------------------------------
     1    7.8859e+07  N2(UY)         1.8544e-05  N10367(UY)     1.4112e-05     1.66e-06    8.70e+04      1.00       122
     2    7.8859e+07  N2(UY)         1.8154e-05  N10367(UY)     1.4112e-05     1.41e-06    7.23e+04      1.00       122
  ---------------------------------------------------------------------------------------------------------------------
  => Increment Converged. (Time: 11.36 s)
  Mesh quality WARNING: min det(J)=-9.486e-02  inverted=7  warped=86

     1   130     1       7       1     0.2137     0.0000     0.0000
            [AL] tie gap correction: 8 extra solve(s), final max_gap=0.5007mm

  [MONITOR] Step  34 | Time 0.2137s / 1.0s ( 21.4%)
            Fold Angle: Target +-  6.21deg | Actual [-6.21deg, +6.21deg]
            Plate Tips Y: Left= +3.68mm | Right= +3.68mm | Max Disp=  4.18mm
            Newton Iters:  1 | dt: 0.00113s
            [DIAGNOSTIC] display/plate max|u| ratio=1.0000 (display=3.680mm, plate=0.000mm)
            [DIAGNOSTIC] Real tie gap (not just active-pair count): DISPLAY_BOT_L_PLATE_L_TOP_TIE: max_gap=0.5002mm mean=0.3358mm n=61 | DISPLAY_BOT_R_PLATE_R_TOP_TIE: max_gap=0.5007mm mean=0.3362mm n=61

[PNG] Deformed shape saved: D:\PythonCodeStudy\WHT_DispFoldSolver\examples\ex12_final_folding_shape.png
----------------------------------------------------------------------------------------------------
Step 35 | Attempting time increment: dt = 0.00169s (t: 0.2137s -> 0.2154s)
----------------------------------------------------------------------------------------------------

  Nonlinear Iteration Summary (Newton-Raphson)
  ==========================================================================================================================
  Time increment dt: 1.689e-03
  Convergence Tol  : 1.0e-02 (Disp Ratio)     Max Iterations: 50
  --------------------------------------------------------------------------------------------------------------------------
  Iter   Max Res.Force  (Node/DOF)    Max Disp.Corr  (Node/DOF)    Max Disp.Incr  Disp.Ratio  Energy.Err  LS.alpha  TieNodes
  --------------------------------------------------------------------------------------------------------------------------
  *** ELEMENT INVERSION: det(F) <= 0 detected at iteration 1. Cutting back dt.
     1   131     1       0      50     0.2137     0.0000     0.0017   *** CUTBACK: element inversion (det(F) <= 0) (Retrying step with smaller dt & target angle) ***
  *** STEP 35 FAILED (conv=-50, cutback 1/20). Cutting back dt to 0.00084s ***

----------------------------------------------------------------------------------------------------
Step 35 | Attempting time increment: dt = 0.00084s (t: 0.2137s -> 0.2146s)
----------------------------------------------------------------------------------------------------

  Nonlinear Iteration Summary (Newton-Raphson)
  ==========================================================================================================================
  Time increment dt: 8.447e-04
  Convergence Tol  : 1.0e-02 (Disp Ratio)     Max Iterations: 50
  --------------------------------------------------------------------------------------------------------------------------
  Iter   Max Res.Force  (Node/DOF)    Max Disp.Corr  (Node/DOF)    Max Disp.Incr  Disp.Ratio  Energy.Err  LS.alpha  TieNodes
  --------------------------------------------------------------------------------------------------------------------------
  *** ELEMENT INVERSION: det(F) <= 0 detected at iteration 1. Cutting back dt.
     1   131     2       0      50     0.2137     0.0000     0.0008   *** CUTBACK: element inversion (det(F) <= 0) (Retrying step with smaller dt & target angle) ***
  *** STEP 35 FAILED (conv=-50, cutback 1/20). Cutting back dt to 0.00042s ***

----------------------------------------------------------------------------------------------------
Step 35 | Attempting time increment: dt = 0.00042s (t: 0.2137s -> 0.2142s)
----------------------------------------------------------------------------------------------------

  Nonlinear Iteration Summary (Newton-Raphson)
  ==========================================================================================================================
  Time increment dt: 4.224e-04
  Convergence Tol  : 1.0e-02 (Disp Ratio)     Max Iterations: 50
  --------------------------------------------------------------------------------------------------------------------------
  Iter   Max Res.Force  (Node/DOF)    Max Disp.Corr  (Node/DOF)    Max Disp.Incr  Disp.Ratio  Energy.Err  LS.alpha  TieNodes
  --------------------------------------------------------------------------------------------------------------------------
