====================================================================================================
 EX12: 90-Degree Display Folding Directly from Abaqus .inp File
====================================================================================================
Reading Abaqus input deck: D:\PythonCodeStudy\WHT_DispFoldSolver\examples\ex12_rigid_plate_display_fold.inp
D:\PythonCodeStudy\WHT_DispFoldSolver\dispsolver\io\abaqus_parser.py:131: UserWarning: Unsupported keyword: *SECTION CONTROLS \u2014 skipping
  warnings.warn(f"Unsupported keyword: *{block.keyword} \u2014 skipping")
Parsed result: ModelBuilderResult(mesh=yes, materials=16, constraints=0, penalty_constraints=2, rbe2_elements=0, rbe2_constraints=2, amplitudes=0, dloads=0, contact_pairs=0, surfaces=4, contact_objects=0)
Found translation boundary conditions on 4 DOFs.
Found prescribed rotations on master nodes: {10000: -1.570796, 10306: 1.570796}
====================================================================================================
 MODEL REVIEW
====================================================================================================
Materials (4 distinct):
  - PSA: Arruda-Boyce + Prony viscoelastic: mu=0.016779, lambda_m=3.0, K=0.83333
  - PET: J2 plasticity: E=4000.0, nu=0.3, sigma_y0=80.0, H=400.0
  - GLASS: J2 plasticity: E=70000.0, nu=0.22, sigma_y0=1000000000.0, H=0.0
  - STEEL: NeoHookean: E=20000.0, nu=0.3
Parts / Layers (16 total):
  - pid 1: 138 elements, material=PSA, thickness=0.0300 mm (30.0 um), element=Q4_VISCO_SIMO
  - pid 2: 594 elements, material=PET, thickness=0.0600 mm (60.0 um), element=Q4_COROTATIONAL_EAS
  - pid 3: 198 elements, material=PSA, thickness=0.0300 mm (30.0 um), element=Q4_VISCO_SIMO
  - pid 4: 594 elements, material=PET, thickness=0.0600 mm (60.0 um), element=Q4_COROTATIONAL_EAS
  - pid 5: 198 elements, material=PSA, thickness=0.0300 mm (30.0 um), element=Q4_VISCO_SIMO
  - pid 6: 594 elements, material=PET, thickness=0.0600 mm (60.0 um), element=Q4_COROTATIONAL_EAS
  - pid 7: 198 elements, material=PSA, thickness=0.0300 mm (30.0 um), element=Q4_VISCO_SIMO
  - pid 8: 594 elements, material=PET, thickness=0.0600 mm (60.0 um), element=Q4_COROTATIONAL_EAS
  - pid 9: 198 elements, material=PSA, thickness=0.0300 mm (30.0 um), element=Q4_VISCO_SIMO
  - pid 10: 594 elements, material=PET, thickness=0.0600 mm (60.0 um), element=Q4_COROTATIONAL_EAS
  - pid 11: 198 elements, material=PSA, thickness=0.0300 mm (30.0 um), element=Q4_VISCO_SIMO
  - pid 12: 594 elements, material=PET, thickness=0.0600 mm (60.0 um), element=Q4_COROTATIONAL_EAS
  - pid 13: 198 elements, material=PSA, thickness=0.0300 mm (30.0 um), element=Q4_VISCO_SIMO
  - pid 14: 594 elements, material=GLASS, thickness=0.0600 mm (60.0 um), element=Q4_COROTATIONAL_EAS
  - Plate Left: 240 elements, material=STEEL, thickness=0.5000 mm (500.0 um), element=Q4_COROTATIONAL
  - Plate Right: 240 elements, material=STEEL, thickness=0.5000 mm (500.0 um), element=Q4_COROTATIONAL
Total elements: 5964, total layers/parts: 16
====================================================================================================
[PNG] Deformed shape saved: D:\PythonCodeStudy\WHT_DispFoldSolver\examples\ex12_before_folding_shape.png
----------------------------------------------------------------------------------------------------
Step 1 | Attempting time increment: dt = 0.00250s (t: 0.0000s -> 0.0025s)
----------------------------------------------------------------------------------------------------

  Nonlinear Iteration Summary (Newton-Raphson)
  ==========================================================================================================================
  Time increment dt: 2.500e-03
  Convergence Tol  : 1.0e-02 (Disp Ratio)     Max Iterations: 50
  --------------------------------------------------------------------------------------------------------------------------
  Iter   Max Res.Force  (Node/DOF)    Max Disp.Corr  (Node/DOF)    Max Disp.Incr  Disp.Ratio  Energy.Err  LS.alpha  TieNodes
  --------------------------------------------------------------------------------------------------------------------------
     1    1.4953e+01  N1(UY)         9.5851e-06  N1(UY)         9.5851e-06     9.37e-01    8.69e-03      1.00       140
     2    3.2804e-05  N140(UY)       3.0598e-07  N5215(UY)      9.5851e-06     2.13e-02    8.35e-14      1.00       140
     3    1.6790e-06  N140(UY)       1.7264e-07  N638(UY)       9.5851e-06     1.11e-02    4.37e-15      1.00       140
  ---------------------------------------------------------------------------------------------------------------------
  => Increment Converged. (Time: 64.15 s)


  STEP   INC   ATT   SEVERE   EQUIL     TOTAL      STEP      INC OF
                     DISCON   ITERS      TIME       TIME       TIME
     1     1     1       0       2     0.0025     0.0025     0.0025

  [MONITOR] Step   1 | Time 0.0025s / 1.0s (  0.2%)
            Fold Angle: Target +-  0.00deg | Actual [-0.00deg, +0.00deg]
            Plate Tips Y: Left= -0.50mm | Right= -0.50mm | Max Disp=  0.00mm
            Newton Iters:  2 | dt: 0.00250s
            [DIAGNOSTIC] display/plate max|u| ratio=1.0000 (display=0.000mm, plate=0.000mm)
            [DIAGNOSTIC] Real tie gap (not just active-pair count): DISPLAY_BOT_L_PLATE_L_TOP_TIE: max_gap=0.0000mm mean=0.0000mm n=70 | DISPLAY_BOT_R_PLATE_R_TOP_TIE: max_gap=0.0000mm mean=0.0000mm n=70
            [DIAGNOSTIC] Hinge curvature: max_curv_ratio=121393.40 kink_detected=True at x=7.50mm

[PNG] Deformed shape saved: D:\PythonCodeStudy\WHT_DispFoldSolver\examples\ex12_final_folding_shape.png
----------------------------------------------------------------------------------------------------
Step 2 | Attempting time increment: dt = 0.00375s (t: 0.0025s -> 0.0063s)
----------------------------------------------------------------------------------------------------

  Nonlinear Iteration Summary (Newton-Raphson)
  ==========================================================================================================================
  Time increment dt: 3.750e-03
  Convergence Tol  : 1.0e-02 (Disp Ratio)     Max Iterations: 50
  --------------------------------------------------------------------------------------------------------------------------
  Iter   Max Res.Force  (Node/DOF)    Max Disp.Corr  (Node/DOF)    Max Disp.Incr  Disp.Ratio  Energy.Err  LS.alpha  TieNodes
  --------------------------------------------------------------------------------------------------------------------------
     1    1.2876e+02  N140(UY)       8.2539e-05  N1(UY)         1.3934e-04     5.19e-01    6.44e-01      1.00       140
     2    2.7822e-04  N140(UY)       3.3335e-06  N5215(UY)      1.3934e-04     1.46e-02    6.72e-12      1.00       140
     3    1.0096e-05  N140(UY)       1.8655e-06  N638(UY)       1.3934e-04     7.67e-03    4.97e-13      1.00       140
  ---------------------------------------------------------------------------------------------------------------------
  => Increment Converged. (Time: 18.43 s)

     1     2     1       0       2     0.0063     0.0037     0.0037

  [MONITOR] Step   2 | Time 0.0063s / 1.0s (  0.6%)
            Fold Angle: Target +-  0.00deg | Actual [-0.00deg, +0.00deg]
            Plate Tips Y: Left= -0.50mm | Right= -0.50mm | Max Disp=  0.00mm
            Newton Iters:  2 | dt: 0.00375s
            [DIAGNOSTIC] display/plate max|u| ratio=1.0000 (display=0.000mm, plate=0.000mm)
            [DIAGNOSTIC] Real tie gap (not just active-pair count): DISPLAY_BOT_L_PLATE_L_TOP_TIE: max_gap=0.0000mm mean=0.0000mm n=70 | DISPLAY_BOT_R_PLATE_R_TOP_TIE: max_gap=0.0000mm mean=0.0000mm n=70

[PNG] Deformed shape saved: D:\PythonCodeStudy\WHT_DispFoldSolver\examples\ex12_final_folding_shape.png
----------------------------------------------------------------------------------------------------
Step 3 | Attempting time increment: dt = 0.00562s (t: 0.0063s -> 0.0119s)
----------------------------------------------------------------------------------------------------

  Nonlinear Iteration Summary (Newton-Raphson)
  ==========================================================================================================================
  Time increment dt: 5.625e-03
  Convergence Tol  : 1.0e-02 (Disp Ratio)     Max Iterations: 50
  --------------------------------------------------------------------------------------------------------------------------
  Iter   Max Res.Force  (Node/DOF)    Max Disp.Corr  (Node/DOF)    Max Disp.Incr  Disp.Ratio  Energy.Err  LS.alpha  TieNodes
  --------------------------------------------------------------------------------------------------------------------------
     1    2.8224e+02  N140(UY)       1.8092e-04  N140(UY)       8.6391e-04     1.67e-01    3.10e+00      1.00       140
     2    6.1828e-04  N1(UY)         1.0809e-05  N638(UY)       8.6391e-04     6.82e-03    4.20e-11      1.00       140
  ---------------------------------------------------------------------------------------------------------------------
  => Increment Converged. (Time: 11.31 s)

     1     3     1       0       1     0.0119     0.0056     0.0056

  [MONITOR] Step   3 | Time 0.0119s / 1.0s (  1.2%)
            Fold Angle: Target +-  0.00deg | Actual [-0.00deg, +0.00deg]
            Plate Tips Y: Left= -0.50mm | Right= -0.50mm | Max Disp=  0.00mm
            Newton Iters:  1 | dt: 0.00562s
            [DIAGNOSTIC] display/plate max|u| ratio=1.0000 (display=0.001mm, plate=0.000mm)
            [DIAGNOSTIC] Real tie gap (not just active-pair count): DISPLAY_BOT_L_PLATE_L_TOP_TIE: max_gap=0.0000mm mean=0.0000mm n=70 | DISPLAY_BOT_R_PLATE_R_TOP_TIE: max_gap=0.0000mm mean=0.0000mm n=70

[PNG] Deformed shape saved: D:\PythonCodeStudy\WHT_DispFoldSolver\examples\ex12_final_folding_shape.png
----------------------------------------------------------------------------------------------------
Step 4 | Attempting time increment: dt = 0.00844s (t: 0.0119s -> 0.0203s)
----------------------------------------------------------------------------------------------------

  Nonlinear Iteration Summary (Newton-Raphson)
  ==========================================================================================================================
  Time increment dt: 8.438e-03
  Convergence Tol  : 1.0e-02 (Disp Ratio)     Max Iterations: 50
  --------------------------------------------------------------------------------------------------------------------------
  Iter   Max Res.Force  (Node/DOF)    Max Disp.Corr  (Node/DOF)    Max Disp.Incr  Disp.Ratio  Energy.Err  LS.alpha  TieNodes
  --------------------------------------------------------------------------------------------------------------------------
     1    1.1152e+03  N1(UY)         7.1555e-04  N5115(UY)      3.9918e-03     1.34e-01    4.83e+01      1.00       140
     2    2.3912e-03  N1(UY)         4.6997e-05  N638(UY)       3.9918e-03     5.99e-03    7.06e-10      1.00       140
  ---------------------------------------------------------------------------------------------------------------------
  => Increment Converged. (Time: 10.80 s)

     1     4     1       0       1     0.0203     0.0084     0.0084

  [MONITOR] Step   4 | Time 0.0203s / 1.0s (  2.0%)
            Fold Angle: Target +-  0.01deg | Actual [-0.01deg, +0.01deg]
            Plate Tips Y: Left= -0.49mm | Right= -0.49mm | Max Disp=  0.01mm
            Newton Iters:  1 | dt: 0.00844s
            [DIAGNOSTIC] display/plate max|u| ratio=1.0000 (display=0.005mm, plate=0.000mm)
            [DIAGNOSTIC] Real tie gap (not just active-pair count): DISPLAY_BOT_L_PLATE_L_TOP_TIE: max_gap=0.0000mm mean=0.0000mm n=70 | DISPLAY_BOT_R_PLATE_R_TOP_TIE: max_gap=0.0000mm mean=0.0000mm n=70

[PNG] Deformed shape saved: D:\PythonCodeStudy\WHT_DispFoldSolver\examples\ex12_final_folding_shape.png
----------------------------------------------------------------------------------------------------
Step 5 | Attempting time increment: dt = 0.01000s (t: 0.0203s -> 0.0303s)
----------------------------------------------------------------------------------------------------

  Nonlinear Iteration Summary (Newton-Raphson)
  ==========================================================================================================================
  Time increment dt: 1.000e-02
  Convergence Tol  : 1.0e-02 (Disp Ratio)     Max Iterations: 50
  --------------------------------------------------------------------------------------------------------------------------
  Iter   Max Res.Force  (Node/DOF)    Max Disp.Corr  (Node/DOF)    Max Disp.Incr  Disp.Ratio  Energy.Err  LS.alpha  TieNodes
  --------------------------------------------------------------------------------------------------------------------------
     1    1.9535e+03  N1(UY)         1.2523e-03  N1(UY)         1.1375e-02     7.19e-02    1.48e+02      1.00       140
     2    3.5581e-03  N1(UY)         1.1043e-04  N638(UY)       1.1375e-02     4.24e-03    2.75e-09      1.00       140
  ---------------------------------------------------------------------------------------------------------------------
  => Increment Converged. (Time: 10.67 s)

     1     5     1       0       1     0.0303     0.0100     0.0100

  [MONITOR] Step   5 | Time 0.0303s / 1.0s (  3.0%)
            Fold Angle: Target +-  0.02deg | Actual [-0.02deg, +0.02deg]
            Plate Tips Y: Left= -0.48mm | Right= -0.48mm | Max Disp=  0.02mm
            Newton Iters:  1 | dt: 0.01000s
            [DIAGNOSTIC] display/plate max|u| ratio=1.0000 (display=0.016mm, plate=0.000mm)
            [DIAGNOSTIC] Real tie gap (not just active-pair count): DISPLAY_BOT_L_PLATE_L_TOP_TIE: max_gap=0.0000mm mean=0.0000mm n=70 | DISPLAY_BOT_R_PLATE_R_TOP_TIE: max_gap=0.0000mm mean=0.0000mm n=70

[PNG] Deformed shape saved: D:\PythonCodeStudy\WHT_DispFoldSolver\examples\ex12_final_folding_shape.png
----------------------------------------------------------------------------------------------------
Step 6 | Attempting time increment: dt = 0.01000s (t: 0.0303s -> 0.0403s)
----------------------------------------------------------------------------------------------------

  Nonlinear Iteration Summary (Newton-Raphson)
  ==========================================================================================================================
  Time increment dt: 1.000e-02
  Convergence Tol  : 1.0e-02 (Disp Ratio)     Max Iterations: 50
  --------------------------------------------------------------------------------------------------------------------------
  Iter   Max Res.Force  (Node/DOF)    Max Disp.Corr  (Node/DOF)    Max Disp.Incr  Disp.Ratio  Energy.Err  LS.alpha  TieNodes
  --------------------------------------------------------------------------------------------------------------------------
     1    1.7247e+03  N1(UY)         1.1065e-03  N5115(UY)      2.1559e-02     2.75e-02    1.16e+02      1.00       140
     2    1.5061e-03  N1(UY)         1.2341e-04  N638(UY)       2.1559e-02     2.03e-03    2.67e-09      1.00       140
  ---------------------------------------------------------------------------------------------------------------------
  => Increment Converged. (Time: 10.40 s)

     1     6     1       0       1     0.0403     0.0100     0.0100

  [MONITOR] Step   6 | Time 0.0403s / 1.0s (  4.0%)
            Fold Angle: Target +-  0.06deg | Actual [-0.06deg, +0.06deg]
            Plate Tips Y: Left= -0.46mm | Right= -0.46mm | Max Disp=  0.04mm
            Newton Iters:  1 | dt: 0.01000s
            [DIAGNOSTIC] display/plate max|u| ratio=1.0000 (display=0.038mm, plate=0.000mm)
            [DIAGNOSTIC] Real tie gap (not just active-pair count): DISPLAY_BOT_L_PLATE_L_TOP_TIE: max_gap=0.0000mm mean=0.0000mm n=70 | DISPLAY_BOT_R_PLATE_R_TOP_TIE: max_gap=0.0000mm mean=0.0000mm n=70

[PNG] Deformed shape saved: D:\PythonCodeStudy\WHT_DispFoldSolver\examples\ex12_final_folding_shape.png
----------------------------------------------------------------------------------------------------
Step 7 | Attempting time increment: dt = 0.01000s (t: 0.0403s -> 0.0503s)
----------------------------------------------------------------------------------------------------

  Nonlinear Iteration Summary (Newton-Raphson)
  ==========================================================================================================================
  Time increment dt: 1.000e-02
  Convergence Tol  : 1.0e-02 (Disp Ratio)     Max Iterations: 50
  --------------------------------------------------------------------------------------------------------------------------
  Iter   Max Res.Force  (Node/DOF)    Max Disp.Corr  (Node/DOF)    Max Disp.Incr  Disp.Ratio  Energy.Err  LS.alpha  TieNodes
  --------------------------------------------------------------------------------------------------------------------------
     1    1.5824e+03  N1(UY)         1.0145e-03  N339(UY)       3.4683e-02     1.31e-02    9.73e+01      1.00       140
     2    8.1508e-04  N140(UY)       4.7058e-05  N5215(UY)      3.4683e-02     4.19e-04    6.64e-10      1.00       140
  ---------------------------------------------------------------------------------------------------------------------
  => Increment Converged. (Time: 11.48 s)

     1     7     1       0       1     0.0503     0.0100     0.0100

  [MONITOR] Step   7 | Time 0.0503s / 1.0s (  5.0%)
            Fold Angle: Target +-  0.11deg | Actual [-0.11deg, +0.11deg]
            Plate Tips Y: Left= -0.43mm | Right= -0.43mm | Max Disp=  0.07mm
            Newton Iters:  1 | dt: 0.01000s
            [DIAGNOSTIC] display/plate max|u| ratio=1.0000 (display=0.073mm, plate=0.000mm)
            [DIAGNOSTIC] Real tie gap (not just active-pair count): DISPLAY_BOT_L_PLATE_L_TOP_TIE: max_gap=0.0000mm mean=0.0000mm n=70 | DISPLAY_BOT_R_PLATE_R_TOP_TIE: max_gap=0.0000mm mean=0.0000mm n=70

[PNG] Deformed shape saved: D:\PythonCodeStudy\WHT_DispFoldSolver\examples\ex12_final_folding_shape.png
----------------------------------------------------------------------------------------------------
Step 8 | Attempting time increment: dt = 0.01000s (t: 0.0503s -> 0.0603s)
----------------------------------------------------------------------------------------------------

  Nonlinear Iteration Summary (Newton-Raphson)
  ==========================================================================================================================
  Time increment dt: 1.000e-02
  Convergence Tol  : 1.0e-02 (Disp Ratio)     Max Iterations: 50
  --------------------------------------------------------------------------------------------------------------------------
  Iter   Max Res.Force  (Node/DOF)    Max Disp.Corr  (Node/DOF)    Max Disp.Incr  Disp.Ratio  Energy.Err  LS.alpha  TieNodes
  --------------------------------------------------------------------------------------------------------------------------
     1    1.5399e+03  N1(UY)         9.8970e-04  N5115(UY)      5.0544e-02     7.49e-03    9.22e+01      1.00       140
     2    4.3426e-03  N140(UY)       8.7966e-06  N638(UY)       5.0545e-02     3.56e-05    1.02e-09      1.00       140
  ---------------------------------------------------------------------------------------------------------------------
  => Increment Converged. (Time: 13.21 s)

     1     8     1       0       1     0.0603     0.0100     0.0100

  [MONITOR] Step   8 | Time 0.0603s / 1.0s (  6.0%)
            Fold Angle: Target +-  0.18deg | Actual [-0.18deg, +0.18deg]
            Plate Tips Y: Left= -0.38mm | Right= -0.38mm | Max Disp=  0.12mm
            Newton Iters:  1 | dt: 0.01000s
            [DIAGNOSTIC] display/plate max|u| ratio=1.0000 (display=0.123mm, plate=0.000mm)
            [DIAGNOSTIC] Real tie gap (not just active-pair count): DISPLAY_BOT_L_PLATE_L_TOP_TIE: max_gap=0.0000mm mean=0.0000mm n=70 | DISPLAY_BOT_R_PLATE_R_TOP_TIE: max_gap=0.0000mm mean=0.0000mm n=70

[PNG] Deformed shape saved: D:\PythonCodeStudy\WHT_DispFoldSolver\examples\ex12_final_folding_shape.png
----------------------------------------------------------------------------------------------------
Step 9 | Attempting time increment: dt = 0.01000s (t: 0.0603s -> 0.0703s)
----------------------------------------------------------------------------------------------------

  Nonlinear Iteration Summary (Newton-Raphson)
  ==========================================================================================================================
  Time increment dt: 1.000e-02
  Convergence Tol  : 1.0e-02 (Disp Ratio)     Max Iterations: 50
  --------------------------------------------------------------------------------------------------------------------------
  Iter   Max Res.Force  (Node/DOF)    Max Disp.Corr  (Node/DOF)    Max Disp.Incr  Disp.Ratio  Energy.Err  LS.alpha  TieNodes
  --------------------------------------------------------------------------------------------------------------------------
     1    1.3411e+03  N1(UY)         8.6130e-04  N141(UY)       6.8947e-02     4.20e-03    7.00e+01      1.00       140
     2    7.4482e-03  N140(UY)       6.3638e-05  N638(UY)       6.8948e-02     2.09e-04    2.96e-09      1.00       140
  ---------------------------------------------------------------------------------------------------------------------
  => Increment Converged. (Time: 13.20 s)

     1     9     1       0       1     0.0703     0.0100     0.0100

  [MONITOR] Step   9 | Time 0.0703s / 1.0s (  7.0%)
            Fold Angle: Target +-  0.28deg | Actual [-0.28deg, +0.28deg]
            Plate Tips Y: Left= -0.31mm | Right= -0.31mm | Max Disp=  0.19mm
            Newton Iters:  1 | dt: 0.01000s
            [DIAGNOSTIC] display/plate max|u| ratio=1.0000 (display=0.192mm, plate=0.000mm)
            [DIAGNOSTIC] Real tie gap (not just active-pair count): DISPLAY_BOT_L_PLATE_L_TOP_TIE: max_gap=0.0000mm mean=0.0000mm n=70 | DISPLAY_BOT_R_PLATE_R_TOP_TIE: max_gap=0.0000mm mean=0.0000mm n=70

[PNG] Deformed shape saved: D:\PythonCodeStudy\WHT_DispFoldSolver\examples\ex12_final_folding_shape.png
----------------------------------------------------------------------------------------------------
Step 10 | Attempting time increment: dt = 0.01000s (t: 0.0703s -> 0.0803s)
----------------------------------------------------------------------------------------------------

  Nonlinear Iteration Summary (Newton-Raphson)
  ==========================================================================================================================
  Time increment dt: 1.000e-02
  Convergence Tol  : 1.0e-02 (Disp Ratio)     Max Iterations: 50
  --------------------------------------------------------------------------------------------------------------------------
  Iter   Max Res.Force  (Node/DOF)    Max Disp.Corr  (Node/DOF)    Max Disp.Incr  Disp.Ratio  Energy.Err  LS.alpha  TieNodes
  --------------------------------------------------------------------------------------------------------------------------
     1    1.3079e+03  N140(UY)       8.4205e-04  N339(UY)       8.9698e-02     2.86e-03    6.67e+01      1.00       140
     2    1.2050e-02  N140(UY)       1.6184e-04  N638(UY)       8.9698e-02     3.55e-04    9.56e-09      1.00       140
  ---------------------------------------------------------------------------------------------------------------------
  => Increment Converged. (Time: 13.41 s)

     1    10     1       0       1     0.0803     0.0100     0.0100

  [MONITOR] Step  10 | Time 0.0803s / 1.0s (  8.0%)
            Fold Angle: Target +-  0.41deg | Actual [-0.41deg, +0.41deg]
            Plate Tips Y: Left= -0.22mm | Right= -0.22mm | Max Disp=  0.28mm
            Newton Iters:  1 | dt: 0.01000s
            [DIAGNOSTIC] display/plate max|u| ratio=1.0000 (display=0.282mm, plate=0.000mm)
            [DIAGNOSTIC] Real tie gap (not just active-pair count): DISPLAY_BOT_L_PLATE_L_TOP_TIE: max_gap=0.0000mm mean=0.0000mm n=70 | DISPLAY_BOT_R_PLATE_R_TOP_TIE: max_gap=0.0000mm mean=0.0000mm n=70
            [DIAGNOSTIC] Hinge curvature: max_curv_ratio=26709717.48 kink_detected=True at x=7.50mm

[PNG] Deformed shape saved: D:\PythonCodeStudy\WHT_DispFoldSolver\examples\ex12_final_folding_shape.png
----------------------------------------------------------------------------------------------------
Step 11 | Attempting time increment: dt = 0.01000s (t: 0.0803s -> 0.0903s)
----------------------------------------------------------------------------------------------------

  Nonlinear Iteration Summary (Newton-Raphson)
  ==========================================================================================================================
  Time increment dt: 1.000e-02
  Convergence Tol  : 1.0e-02 (Disp Ratio)     Max Iterations: 50
  --------------------------------------------------------------------------------------------------------------------------
  Iter   Max Res.Force  (Node/DOF)    Max Disp.Corr  (Node/DOF)    Max Disp.Incr  Disp.Ratio  Energy.Err  LS.alpha  TieNodes
  --------------------------------------------------------------------------------------------------------------------------
     1    1.1332e+03  N1(UY)         7.3135e-04  N141(UY)       1.1261e-01     1.76e-03    5.02e+01      1.00       140
     2    1.4828e-02  N140(UY)       1.0967e-04  N638(UY)       1.1261e-01     1.73e-04    1.04e-08      1.00       140
  ---------------------------------------------------------------------------------------------------------------------
  => Increment Converged. (Time: 13.13 s)

     1    11     1       0       1     0.0903     0.0100     0.0100

  [MONITOR] Step  11 | Time 0.0903s / 1.0s (  9.0%)
            Fold Angle: Target +-  0.58deg | Actual [-0.58deg, +0.58deg]
            Plate Tips Y: Left= -0.11mm | Right= -0.11mm | Max Disp=  0.39mm
            Newton Iters:  1 | dt: 0.01000s
            [DIAGNOSTIC] display/plate max|u| ratio=1.0000 (display=0.394mm, plate=0.000mm)
            [DIAGNOSTIC] Real tie gap (not just active-pair count): DISPLAY_BOT_L_PLATE_L_TOP_TIE: max_gap=0.0000mm mean=0.0000mm n=70 | DISPLAY_BOT_R_PLATE_R_TOP_TIE: max_gap=0.0000mm mean=0.0000mm n=70

[PNG] Deformed shape saved: D:\PythonCodeStudy\WHT_DispFoldSolver\examples\ex12_final_folding_shape.png
----------------------------------------------------------------------------------------------------
Step 12 | Attempting time increment: dt = 0.01000s (t: 0.0903s -> 0.1003s)
----------------------------------------------------------------------------------------------------

  Nonlinear Iteration Summary (Newton-Raphson)
  ==========================================================================================================================
  Time increment dt: 1.000e-02
  Convergence Tol  : 1.0e-02 (Disp Ratio)     Max Iterations: 50
  --------------------------------------------------------------------------------------------------------------------------
  Iter   Max Res.Force  (Node/DOF)    Max Disp.Corr  (Node/DOF)    Max Disp.Incr  Disp.Ratio  Energy.Err  LS.alpha  TieNodes
  --------------------------------------------------------------------------------------------------------------------------
     1    1.0777e+03  N140(UY)       6.9816e-04  N339(UY)       1.3750e-01     1.22e-03    4.57e+01      1.00       140
     2    1.9293e-02  N140(UY)       1.1053e-05  N638(UY)       1.3750e-01     1.11e-05    1.46e-08      1.00       140
  ---------------------------------------------------------------------------------------------------------------------
  => Increment Converged. (Time: 13.97 s)

     1    12     1       0       1     0.1003     0.0100     0.0100

  [MONITOR] Step  12 | Time 0.1003s / 1.0s ( 10.0%)
            Fold Angle: Target +-  0.78deg | Actual [-0.78deg, +0.78deg]
            Plate Tips Y: Left= +0.03mm | Right= +0.03mm | Max Disp=  0.53mm
            Newton Iters:  1 | dt: 0.01000s
            [DIAGNOSTIC] display/plate max|u| ratio=1.0000 (display=0.532mm, plate=0.000mm)
            [DIAGNOSTIC] Real tie gap (not just active-pair count): DISPLAY_BOT_L_PLATE_L_TOP_TIE: max_gap=0.0000mm mean=0.0000mm n=70 | DISPLAY_BOT_R_PLATE_R_TOP_TIE: max_gap=0.0000mm mean=0.0000mm n=70

[PNG] Deformed shape saved: D:\PythonCodeStudy\WHT_DispFoldSolver\examples\ex12_final_folding_shape.png
----------------------------------------------------------------------------------------------------
Step 13 | Attempting time increment: dt = 0.01000s (t: 0.1003s -> 0.1103s)
----------------------------------------------------------------------------------------------------

  Nonlinear Iteration Summary (Newton-Raphson)
  ==========================================================================================================================
  Time increment dt: 1.000e-02
  Convergence Tol  : 1.0e-02 (Disp Ratio)     Max Iterations: 50
  --------------------------------------------------------------------------------------------------------------------------
  Iter   Max Res.Force  (Node/DOF)    Max Disp.Corr  (Node/DOF)    Max Disp.Incr  Disp.Ratio  Energy.Err  LS.alpha  TieNodes
  --------------------------------------------------------------------------------------------------------------------------
     1    9.3867e+02  N2(UY)         6.0893e-04  N141(UY)       1.6419e-01     8.31e-04    3.47e+01      1.00       140
     2    2.1016e-02  N140(UY)       8.7937e-05  N1235(UY)      1.6419e-01     7.87e-05    1.84e-08      1.00       140
  ---------------------------------------------------------------------------------------------------------------------
  => Increment Converged. (Time: 13.91 s)

     1    13     1       0       1     0.1103     0.0100     0.0100

  [MONITOR] Step  13 | Time 0.1103s / 1.0s ( 11.0%)
            Fold Angle: Target +-  1.02deg | Actual [-1.02deg, +1.02deg]
            Plate Tips Y: Left= +0.20mm | Right= +0.20mm | Max Disp=  0.70mm
            Newton Iters:  1 | dt: 0.01000s
            [DIAGNOSTIC] display/plate max|u| ratio=1.0000 (display=0.696mm, plate=0.000mm)
            [DIAGNOSTIC] Real tie gap (not just active-pair count): DISPLAY_BOT_L_PLATE_L_TOP_TIE: max_gap=0.0000mm mean=0.0000mm n=70 | DISPLAY_BOT_R_PLATE_R_TOP_TIE: max_gap=0.0000mm mean=0.0000mm n=70

[PNG] Deformed shape saved: D:\PythonCodeStudy\WHT_DispFoldSolver\examples\ex12_final_folding_shape.png
----------------------------------------------------------------------------------------------------
Step 14 | Attempting time increment: dt = 0.01000s (t: 0.1103s -> 0.1203s)
----------------------------------------------------------------------------------------------------

  Nonlinear Iteration Summary (Newton-Raphson)
  ==========================================================================================================================
  Time increment dt: 1.000e-02
  Convergence Tol  : 1.0e-02 (Disp Ratio)     Max Iterations: 50
  --------------------------------------------------------------------------------------------------------------------------
  Iter   Max Res.Force  (Node/DOF)    Max Disp.Corr  (Node/DOF)    Max Disp.Incr  Disp.Ratio  Energy.Err  LS.alpha  TieNodes
  --------------------------------------------------------------------------------------------------------------------------
     1    8.7213e+02  N139(UY)       7.1918e-04  N240(UY)       1.9250e-01     7.88e-04    3.00e+01      1.00       140
     2    2.4319e-02  N140(UY)       4.0199e-04  N2031(UY)      1.9250e-01     2.78e-04    4.66e-08      1.00       140
  ---------------------------------------------------------------------------------------------------------------------
  => Increment Converged. (Time: 13.83 s)

     1    14     1       0       1     0.1203     0.0100     0.0100

  [MONITOR] Step  14 | Time 0.1203s / 1.0s ( 12.0%)
            Fold Angle: Target +-  1.30deg | Actual [-1.30deg, +1.30deg]
            Plate Tips Y: Left= +0.39mm | Right= +0.39mm | Max Disp=  0.89mm
            Newton Iters:  1 | dt: 0.01000s
            [DIAGNOSTIC] display/plate max|u| ratio=1.0000 (display=0.889mm, plate=0.000mm)
            [DIAGNOSTIC] Real tie gap (not just active-pair count): DISPLAY_BOT_L_PLATE_L_TOP_TIE: max_gap=0.0000mm mean=0.0000mm n=70 | DISPLAY_BOT_R_PLATE_R_TOP_TIE: max_gap=0.0000mm mean=0.0000mm n=70

[PNG] Deformed shape saved: D:\PythonCodeStudy\WHT_DispFoldSolver\examples\ex12_final_folding_shape.png
----------------------------------------------------------------------------------------------------
Step 15 | Attempting time increment: dt = 0.01000s (t: 0.1203s -> 0.1303s)
----------------------------------------------------------------------------------------------------

  Nonlinear Iteration Summary (Newton-Raphson)
  ==========================================================================================================================
  Time increment dt: 1.000e-02
  Convergence Tol  : 1.0e-02 (Disp Ratio)     Max Iterations: 50
  --------------------------------------------------------------------------------------------------------------------------
  Iter   Max Res.Force  (Node/DOF)    Max Disp.Corr  (Node/DOF)    Max Disp.Incr  Disp.Ratio  Energy.Err  LS.alpha  TieNodes
  --------------------------------------------------------------------------------------------------------------------------
     1    7.6003e+02  N2(UY)         9.1338e-04  N240(UY)       2.2228e-01     6.70e-04    2.28e+01      1.00       140
     2    2.5337e-02  N1(UY)         4.7949e-04  N2827(UY)      2.2228e-01     2.65e-04    5.95e-08      1.00       140
  ---------------------------------------------------------------------------------------------------------------------
  => Increment Converged. (Time: 13.83 s)

     1    15     1       0       1     0.1303     0.0100     0.0100

  [MONITOR] Step  15 | Time 0.1303s / 1.0s ( 13.0%)
            Fold Angle: Target +-  1.62deg | Actual [-1.62deg, +1.62deg]
            Plate Tips Y: Left= +0.61mm | Right= +0.61mm | Max Disp=  1.11mm
            Newton Iters:  1 | dt: 0.01000s
            [DIAGNOSTIC] display/plate max|u| ratio=1.0000 (display=1.111mm, plate=0.000mm)
            [DIAGNOSTIC] Real tie gap (not just active-pair count): DISPLAY_BOT_L_PLATE_L_TOP_TIE: max_gap=0.0000mm mean=0.0000mm n=70 | DISPLAY_BOT_R_PLATE_R_TOP_TIE: max_gap=0.0000mm mean=0.0000mm n=70

[PNG] Deformed shape saved: D:\PythonCodeStudy\WHT_DispFoldSolver\examples\ex12_final_folding_shape.png
----------------------------------------------------------------------------------------------------
Step 16 | Attempting time increment: dt = 0.01000s (t: 0.1303s -> 0.1403s)
----------------------------------------------------------------------------------------------------

  Nonlinear Iteration Summary (Newton-Raphson)
  ==========================================================================================================================
  Time increment dt: 1.000e-02
  Convergence Tol  : 1.0e-02 (Disp Ratio)     Max Iterations: 50
  --------------------------------------------------------------------------------------------------------------------------
  Iter   Max Res.Force  (Node/DOF)    Max Disp.Corr  (Node/DOF)    Max Disp.Incr  Disp.Ratio  Energy.Err  LS.alpha  TieNodes
  --------------------------------------------------------------------------------------------------------------------------
     1    6.8936e+02  N139(UY)       4.4469e-04  N339(UY)       2.5337e-01     3.38e-04    1.88e+01      1.00       140
     2    2.8618e-02  N1(UY)         1.3885e-04  N4419(UY)      2.5337e-01     6.33e-05    3.51e-08      1.00       140
  ---------------------------------------------------------------------------------------------------------------------
  => Increment Converged. (Time: 17.81 s)

     1    16     1       0       1     0.1403     0.0100     0.0100

  [MONITOR] Step  16 | Time 0.1403s / 1.0s ( 14.0%)
            Fold Angle: Target +-  1.99deg | Actual [-1.99deg, +1.99deg]
            Plate Tips Y: Left= +0.86mm | Right= +0.86mm | Max Disp=  1.36mm
            Newton Iters:  1 | dt: 0.01000s
            [DIAGNOSTIC] display/plate max|u| ratio=1.0000 (display=1.364mm, plate=0.000mm)
            [DIAGNOSTIC] Real tie gap (not just active-pair count): DISPLAY_BOT_L_PLATE_L_TOP_TIE: max_gap=0.0000mm mean=0.0000mm n=70 | DISPLAY_BOT_R_PLATE_R_TOP_TIE: max_gap=0.0000mm mean=0.0000mm n=70

[PNG] Deformed shape saved: D:\PythonCodeStudy\WHT_DispFoldSolver\examples\ex12_final_folding_shape.png
----------------------------------------------------------------------------------------------------
Step 17 | Attempting time increment: dt = 0.01000s (t: 0.1403s -> 0.1503s)
----------------------------------------------------------------------------------------------------

  Nonlinear Iteration Summary (Newton-Raphson)
  ==========================================================================================================================
  Time increment dt: 1.000e-02
  Convergence Tol  : 1.0e-02 (Disp Ratio)     Max Iterations: 50
  --------------------------------------------------------------------------------------------------------------------------
  Iter   Max Res.Force  (Node/DOF)    Max Disp.Corr  (Node/DOF)    Max Disp.Incr  Disp.Ratio  Energy.Err  LS.alpha  TieNodes
  --------------------------------------------------------------------------------------------------------------------------
     1    5.9844e+02  N2(UY)         3.8461e-04  N141(UY)       2.8561e-01     2.35e-04    1.43e+01      1.00       140
     2    3.1531e-02  N140(UY)       2.6720e-05  N2230(UY)      2.8561e-01     8.95e-06    3.91e-08      1.00       140
  ---------------------------------------------------------------------------------------------------------------------
  => Increment Converged. (Time: 13.91 s)

     1    17     1       0       1     0.1503     0.0100     0.0100

  [MONITOR] Step  17 | Time 0.1503s / 1.0s ( 15.0%)
            Fold Angle: Target +-  2.41deg | Actual [-2.41deg, +2.41deg]
            Plate Tips Y: Left= +1.15mm | Right= +1.15mm | Max Disp=  1.65mm
            Newton Iters:  1 | dt: 0.01000s
            [DIAGNOSTIC] display/plate max|u| ratio=1.0000 (display=1.650mm, plate=0.000mm)
            [DIAGNOSTIC] Real tie gap (not just active-pair count): DISPLAY_BOT_L_PLATE_L_TOP_TIE: max_gap=0.0000mm mean=0.0000mm n=70 | DISPLAY_BOT_R_PLATE_R_TOP_TIE: max_gap=0.0000mm mean=0.0000mm n=70

[PNG] Deformed shape saved: D:\PythonCodeStudy\WHT_DispFoldSolver\examples\ex12_final_folding_shape.png
----------------------------------------------------------------------------------------------------
Step 18 | Attempting time increment: dt = 0.01000s (t: 0.1503s -> 0.1603s)
----------------------------------------------------------------------------------------------------

  Nonlinear Iteration Summary (Newton-Raphson)
  ==========================================================================================================================
  Time increment dt: 1.000e-02
  Convergence Tol  : 1.0e-02 (Disp Ratio)     Max Iterations: 50
  --------------------------------------------------------------------------------------------------------------------------
  Iter   Max Res.Force  (Node/DOF)    Max Disp.Corr  (Node/DOF)    Max Disp.Incr  Disp.Ratio  Energy.Err  LS.alpha  TieNodes
  --------------------------------------------------------------------------------------------------------------------------
     1    5.3216e+02  N139(UY)       7.0596e-04  N5215(UY)      3.1887e-01     2.99e-04    1.14e+01      1.00       140
     2    3.8573e-02  N1(UY)         3.3122e-04  N4419(UY)      3.1886e-01     1.04e-04    7.81e-08      1.00       140
  ---------------------------------------------------------------------------------------------------------------------
  => Increment Converged. (Time: 14.03 s)

     1    18     1       0       1     0.1603     0.0100     0.0100

  [MONITOR] Step  18 | Time 0.1603s / 1.0s ( 16.0%)
            Fold Angle: Target +-  2.87deg | Actual [-2.87deg, +2.87deg]
            Plate Tips Y: Left= +1.47mm | Right= +1.47mm | Max Disp=  1.97mm
            Newton Iters:  1 | dt: 0.01000s
            [DIAGNOSTIC] display/plate max|u| ratio=1.0000 (display=1.969mm, plate=0.000mm)
            [DIAGNOSTIC] Real tie gap (not just active-pair count): DISPLAY_BOT_L_PLATE_L_TOP_TIE: max_gap=0.0000mm mean=0.0000mm n=70 | DISPLAY_BOT_R_PLATE_R_TOP_TIE: max_gap=0.0000mm mean=0.0000mm n=70

[PNG] Deformed shape saved: D:\PythonCodeStudy\WHT_DispFoldSolver\examples\ex12_final_folding_shape.png
----------------------------------------------------------------------------------------------------
Step 19 | Attempting time increment: dt = 0.01000s (t: 0.1603s -> 0.1703s)
----------------------------------------------------------------------------------------------------

  Nonlinear Iteration Summary (Newton-Raphson)
  ==========================================================================================================================
  Time increment dt: 1.000e-02
  Convergence Tol  : 1.0e-02 (Disp Ratio)     Max Iterations: 50
  --------------------------------------------------------------------------------------------------------------------------
  Iter   Max Res.Force  (Node/DOF)    Max Disp.Corr  (Node/DOF)    Max Disp.Incr  Disp.Ratio  Energy.Err  LS.alpha  TieNodes
  --------------------------------------------------------------------------------------------------------------------------
     1    5.3852e+02  N140(UX)       8.9076e-04  N5215(UY)      3.5301e-01     2.93e-04    8.60e+00      1.00       140
     2    4.9841e-02  N140(UY)       3.7950e-04  N5215(UY)      3.5300e-01     1.01e-04    1.26e-07      1.00       140
  ---------------------------------------------------------------------------------------------------------------------
  => Increment Converged. (Time: 14.83 s)

     1    19     1       0       1     0.1703     0.0100     0.0100

  [MONITOR] Step  19 | Time 0.1703s / 1.0s ( 17.0%)
            Fold Angle: Target +-  3.39deg | Actual [-3.39deg, +3.39deg]
            Plate Tips Y: Left= +1.82mm | Right= +1.82mm | Max Disp=  2.32mm
            Newton Iters:  1 | dt: 0.01000s
            [DIAGNOSTIC] display/plate max|u| ratio=1.0000 (display=2.322mm, plate=0.000mm)
            [DIAGNOSTIC] Real tie gap (not just active-pair count): DISPLAY_BOT_L_PLATE_L_TOP_TIE: max_gap=0.0000mm mean=0.0000mm n=70 | DISPLAY_BOT_R_PLATE_R_TOP_TIE: max_gap=0.0000mm mean=0.0000mm n=70

[PNG] Deformed shape saved: D:\PythonCodeStudy\WHT_DispFoldSolver\examples\ex12_final_folding_shape.png
----------------------------------------------------------------------------------------------------
Step 20 | Attempting time increment: dt = 0.01000s (t: 0.1703s -> 0.1803s)
----------------------------------------------------------------------------------------------------

  Nonlinear Iteration Summary (Newton-Raphson)
  ==========================================================================================================================
  Time increment dt: 1.000e-02
  Convergence Tol  : 1.0e-02 (Disp Ratio)     Max Iterations: 50
  --------------------------------------------------------------------------------------------------------------------------
  Iter   Max Res.Force  (Node/DOF)    Max Disp.Corr  (Node/DOF)    Max Disp.Incr  Disp.Ratio  Energy.Err  LS.alpha  TieNodes
  --------------------------------------------------------------------------------------------------------------------------
     1    5.9785e+02  N1(UX)         7.4784e-04  N1633(UY)      3.8792e-01     1.91e-04    6.78e+00      1.00       140
     2    7.1226e-02  N139(UY)       2.4423e-04  N5215(UY)      3.8792e-01     5.43e-05    2.12e-07      1.00       140
  ---------------------------------------------------------------------------------------------------------------------
  => Increment Converged. (Time: 13.53 s)

     1    20     1       0       1     0.1803     0.0100     0.0100

  [MONITOR] Step  20 | Time 0.1803s / 1.0s ( 18.0%)
            Fold Angle: Target +-  3.95deg | Actual [-3.95deg, +3.95deg]
            Plate Tips Y: Left= +2.20mm | Right= +2.20mm | Max Disp=  2.71mm
            Newton Iters:  1 | dt: 0.01000s
            [DIAGNOSTIC] display/plate max|u| ratio=1.0000 (display=2.710mm, plate=0.000mm)
            [DIAGNOSTIC] Real tie gap (not just active-pair count): DISPLAY_BOT_L_PLATE_L_TOP_TIE: max_gap=0.0000mm mean=0.0000mm n=70 | DISPLAY_BOT_R_PLATE_R_TOP_TIE: max_gap=0.0000mm mean=0.0000mm n=70
            [DIAGNOSTIC] Hinge curvature: max_curv_ratio=6211084.84 kink_detected=True at x=-7.50mm

[PNG] Deformed shape saved: D:\PythonCodeStudy\WHT_DispFoldSolver\examples\ex12_final_folding_shape.png
----------------------------------------------------------------------------------------------------
Step 21 | Attempting time increment: dt = 0.01000s (t: 0.1803s -> 0.1903s)
----------------------------------------------------------------------------------------------------

  Nonlinear Iteration Summary (Newton-Raphson)
  ==========================================================================================================================
  Time increment dt: 1.000e-02
  Convergence Tol  : 1.0e-02 (Disp Ratio)     Max Iterations: 50
  --------------------------------------------------------------------------------------------------------------------------
  Iter   Max Res.Force  (Node/DOF)    Max Disp.Corr  (Node/DOF)    Max Disp.Incr  Disp.Ratio  Energy.Err  LS.alpha  TieNodes
  --------------------------------------------------------------------------------------------------------------------------
     1    6.5558e+02  N1(UX)         8.1430e-04  N5215(UY)      4.2354e-01     1.73e-04    5.28e+00      1.00       140
     2    1.0503e-01  N139(UY)       2.3655e-04  N5214(UY)      4.2353e-01     4.60e-05    4.48e-07      1.00       140
  ---------------------------------------------------------------------------------------------------------------------
  => Increment Converged. (Time: 13.28 s)

     1    21     1       0       1     0.1903     0.0100     0.0100

  [MONITOR] Step  21 | Time 0.1903s / 1.0s ( 19.0%)
            Fold Angle: Target +-  4.57deg | Actual [-4.57deg, +4.57deg]
            Plate Tips Y: Left= +2.62mm | Right= +2.62mm | Max Disp=  3.13mm
            Newton Iters:  1 | dt: 0.01000s
            [DIAGNOSTIC] display/plate max|u| ratio=1.0000 (display=3.133mm, plate=0.000mm)
            [DIAGNOSTIC] Real tie gap (not just active-pair count): DISPLAY_BOT_L_PLATE_L_TOP_TIE: max_gap=0.0000mm mean=0.0000mm n=70 | DISPLAY_BOT_R_PLATE_R_TOP_TIE: max_gap=0.0000mm mean=0.0000mm n=70

[PNG] Deformed shape saved: D:\PythonCodeStudy\WHT_DispFoldSolver\examples\ex12_final_folding_shape.png
----------------------------------------------------------------------------------------------------
Step 22 | Attempting time increment: dt = 0.01000s (t: 0.1903s -> 0.2003s)
----------------------------------------------------------------------------------------------------

  Nonlinear Iteration Summary (Newton-Raphson)
  ==========================================================================================================================
  Time increment dt: 1.000e-02
  Convergence Tol  : 1.0e-02 (Disp Ratio)     Max Iterations: 50
  --------------------------------------------------------------------------------------------------------------------------
  Iter   Max Res.Force  (Node/DOF)    Max Disp.Corr  (Node/DOF)    Max Disp.Incr  Disp.Ratio  Energy.Err  LS.alpha  TieNodes
  --------------------------------------------------------------------------------------------------------------------------
     1    7.1071e+02  N1(UX)         1.4060e-03  N5215(UY)      4.5984e-01     2.71e-04    4.32e+00      1.00       140
     2    1.5947e-01  N139(UY)       4.2854e-04  N5215(UY)      4.5983e-01     7.53e-05    1.05e-06      1.00       140
  ---------------------------------------------------------------------------------------------------------------------
  => Increment Converged. (Time: 13.87 s)

     1    22     1       0       1     0.2003     0.0100     0.0100

  [MONITOR] Step  22 | Time 0.2003s / 1.0s ( 20.0%)
            Fold Angle: Target +-  5.23deg | Actual [-5.23deg, +5.23deg]
            Plate Tips Y: Left= +3.08mm | Right= +3.08mm | Max Disp=  3.59mm
            Newton Iters:  1 | dt: 0.01000s
            [DIAGNOSTIC] display/plate max|u| ratio=1.0000 (display=3.593mm, plate=0.000mm)
            [DIAGNOSTIC] Real tie gap (not just active-pair count): DISPLAY_BOT_L_PLATE_L_TOP_TIE: max_gap=0.0000mm mean=0.0000mm n=70 | DISPLAY_BOT_R_PLATE_R_TOP_TIE: max_gap=0.0000mm mean=0.0000mm n=70

[PNG] Deformed shape saved: D:\PythonCodeStudy\WHT_DispFoldSolver\examples\ex12_final_folding_shape.png
----------------------------------------------------------------------------------------------------
Step 23 | Attempting time increment: dt = 0.01000s (t: 0.2003s -> 0.2103s)
----------------------------------------------------------------------------------------------------

  Nonlinear Iteration Summary (Newton-Raphson)
  ==========================================================================================================================
  Time increment dt: 1.000e-02
  Convergence Tol  : 1.0e-02 (Disp Ratio)     Max Iterations: 50
  --------------------------------------------------------------------------------------------------------------------------
  Iter   Max Res.Force  (Node/DOF)    Max Disp.Corr  (Node/DOF)    Max Disp.Incr  Disp.Ratio  Energy.Err  LS.alpha  TieNodes
  --------------------------------------------------------------------------------------------------------------------------
     1    7.6221e+02  N1(UX)         6.1970e-04  N4996(UY)      4.9693e-01     1.28e-04    3.64e+00      1.00       140
     2    2.4432e-01  N139(UY)       1.4312e-04  N5215(UY)      4.9693e-01     2.31e-05    2.35e-06      1.00       140
  ---------------------------------------------------------------------------------------------------------------------
  => Increment Converged. (Time: 15.43 s)

     1    23     1       0       1     0.2103     0.0100     0.0100

  [MONITOR] Step  23 | Time 0.2103s / 1.0s ( 21.0%)
            Fold Angle: Target +-  5.95deg | Actual [-5.95deg, +5.95deg]
            Plate Tips Y: Left= +3.57mm | Right= +3.57mm | Max Disp=  4.09mm
            Newton Iters:  1 | dt: 0.01000s
            [DIAGNOSTIC] display/plate max|u| ratio=1.0000 (display=4.090mm, plate=0.000mm)
            [DIAGNOSTIC] Real tie gap (not just active-pair count): DISPLAY_BOT_L_PLATE_L_TOP_TIE: max_gap=0.0000mm mean=0.0000mm n=70 | DISPLAY_BOT_R_PLATE_R_TOP_TIE: max_gap=0.0000mm mean=0.0000mm n=70

[PNG] Deformed shape saved: D:\PythonCodeStudy\WHT_DispFoldSolver\examples\ex12_final_folding_shape.png
----------------------------------------------------------------------------------------------------
Step 24 | Attempting time increment: dt = 0.01000s (t: 0.2103s -> 0.2203s)
----------------------------------------------------------------------------------------------------

  Nonlinear Iteration Summary (Newton-Raphson)
  ==========================================================================================================================
  Time increment dt: 1.000e-02
  Convergence Tol  : 1.0e-02 (Disp Ratio)     Max Iterations: 50
  --------------------------------------------------------------------------------------------------------------------------
  Iter   Max Res.Force  (Node/DOF)    Max Disp.Corr  (Node/DOF)    Max Disp.Incr  Disp.Ratio  Energy.Err  LS.alpha  TieNodes
  --------------------------------------------------------------------------------------------------------------------------
     1    8.0908e+02  N1(UX)         1.2503e-03  N5213(UY)      5.3516e-01     1.76e-04    3.29e+00      1.00       140
     2    3.7206e-01  N139(UY)       2.7165e-04  N5410(UY)      5.3514e-01     3.68e-05    5.43e-06      1.00       140
  ---------------------------------------------------------------------------------------------------------------------
  => Increment Converged. (Time: 13.91 s)
  Mesh quality NOTICE: min det(J)=3.354e-01 ? approaching inversion threshold (2 elements warped)

     1    24     1       0       1     0.2203     0.0100     0.0100

  [MONITOR] Step  24 | Time 0.2203s / 1.0s ( 22.0%)
            Fold Angle: Target +-  6.72deg | Actual [-6.72deg, +6.72deg]
            Plate Tips Y: Left= +4.09mm | Right= +4.09mm | Max Disp=  4.63mm
            Newton Iters:  1 | dt: 0.01000s
            [DIAGNOSTIC] display/plate max|u| ratio=1.0000 (display=4.625mm, plate=0.000mm)
            [DIAGNOSTIC] Real tie gap (not just active-pair count): DISPLAY_BOT_L_PLATE_L_TOP_TIE: max_gap=0.0000mm mean=0.0000mm n=70 | DISPLAY_BOT_R_PLATE_R_TOP_TIE: max_gap=0.0000mm mean=0.0000mm n=70

[PNG] Deformed shape saved: D:\PythonCodeStudy\WHT_DispFoldSolver\examples\ex12_final_folding_shape.png
----------------------------------------------------------------------------------------------------
Step 25 | Attempting time increment: dt = 0.01000s (t: 0.2203s -> 0.2303s)
----------------------------------------------------------------------------------------------------

  Nonlinear Iteration Summary (Newton-Raphson)
  ==========================================================================================================================
  Time increment dt: 1.000e-02
  Convergence Tol  : 1.0e-02 (Disp Ratio)     Max Iterations: 50
  --------------------------------------------------------------------------------------------------------------------------
  Iter   Max Res.Force  (Node/DOF)    Max Disp.Corr  (Node/DOF)    Max Disp.Incr  Disp.Ratio  Energy.Err  LS.alpha  TieNodes
  --------------------------------------------------------------------------------------------------------------------------
DEBUG: NaN detected in assembly at iter 1!
  f_int has NaN: True
  K_T.data has NaN: True
  self.state has NaN: False
  Max displacement magnitude in u_k: 5.19935e+00 at Node 339(UY)
  ---------------------------------------------------------------------------------------------------------------------
  *** ERROR: Search direction contains NaN/Inf at iteration 1. (Time: 5.37 s)

     1    25     1       0      50     0.2203     0.0000     0.0100   *** CUTBACK: NaN/Inf in search direction (Retrying step with smaller dt & target angle) ***
  *** STEP 25 FAILED (conv=-1, cutback 1/20). Cutting back dt to 0.00500s ***

----------------------------------------------------------------------------------------------------
Step 25 | Attempting time increment: dt = 0.00500s (t: 0.2203s -> 0.2253s)
----------------------------------------------------------------------------------------------------

  Nonlinear Iteration Summary (Newton-Raphson)
  ==========================================================================================================================
  Time increment dt: 5.000e-03
  Convergence Tol  : 1.0e-02 (Disp Ratio)     Max Iterations: 50
  --------------------------------------------------------------------------------------------------------------------------
  Iter   Max Res.Force  (Node/DOF)    Max Disp.Corr  (Node/DOF)    Max Disp.Incr  Disp.Ratio  Energy.Err  LS.alpha  TieNodes
  --------------------------------------------------------------------------------------------------------------------------
     1    4.5889e+04  N2(UX)         2.9416e-02  N2(UX)         2.8962e-01     4.15e-04    2.74e+03      1.00       140
     2    2.2681e+00  N1(UY)         5.5108e-03  N141(UY)       2.8411e-01     3.33e-04    2.56e-03      1.00       140
  ---------------------------------------------------------------------------------------------------------------------
  => Increment Converged. (Time: 13.92 s)
  Mesh quality NOTICE: min det(J)=3.518e-01 ? approaching inversion threshold (2 elements warped)

     1    25     2       0       1     0.2253     0.0050     0.0050

  [MONITOR] Step  25 | Time 0.2253s / 1.0s ( 22.5%)
            Fold Angle: Target +-  7.13deg | Actual [-7.13deg, +7.13deg]
            Plate Tips Y: Left= +4.37mm | Right= +4.37mm | Max Disp=  4.91mm
            Newton Iters:  1 | dt: 0.00500s
            [DIAGNOSTIC] display/plate max|u| ratio=1.0000 (display=4.909mm, plate=0.000mm)
            [DIAGNOSTIC] Real tie gap (not just active-pair count): DISPLAY_BOT_L_PLATE_L_TOP_TIE: max_gap=0.0000mm mean=0.0000mm n=70 | DISPLAY_BOT_R_PLATE_R_TOP_TIE: max_gap=0.0000mm mean=0.0000mm n=70

[PNG] Deformed shape saved: D:\PythonCodeStudy\WHT_DispFoldSolver\examples\ex12_final_folding_shape.png
----------------------------------------------------------------------------------------------------
Step 26 | Attempting time increment: dt = 0.00750s (t: 0.2253s -> 0.2328s)
----------------------------------------------------------------------------------------------------

  Nonlinear Iteration Summary (Newton-Raphson)
  ==========================================================================================================================
  Time increment dt: 7.500e-03
  Convergence Tol  : 1.0e-02 (Disp Ratio)     Max Iterations: 50
  --------------------------------------------------------------------------------------------------------------------------
  Iter   Max Res.Force  (Node/DOF)    Max Disp.Corr  (Node/DOF)    Max Disp.Incr  Disp.Ratio  Energy.Err  LS.alpha  TieNodes
  --------------------------------------------------------------------------------------------------------------------------
DEBUG: NaN detected in assembly at iter 1!
  f_int has NaN: True
  K_T.data has NaN: True
  self.state has NaN: False
  Max displacement magnitude in u_k: 5.39495e+00 at Node 141(UY)
  ---------------------------------------------------------------------------------------------------------------------
  *** ERROR: Search direction contains NaN/Inf at iteration 1. (Time: 5.46 s)

     1    26     1       0      50     0.2253     0.0000     0.0075   *** CUTBACK: NaN/Inf in search direction (Retrying step with smaller dt & target angle) ***
  *** STEP 26 FAILED (conv=-1, cutback 1/20). Cutting back dt to 0.00375s ***

----------------------------------------------------------------------------------------------------
Step 26 | Attempting time increment: dt = 0.00375s (t: 0.2253s -> 0.2291s)
----------------------------------------------------------------------------------------------------

  Nonlinear Iteration Summary (Newton-Raphson)
  ==========================================================================================================================
  Time increment dt: 3.750e-03
  Convergence Tol  : 1.0e-02 (Disp Ratio)     Max Iterations: 50
  --------------------------------------------------------------------------------------------------------------------------
  Iter   Max Res.Force  (Node/DOF)    Max Disp.Corr  (Node/DOF)    Max Disp.Incr  Disp.Ratio  Energy.Err  LS.alpha  TieNodes
  --------------------------------------------------------------------------------------------------------------------------
     1    8.2199e+02  N2(UY)         9.9669e-03  N2727(UY)      2.3651e-01     6.28e-04    9.23e-01      1.00       140
     2    7.5206e-01  N138(UY)       2.7110e-02  N339(UY)       2.1478e-01     4.59e-04    6.23e-03      1.00       140
  ---------------------------------------------------------------------------------------------------------------------
  => Increment Converged. (Time: 15.49 s)

     1    26     2       0       1     0.2291     0.0037     0.0037

  [MONITOR] Step  26 | Time 0.2291s / 1.0s ( 22.9%)
            Fold Angle: Target +-  7.44deg | Actual [-7.44deg, +7.44deg]
            Plate Tips Y: Left= +4.58mm | Right= +4.58mm | Max Disp=  5.12mm
            Newton Iters:  1 | dt: 0.00375s
            [DIAGNOSTIC] display/plate max|u| ratio=1.0000 (display=5.122mm, plate=0.000mm)
            [DIAGNOSTIC] Real tie gap (not just active-pair count): DISPLAY_BOT_L_PLATE_L_TOP_TIE: max_gap=0.0000mm mean=0.0000mm n=70 | DISPLAY_BOT_R_PLATE_R_TOP_TIE: max_gap=0.0000mm mean=0.0000mm n=70

[PNG] Deformed shape saved: D:\PythonCodeStudy\WHT_DispFoldSolver\examples\ex12_final_folding_shape.png
----------------------------------------------------------------------------------------------------
Step 27 | Attempting time increment: dt = 0.00562s (t: 0.2291s -> 0.2347s)
----------------------------------------------------------------------------------------------------

  Nonlinear Iteration Summary (Newton-Raphson)
  ==========================================================================================================================
  Time increment dt: 5.625e-03
  Convergence Tol  : 1.0e-02 (Disp Ratio)     Max Iterations: 50
  --------------------------------------------------------------------------------------------------------------------------
  Iter   Max Res.Force  (Node/DOF)    Max Disp.Corr  (Node/DOF)    Max Disp.Incr  Disp.Ratio  Energy.Err  LS.alpha  TieNodes
  --------------------------------------------------------------------------------------------------------------------------
     1    2.9207e+02  N139(UY)       2.0757e-02  N339(UX)       3.9334e-01     1.30e-03    6.63e-01      1.00       140
     2    1.1315e+00  N3(UY)         2.0000e-02  N339(UY)       3.7971e-01     4.25e-04    5.02e-03      1.00       140
  ---------------------------------------------------------------------------------------------------------------------
  => Increment Converged. (Time: 13.78 s)
  Mesh quality NOTICE: min det(J)=2.365e-01 ? approaching inversion threshold (2 elements warped)

     1    27     1       0       1     0.2347     0.0056     0.0056

  [MONITOR] Step  27 | Time 0.2347s / 1.0s ( 23.5%)
            Fold Angle: Target +-  7.92deg | Actual [-7.92deg, +7.92deg]
            Plate Tips Y: Left= +4.91mm | Right= +4.91mm | Max Disp=  5.50mm
            Newton Iters:  1 | dt: 0.00562s
            [DIAGNOSTIC] display/plate max|u| ratio=1.0000 (display=5.501mm, plate=0.000mm)
            [DIAGNOSTIC] Real tie gap (not just active-pair count): DISPLAY_BOT_L_PLATE_L_TOP_TIE: max_gap=0.0000mm mean=0.0000mm n=70 | DISPLAY_BOT_R_PLATE_R_TOP_TIE: max_gap=0.0000mm mean=0.0000mm n=70

[PNG] Deformed shape saved: D:\PythonCodeStudy\WHT_DispFoldSolver\examples\ex12_final_folding_shape.png
----------------------------------------------------------------------------------------------------
Step 28 | Attempting time increment: dt = 0.00844s (t: 0.2347s -> 0.2431s)
----------------------------------------------------------------------------------------------------

  Nonlinear Iteration Summary (Newton-Raphson)
  ==========================================================================================================================
  Time increment dt: 8.438e-03
  Convergence Tol  : 1.0e-02 (Disp Ratio)     Max Iterations: 50
  --------------------------------------------------------------------------------------------------------------------------
  Iter   Max Res.Force  (Node/DOF)    Max Disp.Corr  (Node/DOF)    Max Disp.Incr  Disp.Ratio  Energy.Err  LS.alpha  TieNodes
  --------------------------------------------------------------------------------------------------------------------------
     1    2.8257e+05  N139(UX)       1.0685e-02  N10367(UY)     5.1085e-01     5.18e-04    1.25e+02      1.00       140
     2    7.4522e+05  N140(UY)       8.1928e-03  N10001(UY)     5.1085e-01     4.57e-04    2.80e+05      1.00       140
  ---------------------------------------------------------------------------------------------------------------------
  => Increment Converged. (Time: 15.40 s)
  Mesh quality WARNING: min det(J)=4.348e-02  inverted=0  warped=2

     1    28     1       0       1     0.2431     0.0084     0.0084

  [MONITOR] Step  28 | Time 0.2431s / 1.0s ( 24.3%)
            Fold Angle: Target +-  8.68deg | Actual [-8.68deg, +8.68deg]
            Plate Tips Y: Left= +5.42mm | Right= +5.42mm | Max Disp=  5.92mm
            Newton Iters:  1 | dt: 0.00844s
            [DIAGNOSTIC] display/plate max|u| ratio=1.0000 (display=5.543mm, plate=0.000mm)
            [DIAGNOSTIC] Real tie gap (not just active-pair count): DISPLAY_BOT_L_PLATE_L_TOP_TIE: max_gap=0.4831mm mean=0.2961mm n=70 | DISPLAY_BOT_R_PLATE_R_TOP_TIE: max_gap=0.4832mm mean=0.2961mm n=70

[PNG] Deformed shape saved: D:\PythonCodeStudy\WHT_DispFoldSolver\examples\ex12_final_folding_shape.png
----------------------------------------------------------------------------------------------------
Step 29 | Attempting time increment: dt = 0.01000s (t: 0.2431s -> 0.2531s)
----------------------------------------------------------------------------------------------------

  Nonlinear Iteration Summary (Newton-Raphson)
  ==========================================================================================================================
  Time increment dt: 1.000e-02
  Convergence Tol  : 1.0e-02 (Disp Ratio)     Max Iterations: 50
  --------------------------------------------------------------------------------------------------------------------------
  Iter   Max Res.Force  (Node/DOF)    Max Disp.Corr  (Node/DOF)    Max Disp.Incr  Disp.Ratio  Energy.Err  LS.alpha  TieNodes
  --------------------------------------------------------------------------------------------------------------------------
     1    2.3501e+06  N139(UY)       2.5651e-03  N10367(UY)     6.3603e-01     1.70e-04    3.51e+05      1.00       140
     2    3.0821e+06  N139(UY)       2.6387e-03  N10367(UY)     6.3603e-01     1.80e-04    5.89e+05      1.00       140
  ---------------------------------------------------------------------------------------------------------------------
  => Increment Converged. (Time: 16.99 s)

     1    29     1       0       1     0.2531     0.0100     0.0100

  [MONITOR] Step  29 | Time 0.2531s / 1.0s ( 25.3%)
            Fold Angle: Target +-  9.62deg | Actual [-9.62deg, +9.62deg]
            Plate Tips Y: Left= +6.05mm | Right= +6.05mm | Max Disp=  6.55mm
            Newton Iters:  1 | dt: 0.01000s
            [DIAGNOSTIC] display/plate max|u| ratio=1.0000 (display=5.271mm, plate=0.000mm)
            [DIAGNOSTIC] Real tie gap (not just active-pair count): DISPLAY_BOT_L_PLATE_L_TOP_TIE: max_gap=1.3856mm mean=0.8685mm n=70 | DISPLAY_BOT_R_PLATE_R_TOP_TIE: max_gap=1.3858mm mean=0.8686mm n=70

[PNG] Deformed shape saved: D:\PythonCodeStudy\WHT_DispFoldSolver\examples\ex12_final_folding_shape.png
----------------------------------------------------------------------------------------------------
Step 30 | Attempting time increment: dt = 0.01000s (t: 0.2531s -> 0.2631s)
----------------------------------------------------------------------------------------------------

  Nonlinear Iteration Summary (Newton-Raphson)
  ==========================================================================================================================
  Time increment dt: 1.000e-02
  Convergence Tol  : 1.0e-02 (Disp Ratio)     Max Iterations: 50
  --------------------------------------------------------------------------------------------------------------------------
  Iter   Max Res.Force  (Node/DOF)    Max Disp.Corr  (Node/DOF)    Max Disp.Incr  Disp.Ratio  Energy.Err  LS.alpha  TieNodes
  --------------------------------------------------------------------------------------------------------------------------
     1    6.0115e+06  N139(UY)       1.8050e-03  N10367(UY)     6.6837e-01     1.10e-04    6.86e+05      1.00       140
     2    6.5352e+06  N139(UY)       5.4015e-04  N10367(UY)     6.6837e-01     3.37e-05    2.29e+05      1.00       140
  ---------------------------------------------------------------------------------------------------------------------
  => Increment Converged. (Time: 20.17 s)
  Mesh quality NOTICE: min det(J)=4.360e-01 ? approaching inversion threshold (1 elements warped)

     1    30     1       0       1     0.2631     0.0100     0.0100

  [MONITOR] Step  30 | Time 0.2631s / 1.0s ( 26.3%)
            Fold Angle: Target +- 10.61deg | Actual [-10.61deg, +10.61deg]
            Plate Tips Y: Left= +6.72mm | Right= +6.72mm | Max Disp=  7.22mm
            Newton Iters:  1 | dt: 0.01000s
            [DIAGNOSTIC] display/plate max|u| ratio=1.0000 (display=5.517mm, plate=0.000mm)
            [DIAGNOSTIC] Real tie gap (not just active-pair count): DISPLAY_BOT_L_PLATE_L_TOP_TIE: max_gap=1.8600mm mean=1.1820mm n=70 | DISPLAY_BOT_R_PLATE_R_TOP_TIE: max_gap=1.8600mm mean=1.1820mm n=70
            [DIAGNOSTIC] Hinge curvature: max_curv_ratio=700428.23 kink_detected=True at x=7.50mm

[PNG] Deformed shape saved: D:\PythonCodeStudy\WHT_DispFoldSolver\examples\ex12_final_folding_shape.png
----------------------------------------------------------------------------------------------------
Step 31 | Attempting time increment: dt = 0.01000s (t: 0.2631s -> 0.2731s)
----------------------------------------------------------------------------------------------------

  Nonlinear Iteration Summary (Newton-Raphson)
  ==========================================================================================================================
  Time increment dt: 1.000e-02
  Convergence Tol  : 1.0e-02 (Disp Ratio)     Max Iterations: 50
  --------------------------------------------------------------------------------------------------------------------------
  Iter   Max Res.Force  (Node/DOF)    Max Disp.Corr  (Node/DOF)    Max Disp.Incr  Disp.Ratio  Energy.Err  LS.alpha  TieNodes
  --------------------------------------------------------------------------------------------------------------------------
     1    1.0131e+07  N139(UY)       5.7277e-04  N10001(UY)     6.9968e-01     3.18e-05    3.36e+04      1.00       140
     2    1.1120e+07  N139(UY)       1.1832e-05  N10367(UY)     6.9968e-01     5.17e-07    3.40e+03      1.00       140
  ---------------------------------------------------------------------------------------------------------------------
  => Increment Converged. (Time: 16.47 s)
  Mesh quality WARNING: min det(J)=7.743e-02  inverted=0  warped=2

     1    31     1       0       1     0.2731     0.0100     0.0100

  [MONITOR] Step  31 | Time 0.2731s / 1.0s ( 27.3%)
            Fold Angle: Target +- 11.65deg | Actual [-11.65deg, +11.65deg]
            Plate Tips Y: Left= +7.42mm | Right= +7.42mm | Max Disp=  7.92mm
            Newton Iters:  1 | dt: 0.01000s
            [DIAGNOSTIC] display/plate max|u| ratio=1.0000 (display=5.602mm, plate=0.000mm)
            [DIAGNOSTIC] Real tie gap (not just active-pair count): DISPLAY_BOT_L_PLATE_L_TOP_TIE: max_gap=2.4744mm mean=1.5585mm n=70 | DISPLAY_BOT_R_PLATE_R_TOP_TIE: max_gap=2.4744mm mean=1.5585mm n=70

[PNG] Deformed shape saved: D:\PythonCodeStudy\WHT_DispFoldSolver\examples\ex12_final_folding_shape.png
----------------------------------------------------------------------------------------------------
Step 32 | Attempting time increment: dt = 0.01000s (t: 0.2731s -> 0.2831s)
----------------------------------------------------------------------------------------------------

  Nonlinear Iteration Summary (Newton-Raphson)
  ==========================================================================================================================
  Time increment dt: 1.000e-02
  Convergence Tol  : 1.0e-02 (Disp Ratio)     Max Iterations: 50
  --------------------------------------------------------------------------------------------------------------------------
  Iter   Max Res.Force  (Node/DOF)    Max Disp.Corr  (Node/DOF)    Max Disp.Incr  Disp.Ratio  Energy.Err  LS.alpha  TieNodes
  --------------------------------------------------------------------------------------------------------------------------
     1    1.6598e+07  N139(UY)       2.7115e-06  N10001(UY)     7.2979e-01     1.64e-07    2.88e+03      1.00       140
     2    1.7408e+07  N139(UY)       3.2364e-05  N10367(UY)     7.2979e-01     1.98e-06    3.66e+04      1.00       140
  ---------------------------------------------------------------------------------------------------------------------
  => Increment Converged. (Time: 15.81 s)

     1    32     1       0       1     0.2831     0.0100     0.0100

  [MONITOR] Step  32 | Time 0.2831s / 1.0s ( 28.3%)
            Fold Angle: Target +- 12.73deg | Actual [-12.73deg, +12.73deg]
            Plate Tips Y: Left= +8.15mm | Right= +8.15mm | Max Disp=  8.65mm
            Newton Iters:  1 | dt: 0.01000s
            [DIAGNOSTIC] display/plate max|u| ratio=1.0000 (display=5.401mm, plate=0.000mm)
            [DIAGNOSTIC] Real tie gap (not just active-pair count): DISPLAY_BOT_L_PLATE_L_TOP_TIE: max_gap=3.4313mm mean=2.1443mm n=70 | DISPLAY_BOT_R_PLATE_R_TOP_TIE: max_gap=3.4313mm mean=2.1444mm n=70

[PNG] Deformed shape saved: D:\PythonCodeStudy\WHT_DispFoldSolver\examples\ex12_final_folding_shape.png
----------------------------------------------------------------------------------------------------
Step 33 | Attempting time increment: dt = 0.01000s (t: 0.2831s -> 0.2931s)
----------------------------------------------------------------------------------------------------

  Nonlinear Iteration Summary (Newton-Raphson)
  ==========================================================================================================================
  Time increment dt: 1.000e-02
  Convergence Tol  : 1.0e-02 (Disp Ratio)     Max Iterations: 50
  --------------------------------------------------------------------------------------------------------------------------
  Iter   Max Res.Force  (Node/DOF)    Max Disp.Corr  (Node/DOF)    Max Disp.Incr  Disp.Ratio  Energy.Err  LS.alpha  TieNodes
  --------------------------------------------------------------------------------------------------------------------------
     1    2.5081e+07  N2(UY)         4.1116e-05  N10367(UY)     7.5852e-01     2.44e-06    6.73e+04      1.00       140
     2    2.5081e+07  N2(UY)         4.1340e-05  N10367(UY)     7.5852e-01     2.46e-06    6.78e+04      1.00       140
  ---------------------------------------------------------------------------------------------------------------------
  => Increment Converged. (Time: 14.18 s)

     1    33     1       0       1     0.2931     0.0100     0.0100

  [MONITOR] Step  33 | Time 0.2931s / 1.0s ( 29.3%)
            Fold Angle: Target +- 13.87deg | Actual [-13.87deg, +13.87deg]
            Plate Tips Y: Left= +8.91mm | Right= +8.91mm | Max Disp=  9.41mm
            Newton Iters:  1 | dt: 0.01000s
            [DIAGNOSTIC] display/plate max|u| ratio=1.0000 (display=5.577mm, plate=0.000mm)
            [DIAGNOSTIC] Real tie gap (not just active-pair count): DISPLAY_BOT_L_PLATE_L_TOP_TIE: max_gap=4.0946mm mean=2.5795mm n=70 | DISPLAY_BOT_R_PLATE_R_TOP_TIE: max_gap=4.0944mm mean=2.5795mm n=70

[PNG] Deformed shape saved: D:\PythonCodeStudy\WHT_DispFoldSolver\examples\ex12_final_folding_shape.png
----------------------------------------------------------------------------------------------------
Step 34 | Attempting time increment: dt = 0.01000s (t: 0.2931s -> 0.3031s)
----------------------------------------------------------------------------------------------------

  Nonlinear Iteration Summary (Newton-Raphson)
  ==========================================================================================================================
  Time increment dt: 1.000e-02
  Convergence Tol  : 1.0e-02 (Disp Ratio)     Max Iterations: 50
  --------------------------------------------------------------------------------------------------------------------------
  Iter   Max Res.Force  (Node/DOF)    Max Disp.Corr  (Node/DOF)    Max Disp.Incr  Disp.Ratio  Energy.Err  LS.alpha  TieNodes
  --------------------------------------------------------------------------------------------------------------------------
     1    3.3001e+07  N2(UY)         4.5084e-05  N10001(UY)     7.8571e-01     2.50e-06    9.42e+04      1.00       140
     2    3.4074e+07  N2(UY)         3.5846e-05  N10001(UY)     7.8571e-01     2.03e-06    7.88e+04      1.00       140
  ---------------------------------------------------------------------------------------------------------------------
  => Increment Converged. (Time: 16.19 s)
  Mesh quality NOTICE: min det(J)=1.743e-01 ? approaching inversion threshold (2 elements warped)

     1    34     1       0       1     0.3031     0.0100     0.0100

  [MONITOR] Step  34 | Time 0.3031s / 1.0s ( 30.3%)
            Fold Angle: Target +- 15.05deg | Actual [-15.05deg, +15.05deg]
            Plate Tips Y: Left= +9.70mm | Right= +9.70mm | Max Disp= 10.20mm
            Newton Iters:  1 | dt: 0.01000s
            [DIAGNOSTIC] display/plate max|u| ratio=1.0000 (display=5.677mm, plate=0.000mm)
            [DIAGNOSTIC] Real tie gap (not just active-pair count): DISPLAY_BOT_L_PLATE_L_TOP_TIE: max_gap=4.8085mm mean=3.0260mm n=70 | DISPLAY_BOT_R_PLATE_R_TOP_TIE: max_gap=4.8081mm mean=3.0259mm n=70

[PNG] Deformed shape saved: D:\PythonCodeStudy\WHT_DispFoldSolver\examples\ex12_final_folding_shape.png
----------------------------------------------------------------------------------------------------
Step 35 | Attempting time increment: dt = 0.01000s (t: 0.3031s -> 0.3131s)
----------------------------------------------------------------------------------------------------

  Nonlinear Iteration Summary (Newton-Raphson)
  ==========================================================================================================================
  Time increment dt: 1.000e-02
  Convergence Tol  : 1.0e-02 (Disp Ratio)     Max Iterations: 50
  --------------------------------------------------------------------------------------------------------------------------
  Iter   Max Res.Force  (Node/DOF)    Max Disp.Corr  (Node/DOF)    Max Disp.Incr  Disp.Ratio  Energy.Err  LS.alpha  TieNodes
  --------------------------------------------------------------------------------------------------------------------------
DEBUG: NaN detected in assembly at iter 1!
  f_int has NaN: True
  K_T.data has NaN: True
  self.state has NaN: False
  Max displacement magnitude in u_k: 1.06025e+01 at Node 10001(UY)
  ---------------------------------------------------------------------------------------------------------------------
  *** ERROR: Search direction contains NaN/Inf at iteration 1. (Time: 7.48 s)

     1    35     1       0      50     0.3031     0.0000     0.0100   *** CUTBACK: NaN/Inf in search direction (Retrying step with smaller dt & target angle) ***
  *** STEP 35 FAILED (conv=-1, cutback 1/20). Cutting back dt to 0.00500s ***

----------------------------------------------------------------------------------------------------
Step 35 | Attempting time increment: dt = 0.00500s (t: 0.3031s -> 0.3081s)
----------------------------------------------------------------------------------------------------

  Nonlinear Iteration Summary (Newton-Raphson)
  ==========================================================================================================================
  Time increment dt: 5.000e-03
  Convergence Tol  : 1.0e-02 (Disp Ratio)     Max Iterations: 50
  --------------------------------------------------------------------------------------------------------------------------
  Iter   Max Res.Force  (Node/DOF)    Max Disp.Corr  (Node/DOF)    Max Disp.Incr  Disp.Ratio  Energy.Err  LS.alpha  TieNodes
  --------------------------------------------------------------------------------------------------------------------------
     1    4.4304e+07  N2(UY)         3.4606e-05  N10001(UY)     4.0252e-01     2.02e-06    1.01e+05      1.00       140
     2    4.4304e+07  N2(UY)         3.4605e-05  N10001(UY)     4.0252e-01     2.02e-06    1.01e+05      1.00       140
  ---------------------------------------------------------------------------------------------------------------------
  => Increment Converged. (Time: 14.59 s)

     1    35     2       0       1     0.3081     0.0050     0.0050

  [MONITOR] Step  35 | Time 0.3081s / 1.0s ( 30.8%)
            Fold Angle: Target +- 15.66deg | Actual [-15.66deg, +15.66deg]
            Plate Tips Y: Left=+10.10mm | Right=+10.10mm | Max Disp= 10.60mm
            Newton Iters:  1 | dt: 0.00500s
            [DIAGNOSTIC] display/plate max|u| ratio=1.0000 (display=5.431mm, plate=0.000mm)
            [DIAGNOSTIC] Real tie gap (not just active-pair count): DISPLAY_BOT_L_PLATE_L_TOP_TIE: max_gap=5.4502mm mean=3.3878mm n=70 | DISPLAY_BOT_R_PLATE_R_TOP_TIE: max_gap=5.4501mm mean=3.3878mm n=70

[PNG] Deformed shape saved: D:\PythonCodeStudy\WHT_DispFoldSolver\examples\ex12_final_folding_shape.png
----------------------------------------------------------------------------------------------------
Step 36 | Attempting time increment: dt = 0.00750s (t: 0.3081s -> 0.3156s)
----------------------------------------------------------------------------------------------------

  Nonlinear Iteration Summary (Newton-Raphson)
  ==========================================================================================================================
  Time increment dt: 7.500e-03
  Convergence Tol  : 1.0e-02 (Disp Ratio)     Max Iterations: 50
  --------------------------------------------------------------------------------------------------------------------------
  Iter   Max Res.Force  (Node/DOF)    Max Disp.Corr  (Node/DOF)    Max Disp.Incr  Disp.Ratio  Energy.Err  LS.alpha  TieNodes
  --------------------------------------------------------------------------------------------------------------------------
     1    5.5085e+07  N139(UY)       2.0709e-05  N10001(UY)     6.1522e-01     1.11e-06    6.91e+04      1.00       140
     2    5.5867e+07  N139(UY)       2.0895e-05  N10001(UY)     6.1522e-01     1.14e-06    7.23e+04      1.00       140
  ---------------------------------------------------------------------------------------------------------------------
  => Increment Converged. (Time: 14.68 s)
  Mesh quality WARNING: min det(J)=9.416e-02  inverted=0  warped=2

     1    36     1       0       1     0.3156     0.0075     0.0075

  [MONITOR] Step  36 | Time 0.3156s / 1.0s ( 31.6%)
            Fold Angle: Target +- 16.59deg | Actual [-16.59deg, +16.59deg]
            Plate Tips Y: Left=+10.71mm | Right=+10.71mm | Max Disp= 11.21mm
            Newton Iters:  1 | dt: 0.00750s
            [DIAGNOSTIC] display/plate max|u| ratio=1.0000 (display=5.326mm, plate=0.000mm)
            [DIAGNOSTIC] Real tie gap (not just active-pair count): DISPLAY_BOT_L_PLATE_L_TOP_TIE: max_gap=6.1875mm mean=3.8248mm n=70 | DISPLAY_BOT_R_PLATE_R_TOP_TIE: max_gap=6.1876mm mean=3.8248mm n=70

[PNG] Deformed shape saved: D:\PythonCodeStudy\WHT_DispFoldSolver\examples\ex12_final_folding_shape.png
----------------------------------------------------------------------------------------------------
Step 37 | Attempting time increment: dt = 0.01000s (t: 0.3156s -> 0.3256s)
----------------------------------------------------------------------------------------------------

  Nonlinear Iteration Summary (Newton-Raphson)
  ==========================================================================================================================
  Time increment dt: 1.000e-02
  Convergence Tol  : 1.0e-02 (Disp Ratio)     Max Iterations: 50
  --------------------------------------------------------------------------------------------------------------------------
  Iter   Max Res.Force  (Node/DOF)    Max Disp.Corr  (Node/DOF)    Max Disp.Incr  Disp.Ratio  Energy.Err  LS.alpha  TieNodes
  --------------------------------------------------------------------------------------------------------------------------
     1    6.7567e+07  N2(UY)         3.3375e-05  N10001(UY)     8.4038e-01     1.83e-06    1.50e+05      1.00       140
     2    6.8568e+07  N2(UY)         2.4498e-05  N10001(UY)     8.4038e-01     1.35e-06    1.11e+05      1.00       140
  ---------------------------------------------------------------------------------------------------------------------
  => Increment Converged. (Time: 14.58 s)
  Mesh quality NOTICE: min det(J)=2.046e-01 ? approaching inversion threshold (2 elements warped)

     1    37     1       0       1     0.3256     0.0100     0.0100

  [MONITOR] Step  37 | Time 0.3256s / 1.0s ( 32.6%)
            Fold Angle: Target +- 17.87deg | Actual [-17.87deg, +17.87deg]
            Plate Tips Y: Left=+11.56mm | Right=+11.56mm | Max Disp= 12.06mm
            Newton Iters:  1 | dt: 0.01000s
            [DIAGNOSTIC] display/plate max|u| ratio=1.0000 (display=5.551mm, plate=0.000mm)
            [DIAGNOSTIC] Real tie gap (not just active-pair count): DISPLAY_BOT_L_PLATE_L_TOP_TIE: max_gap=6.7989mm mean=4.2133mm n=70 | DISPLAY_BOT_R_PLATE_R_TOP_TIE: max_gap=6.7989mm mean=4.2133mm n=70

[PNG] Deformed shape saved: D:\PythonCodeStudy\WHT_DispFoldSolver\examples\ex12_final_folding_shape.png
----------------------------------------------------------------------------------------------------
Step 38 | Attempting time increment: dt = 0.01000s (t: 0.3256s -> 0.3356s)
----------------------------------------------------------------------------------------------------

  Nonlinear Iteration Summary (Newton-Raphson)
  ==========================================================================================================================
  Time increment dt: 1.000e-02
  Convergence Tol  : 1.0e-02 (Disp Ratio)     Max Iterations: 50
  --------------------------------------------------------------------------------------------------------------------------
  Iter   Max Res.Force  (Node/DOF)    Max Disp.Corr  (Node/DOF)    Max Disp.Incr  Disp.Ratio  Energy.Err  LS.alpha  TieNodes
  --------------------------------------------------------------------------------------------------------------------------
     1    8.3057e+07  N2(UY)         1.9511e-05  N10001(UY)     8.6144e-01     1.07e-06    1.08e+05      1.00       140
     2    8.3057e+07  N2(UY)         1.9510e-05  N10001(UY)     8.6144e-01     1.06e-06    1.08e+05      1.00       140
  ---------------------------------------------------------------------------------------------------------------------
  => Increment Converged. (Time: 13.39 s)
  Mesh quality NOTICE: min det(J)=4.663e-01 ? approaching inversion threshold (1 elements warped)

     1    38     1       0       1     0.3356     0.0100     0.0100

  [MONITOR] Step  38 | Time 0.3356s / 1.0s ( 33.6%)
            Fold Angle: Target +- 19.20deg | Actual [-19.20deg, +19.20deg]
            Plate Tips Y: Left=+12.42mm | Right=+12.42mm | Max Disp= 12.92mm
            Newton Iters:  1 | dt: 0.01000s
            [DIAGNOSTIC] display/plate max|u| ratio=1.0000 (display=5.239mm, plate=0.000mm)
            [DIAGNOSTIC] Real tie gap (not just active-pair count): DISPLAY_BOT_L_PLATE_L_TOP_TIE: max_gap=7.9223mm mean=4.8128mm n=70 | DISPLAY_BOT_R_PLATE_R_TOP_TIE: max_gap=7.9223mm mean=4.8129mm n=70

[PNG] Deformed shape saved: D:\PythonCodeStudy\WHT_DispFoldSolver\examples\ex12_final_folding_shape.png
----------------------------------------------------------------------------------------------------
Step 39 | Attempting time increment: dt = 0.01000s (t: 0.3356s -> 0.3456s)
----------------------------------------------------------------------------------------------------

  Nonlinear Iteration Summary (Newton-Raphson)
  ==========================================================================================================================
  Time increment dt: 1.000e-02
  Convergence Tol  : 1.0e-02 (Disp Ratio)     Max Iterations: 50
  --------------------------------------------------------------------------------------------------------------------------
  Iter   Max Res.Force  (Node/DOF)    Max Disp.Corr  (Node/DOF)    Max Disp.Incr  Disp.Ratio  Energy.Err  LS.alpha  TieNodes
  --------------------------------------------------------------------------------------------------------------------------
     1    9.9302e+07  N139(UY)       1.8109e-05  N10001(UY)     8.8031e-01     1.00e-06    1.20e+05      1.00       140
     2    9.9940e+07  N139(UY)       1.6937e-05  N10001(UY)     8.8031e-01     9.38e-07    1.13e+05      1.00       140
  ---------------------------------------------------------------------------------------------------------------------
  => Increment Converged. (Time: 15.93 s)
  Mesh quality NOTICE: min det(J)=1.763e-01 ? approaching inversion threshold (2 elements warped)

     1    39     1       0       1     0.3456     0.0100     0.0100

  [MONITOR] Step  39 | Time 0.3456s / 1.0s ( 34.6%)
            Fold Angle: Target +- 20.56deg | Actual [-20.56deg, +20.56deg]
            Plate Tips Y: Left=+13.30mm | Right=+13.30mm | Max Disp= 13.80mm
            Newton Iters:  1 | dt: 0.01000s
            [DIAGNOSTIC] display/plate max|u| ratio=1.0000 (display=4.677mm, plate=0.000mm)
            [DIAGNOSTIC] Real tie gap (not just active-pair count): DISPLAY_BOT_L_PLATE_L_TOP_TIE: max_gap=9.3357mm mean=5.5788mm n=70 | DISPLAY_BOT_R_PLATE_R_TOP_TIE: max_gap=9.3360mm mean=5.5791mm n=70

[PNG] Deformed shape saved: D:\PythonCodeStudy\WHT_DispFoldSolver\examples\ex12_final_folding_shape.png
----------------------------------------------------------------------------------------------------
Step 40 | Attempting time increment: dt = 0.01000s (t: 0.3456s -> 0.3556s)
----------------------------------------------------------------------------------------------------

  Nonlinear Iteration Summary (Newton-Raphson)
  ==========================================================================================================================
  Time increment dt: 1.000e-02
  Convergence Tol  : 1.0e-02 (Disp Ratio)     Max Iterations: 50
  --------------------------------------------------------------------------------------------------------------------------
  Iter   Max Res.Force  (Node/DOF)    Max Disp.Corr  (Node/DOF)    Max Disp.Incr  Disp.Ratio  Energy.Err  LS.alpha  TieNodes
  --------------------------------------------------------------------------------------------------------------------------
DEBUG: NaN detected in assembly at iter 1!
  f_int has NaN: True
  K_T.data has NaN: True
  self.state has NaN: False
  Max displacement magnitude in u_k: 1.42452e+01 at Node 10001(UY)
  ---------------------------------------------------------------------------------------------------------------------
  *** ERROR: Search direction contains NaN/Inf at iteration 1. (Time: 7.08 s)

     1    40     1       0      50     0.3456     0.0000     0.0100   *** CUTBACK: NaN/Inf in search direction (Retrying step with smaller dt & target angle) ***
  *** STEP 40 FAILED (conv=-1, cutback 1/20). Cutting back dt to 0.00500s ***

----------------------------------------------------------------------------------------------------
Step 40 | Attempting time increment: dt = 0.00500s (t: 0.3456s -> 0.3506s)
----------------------------------------------------------------------------------------------------

  Nonlinear Iteration Summary (Newton-Raphson)
  ==========================================================================================================================
  Time increment dt: 5.000e-03
  Convergence Tol  : 1.0e-02 (Disp Ratio)     Max Iterations: 50
  --------------------------------------------------------------------------------------------------------------------------
  Iter   Max Res.Force  (Node/DOF)    Max Disp.Corr  (Node/DOF)    Max Disp.Incr  Disp.Ratio  Energy.Err  LS.alpha  TieNodes
  --------------------------------------------------------------------------------------------------------------------------
     1    2.3792e+12  N139(UY)       8.3649e-06  N10367(UY)     4.4650e-01     3.58e-07    1.78e+04      1.00       140
     2    2.3792e+12  N139(UY)       8.0935e-06  N10367(UY)     4.4650e-01     3.48e-07    1.69e+04      1.00       140
  ---------------------------------------------------------------------------------------------------------------------
  => Increment Converged. (Time: 16.29 s)
  Mesh quality WARNING: min det(J)=4.117e-04  inverted=0  warped=2

     1    40     2       0       1     0.3506     0.0050     0.0050

  [MONITOR] Step  40 | Time 0.3506s / 1.0s ( 35.1%)
            Fold Angle: Target +- 21.25deg | Actual [-21.25deg, +21.25deg]
            Plate Tips Y: Left=+13.74mm | Right=+13.74mm | Max Disp= 14.24mm
            Newton Iters:  1 | dt: 0.00500s
            [DIAGNOSTIC] display/plate max|u| ratio=1.0000 (display=4.610mm, plate=0.000mm)
            [DIAGNOSTIC] Real tie gap (not just active-pair count): DISPLAY_BOT_L_PLATE_L_TOP_TIE: max_gap=9.8594mm mean=5.8976mm n=70 | DISPLAY_BOT_R_PLATE_R_TOP_TIE: max_gap=9.8597mm mean=5.8979mm n=70
            [DIAGNOSTIC] Hinge curvature: max_curv_ratio=870411.70 kink_detected=True at x=7.50mm

[PNG] Deformed shape saved: D:\PythonCodeStudy\WHT_DispFoldSolver\examples\ex12_final_folding_shape.png
----------------------------------------------------------------------------------------------------
Step 41 | Attempting time increment: dt = 0.00750s (t: 0.3506s -> 0.3581s)
----------------------------------------------------------------------------------------------------

  Nonlinear Iteration Summary (Newton-Raphson)
  ==========================================================================================================================
  Time increment dt: 7.500e-03
  Convergence Tol  : 1.0e-02 (Disp Ratio)     Max Iterations: 50
  --------------------------------------------------------------------------------------------------------------------------
  Iter   Max Res.Force  (Node/DOF)    Max Disp.Corr  (Node/DOF)    Max Disp.Incr  Disp.Ratio  Energy.Err  LS.alpha  TieNodes
  --------------------------------------------------------------------------------------------------------------------------
     1    6.2598e+11  N139(UY)       6.7448e-06  N10367(UY)     6.7685e-01     2.74e-07    1.70e+04      1.00       140
     2    6.2598e+11  N139(UY)       6.7448e-06  N10367(UY)     6.7685e-01     2.74e-07    1.70e+04      1.00       140
  ---------------------------------------------------------------------------------------------------------------------
  => Increment Converged. (Time: 18.21 s)

     1    41     1       0       1     0.3581     0.0075     0.0075

  [MONITOR] Step  41 | Time 0.3581s / 1.0s ( 35.8%)
            Fold Angle: Target +- 22.31deg | Actual [-22.31deg, +22.31deg]
            Plate Tips Y: Left=+14.42mm | Right=+14.42mm | Max Disp= 14.92mm
            Newton Iters:  1 | dt: 0.00750s
            [DIAGNOSTIC] display/plate max|u| ratio=1.0000 (display=5.015mm, plate=0.000mm)
            [DIAGNOSTIC] Real tie gap (not just active-pair count): DISPLAY_BOT_L_PLATE_L_TOP_TIE: max_gap=10.1822mm mean=6.1462mm n=70 | DISPLAY_BOT_R_PLATE_R_TOP_TIE: max_gap=10.1824mm mean=6.1464mm n=70

[PNG] Deformed shape saved: D:\PythonCodeStudy\WHT_DispFoldSolver\examples\ex12_final_folding_shape.png
----------------------------------------------------------------------------------------------------
Step 42 | Attempting time increment: dt = 0.01000s (t: 0.3581s -> 0.3681s)
----------------------------------------------------------------------------------------------------

  Nonlinear Iteration Summary (Newton-Raphson)
  ==========================================================================================================================
  Time increment dt: 1.000e-02
  Convergence Tol  : 1.0e-02 (Disp Ratio)     Max Iterations: 50
  --------------------------------------------------------------------------------------------------------------------------
  Iter   Max Res.Force  (Node/DOF)    Max Disp.Corr  (Node/DOF)    Max Disp.Incr  Disp.Ratio  Energy.Err  LS.alpha  TieNodes
  --------------------------------------------------------------------------------------------------------------------------
     1    5.4159e+11  N139(UX)       6.1781e-06  N10367(UY)     9.1406e-01     2.36e-07    2.01e+04      1.00       140
     2    5.4159e+11  N139(UX)       5.3098e-06  N10367(UY)     9.1406e-01     2.07e-07    1.57e+04      1.00       140
  ---------------------------------------------------------------------------------------------------------------------
  => Increment Converged. (Time: 19.53 s)
  Mesh quality WARNING: min det(J)=1.170e-02  inverted=0  warped=2

     1    42     1       0       1     0.3681     0.0100     0.0100

  [MONITOR] Step  42 | Time 0.3681s / 1.0s ( 36.8%)
            Fold Angle: Target +- 23.76deg | Actual [-23.76deg, +23.76deg]
            Plate Tips Y: Left=+15.33mm | Right=+15.33mm | Max Disp= 15.83mm
            Newton Iters:  1 | dt: 0.01000s
            [DIAGNOSTIC] display/plate max|u| ratio=1.0000 (display=5.192mm, plate=0.000mm)
            [DIAGNOSTIC] Real tie gap (not just active-pair count): DISPLAY_BOT_L_PLATE_L_TOP_TIE: max_gap=10.9658mm mean=6.6426mm n=70 | DISPLAY_BOT_R_PLATE_R_TOP_TIE: max_gap=10.9660mm mean=6.6427mm n=70

[PNG] Deformed shape saved: D:\PythonCodeStudy\WHT_DispFoldSolver\examples\ex12_final_folding_shape.png
----------------------------------------------------------------------------------------------------
Step 43 | Attempting time increment: dt = 0.01000s (t: 0.3681s -> 0.3781s)
----------------------------------------------------------------------------------------------------

  Nonlinear Iteration Summary (Newton-Raphson)
  ==========================================================================================================================
  Time increment dt: 1.000e-02
  Convergence Tol  : 1.0e-02 (Disp Ratio)     Max Iterations: 50
  --------------------------------------------------------------------------------------------------------------------------
  Iter   Max Res.Force  (Node/DOF)    Max Disp.Corr  (Node/DOF)    Max Disp.Incr  Disp.Ratio  Energy.Err  LS.alpha  TieNodes
  --------------------------------------------------------------------------------------------------------------------------
     1    2.9591e+11  N139(UX)       4.4991e-06  N10367(UY)     9.2494e-01     1.72e-07    1.61e+04      1.00       140
     2    2.9591e+11  N139(UX)       3.9521e-06  N10367(UY)     9.2494e-01     1.51e-07    1.46e+04      1.00       140
  ---------------------------------------------------------------------------------------------------------------------
  => Increment Converged. (Time: 23.21 s)
  Mesh quality NOTICE: min det(J)=4.327e-01 ? approaching inversion threshold (1 elements warped)

     1    43     1       0       1     0.3781     0.0100     0.0100

  [MONITOR] Step  43 | Time 0.3781s / 1.0s ( 37.8%)
            Fold Angle: Target +- 25.23deg | Actual [-25.23deg, +25.23deg]
            Plate Tips Y: Left=+16.26mm | Right=+16.26mm | Max Disp= 16.76mm
            Newton Iters:  1 | dt: 0.01000s
            [DIAGNOSTIC] display/plate max|u| ratio=1.0000 (display=4.947mm, plate=0.000mm)
            [DIAGNOSTIC] Real tie gap (not just active-pair count): DISPLAY_BOT_L_PLATE_L_TOP_TIE: max_gap=12.1645mm mean=7.3772mm n=70 | DISPLAY_BOT_R_PLATE_R_TOP_TIE: max_gap=12.1647mm mean=7.3774mm n=70

[PNG] Deformed shape saved: D:\PythonCodeStudy\WHT_DispFoldSolver\examples\ex12_final_folding_shape.png
----------------------------------------------------------------------------------------------------
Step 44 | Attempting time increment: dt = 0.01000s (t: 0.3781s -> 0.3881s)
----------------------------------------------------------------------------------------------------

  Nonlinear Iteration Summary (Newton-Raphson)
  ==========================================================================================================================
  Time increment dt: 1.000e-02
  Convergence Tol  : 1.0e-02 (Disp Ratio)     Max Iterations: 50
  --------------------------------------------------------------------------------------------------------------------------
  Iter   Max Res.Force  (Node/DOF)    Max Disp.Corr  (Node/DOF)    Max Disp.Incr  Disp.Ratio  Energy.Err  LS.alpha  TieNodes
  --------------------------------------------------------------------------------------------------------------------------
     1    2.4303e+11  N139(UX)       3.1721e-06  N10367(UY)     9.3317e-01     1.14e-07    1.44e+04      1.00       140
     2    2.4303e+11  N139(UX)       3.1721e-06  N10367(UY)     9.3317e-01     1.14e-07    1.44e+04      1.00       140
  ---------------------------------------------------------------------------------------------------------------------
  => Increment Converged. (Time: 22.64 s)

     1    44     1       0       1     0.3881     0.0100     0.0100

  [MONITOR] Step  44 | Time 0.3881s / 1.0s ( 38.8%)
            Fold Angle: Target +- 26.74deg | Actual [-26.74deg, +26.74deg]
            Plate Tips Y: Left=+17.19mm | Right=+17.19mm | Max Disp= 17.69mm
            Newton Iters:  1 | dt: 0.01000s
            [DIAGNOSTIC] display/plate max|u| ratio=1.0000 (display=5.379mm, plate=0.000mm)
            [DIAGNOSTIC] Real tie gap (not just active-pair count): DISPLAY_BOT_L_PLATE_L_TOP_TIE: max_gap=12.7655mm mean=7.8489mm n=70 | DISPLAY_BOT_R_PLATE_R_TOP_TIE: max_gap=12.7656mm mean=7.8490mm n=70

[PNG] Deformed shape saved: D:\PythonCodeStudy\WHT_DispFoldSolver\examples\ex12_final_folding_shape.png
----------------------------------------------------------------------------------------------------
Step 45 | Attempting time increment: dt = 0.01000s (t: 0.3881s -> 0.3981s)
----------------------------------------------------------------------------------------------------

  Nonlinear Iteration Summary (Newton-Raphson)
  ==========================================================================================================================
  Time increment dt: 1.000e-02
  Convergence Tol  : 1.0e-02 (Disp Ratio)     Max Iterations: 50
  --------------------------------------------------------------------------------------------------------------------------
  Iter   Max Res.Force  (Node/DOF)    Max Disp.Corr  (Node/DOF)    Max Disp.Incr  Disp.Ratio  Energy.Err  LS.alpha  TieNodes
  --------------------------------------------------------------------------------------------------------------------------
     1    4.1216e+11  N139(UX)       3.0164e-06  N10367(UY)     9.3867e-01     1.03e-07    1.61e+04      1.00       140
     2    4.1216e+11  N139(UX)       2.4744e-06  N10367(UY)     9.3867e-01     8.46e-08    1.34e+04      1.00       140
  ---------------------------------------------------------------------------------------------------------------------
  => Increment Converged. (Time: 17.45 s)

     1    45     1       0       1     0.3981     0.0100     0.0100

  [MONITOR] Step  45 | Time 0.3981s / 1.0s ( 39.8%)
            Fold Angle: Target +- 28.28deg | Actual [-28.28deg, +28.28deg]
            Plate Tips Y: Left=+18.13mm | Right=+18.13mm | Max Disp= 18.63mm
            Newton Iters:  1 | dt: 0.01000s
            [DIAGNOSTIC] display/plate max|u| ratio=1.0000 (display=5.731mm, plate=0.000mm)
            [DIAGNOSTIC] Real tie gap (not just active-pair count): DISPLAY_BOT_L_PLATE_L_TOP_TIE: max_gap=13.4437mm mean=8.3153mm n=70 | DISPLAY_BOT_R_PLATE_R_TOP_TIE: max_gap=13.4438mm mean=8.3153mm n=70

[PNG] Deformed shape saved: D:\PythonCodeStudy\WHT_DispFoldSolver\examples\ex12_final_folding_shape.png
----------------------------------------------------------------------------------------------------
Step 46 | Attempting time increment: dt = 0.01000s (t: 0.3981s -> 0.4081s)
----------------------------------------------------------------------------------------------------

  Nonlinear Iteration Summary (Newton-Raphson)
  ==========================================================================================================================
  Time increment dt: 1.000e-02
  Convergence Tol  : 1.0e-02 (Disp Ratio)     Max Iterations: 50
  --------------------------------------------------------------------------------------------------------------------------
  Iter   Max Res.Force  (Node/DOF)    Max Disp.Corr  (Node/DOF)    Max Disp.Incr  Disp.Ratio  Energy.Err  LS.alpha  TieNodes
  --------------------------------------------------------------------------------------------------------------------------
DEBUG: NaN detected in assembly at iter 1!
  f_int has NaN: True
  K_T.data has NaN: True
  self.state has NaN: False
  Max displacement magnitude in u_k: 1.95723e+01 at Node 10001(UY)
  ---------------------------------------------------------------------------------------------------------------------
  *** ERROR: Search direction contains NaN/Inf at iteration 1. (Time: 6.00 s)

     1    46     1       0      50     0.3981     0.0000     0.0100   *** CUTBACK: NaN/Inf in search direction (Retrying step with smaller dt & target angle) ***
  *** STEP 46 FAILED (conv=-1, cutback 1/20). Cutting back dt to 0.00500s ***

----------------------------------------------------------------------------------------------------
Step 46 | Attempting time increment: dt = 0.00500s (t: 0.3981s -> 0.4031s)
----------------------------------------------------------------------------------------------------

  Nonlinear Iteration Summary (Newton-Raphson)
  ==========================================================================================================================
  Time increment dt: 5.000e-03
  Convergence Tol  : 1.0e-02 (Disp Ratio)     Max Iterations: 50
  --------------------------------------------------------------------------------------------------------------------------
  Iter   Max Res.Force  (Node/DOF)    Max Disp.Corr  (Node/DOF)    Max Disp.Incr  Disp.Ratio  Energy.Err  LS.alpha  TieNodes
  --------------------------------------------------------------------------------------------------------------------------
     1    3.7480e+11  N139(UX)       1.9647e-06  N10367(UY)     4.7053e-01     6.64e-08    1.27e+04      1.00       140
     2    3.7480e+11  N139(UX)       1.9647e-06  N10367(UY)     4.7053e-01     6.64e-08    1.27e+04      1.00       140
  ---------------------------------------------------------------------------------------------------------------------
  => Increment Converged. (Time: 14.57 s)

     1    46     2       0       1     0.4031     0.0050     0.0050

  [MONITOR] Step  46 | Time 0.4031s / 1.0s ( 40.3%)
            Fold Angle: Target +- 29.06deg | Actual [-29.06deg, +29.06deg]
            Plate Tips Y: Left=+18.60mm | Right=+18.60mm | Max Disp= 19.10mm
            Newton Iters:  1 | dt: 0.00500s
            [DIAGNOSTIC] display/plate max|u| ratio=1.0000 (display=5.532mm, plate=0.000mm)
            [DIAGNOSTIC] Real tie gap (not just active-pair count): DISPLAY_BOT_L_PLATE_L_TOP_TIE: max_gap=14.1187mm mean=8.7004mm n=70 | DISPLAY_BOT_R_PLATE_R_TOP_TIE: max_gap=14.1187mm mean=8.7004mm n=70

[PNG] Deformed shape saved: D:\PythonCodeStudy\WHT_DispFoldSolver\examples\ex12_final_folding_shape.png
----------------------------------------------------------------------------------------------------
Step 47 | Attempting time increment: dt = 0.00750s (t: 0.4031s -> 0.4106s)
----------------------------------------------------------------------------------------------------

  Nonlinear Iteration Summary (Newton-Raphson)
  ==========================================================================================================================
  Time increment dt: 7.500e-03
  Convergence Tol  : 1.0e-02 (Disp Ratio)     Max Iterations: 50
  --------------------------------------------------------------------------------------------------------------------------
  Iter   Max Res.Force  (Node/DOF)    Max Disp.Corr  (Node/DOF)    Max Disp.Incr  Disp.Ratio  Energy.Err  LS.alpha  TieNodes
  --------------------------------------------------------------------------------------------------------------------------
     1    1.6858e+11  N139(UY)       1.5158e-06  N10367(UY)     7.0630e-01     5.09e-08    1.19e+04      1.00       140
     2    1.6858e+11  N139(UY)       1.3455e-06  N10367(UY)     7.0630e-01     4.51e-08    1.07e+04      1.00       140
  ---------------------------------------------------------------------------------------------------------------------
  => Increment Converged. (Time: 17.01 s)
  Mesh quality NOTICE: min det(J)=1.619e-01 ? approaching inversion threshold (2 elements warped)

     1    47     1       0       1     0.4106     0.0075     0.0075

  [MONITOR] Step  47 | Time 0.4106s / 1.0s ( 41.1%)
            Fold Angle: Target +- 30.24deg | Actual [-30.24deg, +30.24deg]
            Plate Tips Y: Left=+19.31mm | Right=+19.31mm | Max Disp= 19.81mm
            Newton Iters:  1 | dt: 0.00750s
            [DIAGNOSTIC] display/plate max|u| ratio=1.0000 (display=5.149mm, plate=0.000mm)
            [DIAGNOSTIC] Real tie gap (not just active-pair count): DISPLAY_BOT_L_PLATE_L_TOP_TIE: max_gap=15.2336mm mean=9.3331mm n=70 | DISPLAY_BOT_R_PLATE_R_TOP_TIE: max_gap=15.2344mm mean=9.3332mm n=70

[PNG] Deformed shape saved: D:\PythonCodeStudy\WHT_DispFoldSolver\examples\ex12_final_folding_shape.png
----------------------------------------------------------------------------------------------------
Step 48 | Attempting time increment: dt = 0.01000s (t: 0.4106s -> 0.4206s)
----------------------------------------------------------------------------------------------------

  Nonlinear Iteration Summary (Newton-Raphson)
  ==========================================================================================================================
  Time increment dt: 1.000e-02
  Convergence Tol  : 1.0e-02 (Disp Ratio)     Max Iterations: 50
  --------------------------------------------------------------------------------------------------------------------------
  Iter   Max Res.Force  (Node/DOF)    Max Disp.Corr  (Node/DOF)    Max Disp.Incr  Disp.Ratio  Energy.Err  LS.alpha  TieNodes
  --------------------------------------------------------------------------------------------------------------------------
     1    1.8622e+11  N139(UY)       1.1863e-06  N10367(UY)     9.4083e-01     4.40e-08    5.61e+03      1.00       140
     2    1.8622e+11  N139(UY)       8.4975e-07  N10367(UY)     9.4083e-01     2.94e-08    5.71e+03      1.00       140
  ---------------------------------------------------------------------------------------------------------------------
  => Increment Converged. (Time: 16.87 s)
  Mesh quality WARNING: min det(J)=1.854e-02  inverted=0  warped=2

     1    48     1       0       1     0.4206     0.0100     0.0100

  [MONITOR] Step  48 | Time 0.4206s / 1.0s ( 42.1%)
            Fold Angle: Target +- 31.83deg | Actual [-31.83deg, +31.83deg]
            Plate Tips Y: Left=+20.25mm | Right=+20.25mm | Max Disp= 20.75mm
            Newton Iters:  1 | dt: 0.01000s
            [DIAGNOSTIC] display/plate max|u| ratio=1.0000 (display=5.151mm, plate=0.000mm)
            [DIAGNOSTIC] Real tie gap (not just active-pair count): DISPLAY_BOT_L_PLATE_L_TOP_TIE: max_gap=16.2419mm mean=9.9513mm n=70 | DISPLAY_BOT_R_PLATE_R_TOP_TIE: max_gap=16.2427mm mean=9.9514mm n=70

[PNG] Deformed shape saved: D:\PythonCodeStudy\WHT_DispFoldSolver\examples\ex12_final_folding_shape.png
----------------------------------------------------------------------------------------------------
Step 49 | Attempting time increment: dt = 0.01000s (t: 0.4206s -> 0.4306s)
----------------------------------------------------------------------------------------------------

  Nonlinear Iteration Summary (Newton-Raphson)
  ==========================================================================================================================
  Time increment dt: 1.000e-02
  Convergence Tol  : 1.0e-02 (Disp Ratio)     Max Iterations: 50
  --------------------------------------------------------------------------------------------------------------------------
  Iter   Max Res.Force  (Node/DOF)    Max Disp.Corr  (Node/DOF)    Max Disp.Incr  Disp.Ratio  Energy.Err  LS.alpha  TieNodes
  --------------------------------------------------------------------------------------------------------------------------
     1    2.5828e+11  N139(UX)       7.5674e-07  N10367(UY)     9.3721e-01     2.38e-08    7.94e+03      1.00       140
     2    2.5828e+11  N139(UX)       5.4526e-07  N10367(UY)     9.3721e-01     1.71e-08    5.87e+03      1.00       140
  ---------------------------------------------------------------------------------------------------------------------
  => Increment Converged. (Time: 15.01 s)

     1    49     1       0       1     0.4306     0.0100     0.0100

  [MONITOR] Step  49 | Time 0.4306s / 1.0s ( 43.1%)
            Fold Angle: Target +- 33.44deg | Actual [-33.44deg, +33.44deg]
            Plate Tips Y: Left=+21.19mm | Right=+21.19mm | Max Disp= 21.69mm
            Newton Iters:  1 | dt: 0.01000s
            [DIAGNOSTIC] display/plate max|u| ratio=1.0000 (display=5.561mm, plate=0.000mm)
            [DIAGNOSTIC] Real tie gap (not just active-pair count): DISPLAY_BOT_L_PLATE_L_TOP_TIE: max_gap=16.8528mm mean=10.3778mm n=70 | DISPLAY_BOT_R_PLATE_R_TOP_TIE: max_gap=16.8529mm mean=10.3778mm n=70

[PNG] Deformed shape saved: D:\PythonCodeStudy\WHT_DispFoldSolver\examples\ex12_final_folding_shape.png
----------------------------------------------------------------------------------------------------
Step 50 | Attempting time increment: dt = 0.01000s (t: 0.4306s -> 0.4406s)
----------------------------------------------------------------------------------------------------

  Nonlinear Iteration Summary (Newton-Raphson)
  ==========================================================================================================================
  Time increment dt: 1.000e-02
  Convergence Tol  : 1.0e-02 (Disp Ratio)     Max Iterations: 50
  --------------------------------------------------------------------------------------------------------------------------
  Iter   Max Res.Force  (Node/DOF)    Max Disp.Corr  (Node/DOF)    Max Disp.Incr  Disp.Ratio  Energy.Err  LS.alpha  TieNodes
  --------------------------------------------------------------------------------------------------------------------------
     1    4.5740e+11  N139(UX)       3.9189e-07  N10367(UY)     9.3078e-01     1.20e-08    4.79e+03      1.00       140
     2    4.5740e+11  N139(UX)       2.1701e-07  N10367(UY)     9.3078e-01     6.63e-09    2.72e+03      1.00       140
  ---------------------------------------------------------------------------------------------------------------------
  => Increment Converged. (Time: 14.21 s)
  Mesh quality NOTICE: min det(J)=3.495e-01 ? approaching inversion threshold (2 elements warped)

     1    50     1       0       1     0.4406     0.0100     0.0100

  [MONITOR] Step  50 | Time 0.4406s / 1.0s ( 44.1%)
            Fold Angle: Target +- 35.07deg | Actual [-35.07deg, +35.07deg]
            Plate Tips Y: Left=+22.12mm | Right=+22.12mm | Max Disp= 22.62mm
            Newton Iters:  1 | dt: 0.01000s
            [DIAGNOSTIC] display/plate max|u| ratio=1.0000 (display=5.707mm, plate=0.000mm)
            [DIAGNOSTIC] Real tie gap (not just active-pair count): DISPLAY_BOT_L_PLATE_L_TOP_TIE: max_gap=17.7280mm mean=10.9179mm n=70 | DISPLAY_BOT_R_PLATE_R_TOP_TIE: max_gap=17.7281mm mean=10.9179mm n=70
            [DIAGNOSTIC] Hinge curvature: max_curv_ratio=731178.29 kink_detected=True at x=-7.50mm

[PNG] Deformed shape saved: D:\PythonCodeStudy\WHT_DispFoldSolver\examples\ex12_final_folding_shape.png
----------------------------------------------------------------------------------------------------
Step 51 | Attempting time increment: dt = 0.01000s (t: 0.4406s -> 0.4506s)
----------------------------------------------------------------------------------------------------

  Nonlinear Iteration Summary (Newton-Raphson)
  ==========================================================================================================================
  Time increment dt: 1.000e-02
  Convergence Tol  : 1.0e-02 (Disp Ratio)     Max Iterations: 50
  --------------------------------------------------------------------------------------------------------------------------
  Iter   Max Res.Force  (Node/DOF)    Max Disp.Corr  (Node/DOF)    Max Disp.Incr  Disp.Ratio  Energy.Err  LS.alpha  TieNodes
  --------------------------------------------------------------------------------------------------------------------------
     1    2.0525e+11  N139(UX)       1.9160e-07  N10367(UY)     9.2159e-01     5.91e-09    2.84e+03      1.00       140
     2    2.0525e+11  N139(UX)       1.9160e-07  N10367(UY)     9.2159e-01     5.91e-09    2.84e+03      1.00       140
  ---------------------------------------------------------------------------------------------------------------------
  => Increment Converged. (Time: 15.76 s)

     1    51     1       0       1     0.4506     0.0100     0.0100

  [MONITOR] Step  51 | Time 0.4506s / 1.0s ( 45.1%)
            Fold Angle: Target +- 36.72deg | Actual [-36.72deg, +36.72deg]
            Plate Tips Y: Left=+23.04mm | Right=+23.04mm | Max Disp= 23.54mm
            Newton Iters:  1 | dt: 0.01000s
            [DIAGNOSTIC] display/plate max|u| ratio=1.0000 (display=5.234mm, plate=0.000mm)
            [DIAGNOSTIC] Real tie gap (not just active-pair count): DISPLAY_BOT_L_PLATE_L_TOP_TIE: max_gap=19.1211mm mean=11.7281mm n=70 | DISPLAY_BOT_R_PLATE_R_TOP_TIE: max_gap=19.1212mm mean=11.7282mm n=70

[PNG] Deformed shape saved: D:\PythonCodeStudy\WHT_DispFoldSolver\examples\ex12_final_folding_shape.png
----------------------------------------------------------------------------------------------------
Step 52 | Attempting time increment: dt = 0.01000s (t: 0.4506s -> 0.4606s)
----------------------------------------------------------------------------------------------------

  Nonlinear Iteration Summary (Newton-Raphson)
  ==========================================================================================================================
  Time increment dt: 1.000e-02
  Convergence Tol  : 1.0e-02 (Disp Ratio)     Max Iterations: 50
  --------------------------------------------------------------------------------------------------------------------------
  Iter   Max Res.Force  (Node/DOF)    Max Disp.Corr  (Node/DOF)    Max Disp.Incr  Disp.Ratio  Energy.Err  LS.alpha  TieNodes
  --------------------------------------------------------------------------------------------------------------------------
     1    1.6004e+11  N139(UY)       2.7364e-07  N10367(UY)     9.0969e-01     8.40e-09    4.47e+03      1.00       140
     2    1.6004e+11  N139(UY)       4.7262e-07  N10367(UY)     9.0969e-01     1.46e-08    8.09e+03      1.00       140
  ---------------------------------------------------------------------------------------------------------------------
  => Increment Converged. (Time: 16.63 s)
  Mesh quality WARNING: min det(J)=9.498e-02  inverted=0  warped=2

     1    52     1       0       1     0.4606     0.0100     0.0100

  [MONITOR] Step  52 | Time 0.4606s / 1.0s ( 46.1%)
            Fold Angle: Target +- 38.38deg | Actual [-38.38deg, +38.38deg]
            Plate Tips Y: Left=+23.95mm | Right=+23.95mm | Max Disp= 24.45mm
            Newton Iters:  1 | dt: 0.01000s
            [DIAGNOSTIC] display/plate max|u| ratio=1.0000 (display=5.090mm, plate=0.000mm)
            [DIAGNOSTIC] Real tie gap (not just active-pair count): DISPLAY_BOT_L_PLATE_L_TOP_TIE: max_gap=20.2529mm mean=12.3917mm n=70 | DISPLAY_BOT_R_PLATE_R_TOP_TIE: max_gap=20.2537mm mean=12.3918mm n=70

[PNG] Deformed shape saved: D:\PythonCodeStudy\WHT_DispFoldSolver\examples\ex12_final_folding_shape.png
----------------------------------------------------------------------------------------------------
Step 53 | Attempting time increment: dt = 0.01000s (t: 0.4606s -> 0.4706s)
----------------------------------------------------------------------------------------------------

  Nonlinear Iteration Summary (Newton-Raphson)
  ==========================================================================================================================
  Time increment dt: 1.000e-02
  Convergence Tol  : 1.0e-02 (Disp Ratio)     Max Iterations: 50
  --------------------------------------------------------------------------------------------------------------------------
  Iter   Max Res.Force  (Node/DOF)    Max Disp.Corr  (Node/DOF)    Max Disp.Incr  Disp.Ratio  Energy.Err  LS.alpha  TieNodes
  --------------------------------------------------------------------------------------------------------------------------
     1    2.3047e+11  N139(UX)       4.7563e-07  N10367(UY)     8.9516e-01     1.44e-08    8.93e+03      1.00       140
     2    2.3046e+11  N139(UX)       6.4305e-07  N10367(UY)     8.9516e-01     1.95e-08    1.25e+04      1.00       140
  ---------------------------------------------------------------------------------------------------------------------
  => Increment Converged. (Time: 15.95 s)

     1    53     1       0       1     0.4706     0.0100     0.0100

  [MONITOR] Step  53 | Time 0.4706s / 1.0s ( 47.1%)
            Fold Angle: Target +- 40.05deg | Actual [-40.05deg, +40.05deg]
            Plate Tips Y: Left=+24.84mm | Right=+24.84mm | Max Disp= 25.34mm
            Newton Iters:  1 | dt: 0.01000s
            [DIAGNOSTIC] display/plate max|u| ratio=1.0000 (display=5.330mm, plate=0.000mm)
            [DIAGNOSTIC] Real tie gap (not just active-pair count): DISPLAY_BOT_L_PLATE_L_TOP_TIE: max_gap=20.9967mm mean=12.8729mm n=70 | DISPLAY_BOT_R_PLATE_R_TOP_TIE: max_gap=20.9967mm mean=12.8729mm n=70

[PNG] Deformed shape saved: D:\PythonCodeStudy\WHT_DispFoldSolver\examples\ex12_final_folding_shape.png
----------------------------------------------------------------------------------------------------
Step 54 | Attempting time increment: dt = 0.01000s (t: 0.4706s -> 0.4806s)
----------------------------------------------------------------------------------------------------

  Nonlinear Iteration Summary (Newton-Raphson)
  ==========================================================================================================================
  Time increment dt: 1.000e-02
  Convergence Tol  : 1.0e-02 (Disp Ratio)     Max Iterations: 50
  --------------------------------------------------------------------------------------------------------------------------
  Iter   Max Res.Force  (Node/DOF)    Max Disp.Corr  (Node/DOF)    Max Disp.Incr  Disp.Ratio  Energy.Err  LS.alpha  TieNodes
  --------------------------------------------------------------------------------------------------------------------------
     1    2.3981e+11  N139(UX)       8.7636e-07  N10367(UY)     8.7810e-01     2.71e-08    1.96e+04      1.00       140
     2    2.3981e+11  N139(UX)       8.7641e-07  N10367(UY)     8.7810e-01     2.71e-08    1.96e+04      1.00       140
  ---------------------------------------------------------------------------------------------------------------------
  => Increment Converged. (Time: 14.89 s)

     1    54     1       0       1     0.4806     0.0100     0.0100

  [MONITOR] Step  54 | Time 0.4806s / 1.0s ( 48.1%)
            Fold Angle: Target +- 41.73deg | Actual [-41.73deg, +41.73deg]
            Plate Tips Y: Left=+25.72mm | Right=+25.72mm | Max Disp= 26.22mm
            Newton Iters:  1 | dt: 0.01000s
            [DIAGNOSTIC] display/plate max|u| ratio=1.0000 (display=4.932mm, plate=0.000mm)
            [DIAGNOSTIC] Real tie gap (not just active-pair count): DISPLAY_BOT_L_PLATE_L_TOP_TIE: max_gap=22.2579mm mean=13.5874mm n=70 | DISPLAY_BOT_R_PLATE_R_TOP_TIE: max_gap=22.2580mm mean=13.5875mm n=70

[PNG] Deformed shape saved: D:\PythonCodeStudy\WHT_DispFoldSolver\examples\ex12_final_folding_shape.png
----------------------------------------------------------------------------------------------------
Step 55 | Attempting time increment: dt = 0.01000s (t: 0.4806s -> 0.4906s)
----------------------------------------------------------------------------------------------------

  Nonlinear Iteration Summary (Newton-Raphson)
  ==========================================================================================================================
  Time increment dt: 1.000e-02
  Convergence Tol  : 1.0e-02 (Disp Ratio)     Max Iterations: 50
  --------------------------------------------------------------------------------------------------------------------------
  Iter   Max Res.Force  (Node/DOF)    Max Disp.Corr  (Node/DOF)    Max Disp.Incr  Disp.Ratio  Energy.Err  LS.alpha  TieNodes
  --------------------------------------------------------------------------------------------------------------------------
     1    1.3471e+11  N139(UY)       9.8770e-07  N10367(UY)     8.5863e-01     3.09e-08    2.42e+04      1.00       140
     2    1.3471e+11  N139(UY)       1.0760e-06  N10367(UY)     8.5863e-01     3.40e-08    2.73e+04      1.00       140
  ---------------------------------------------------------------------------------------------------------------------
  => Increment Converged. (Time: 14.84 s)
  Mesh quality NOTICE: min det(J)=1.403e-01 ? approaching inversion threshold (2 elements warped)

     1    55     1       0       1     0.4906     0.0100     0.0100

  [MONITOR] Step  55 | Time 0.4906s / 1.0s ( 49.1%)
            Fold Angle: Target +- 43.42deg | Actual [-43.42deg, +43.42deg]
            Plate Tips Y: Left=+26.58mm | Right=+26.58mm | Max Disp= 27.08mm
            Newton Iters:  1 | dt: 0.01000s
            [DIAGNOSTIC] display/plate max|u| ratio=1.0000 (display=4.599mm, plate=0.000mm)
            [DIAGNOSTIC] Real tie gap (not just active-pair count): DISPLAY_BOT_L_PLATE_L_TOP_TIE: max_gap=23.4740mm mean=14.2848mm n=70 | DISPLAY_BOT_R_PLATE_R_TOP_TIE: max_gap=23.4748mm mean=14.2850mm n=70

[PNG] Deformed shape saved: D:\PythonCodeStudy\WHT_DispFoldSolver\examples\ex12_final_folding_shape.png
----------------------------------------------------------------------------------------------------
Step 56 | Attempting time increment: dt = 0.01000s (t: 0.4906s -> 0.5006s)
----------------------------------------------------------------------------------------------------

  Nonlinear Iteration Summary (Newton-Raphson)
  ==========================================================================================================================
  Time increment dt: 1.000e-02
  Convergence Tol  : 1.0e-02 (Disp Ratio)     Max Iterations: 50
  --------------------------------------------------------------------------------------------------------------------------
  Iter   Max Res.Force  (Node/DOF)    Max Disp.Corr  (Node/DOF)    Max Disp.Incr  Disp.Ratio  Energy.Err  LS.alpha  TieNodes
  --------------------------------------------------------------------------------------------------------------------------
     1    3.4105e+11  N139(UX)       1.1345e-06  N10367(UY)     8.3689e-01     3.53e-08    3.20e+04      1.00       140
     2    3.4105e+11  N139(UX)       1.1345e-06  N10367(UY)     8.3689e-01     3.53e-08    3.20e+04      1.00       140
  ---------------------------------------------------------------------------------------------------------------------
  => Increment Converged. (Time: 13.22 s)
  Mesh quality NOTICE: min det(J)=2.843e-01 ? approaching inversion threshold (2 elements warped)

     1    56     1       0       1     0.5006     0.0100     0.0100

  [MONITOR] Step  56 | Time 0.5006s / 1.0s ( 50.1%)
            Fold Angle: Target +- 45.11deg | Actual [-45.11deg, +45.11deg]
            Plate Tips Y: Left=+27.42mm | Right=+27.42mm | Max Disp= 27.92mm
            Newton Iters:  1 | dt: 0.01000s
            [DIAGNOSTIC] display/plate max|u| ratio=1.0000 (display=5.233mm, plate=0.000mm)
            [DIAGNOSTIC] Real tie gap (not just active-pair count): DISPLAY_BOT_L_PLATE_L_TOP_TIE: max_gap=23.8873mm mean=14.6038mm n=70 | DISPLAY_BOT_R_PLATE_R_TOP_TIE: max_gap=23.8874mm mean=14.6039mm n=70

[PNG] Deformed shape saved: D:\PythonCodeStudy\WHT_DispFoldSolver\examples\ex12_final_folding_shape.png
----------------------------------------------------------------------------------------------------
Step 57 | Attempting time increment: dt = 0.01000s (t: 0.5006s -> 0.5106s)
----------------------------------------------------------------------------------------------------

  Nonlinear Iteration Summary (Newton-Raphson)
  ==========================================================================================================================
  Time increment dt: 1.000e-02
  Convergence Tol  : 1.0e-02 (Disp Ratio)     Max Iterations: 50
  --------------------------------------------------------------------------------------------------------------------------
  Iter   Max Res.Force  (Node/DOF)    Max Disp.Corr  (Node/DOF)    Max Disp.Incr  Disp.Ratio  Energy.Err  LS.alpha  TieNodes
  --------------------------------------------------------------------------------------------------------------------------
DEBUG: NaN detected in assembly at iter 1!
  f_int has NaN: True
  K_T.data has NaN: True
  self.state has NaN: False
  Max displacement magnitude in u_k: 2.79675e+01 at Node 10001(UY)
  ---------------------------------------------------------------------------------------------------------------------
  *** ERROR: Search direction contains NaN/Inf at iteration 1. (Time: 6.55 s)

     1    57     1       0      50     0.5006     0.0000     0.0100   *** CUTBACK: NaN/Inf in search direction (Retrying step with smaller dt & target angle) ***
  *** STEP 57 FAILED (conv=-1, cutback 1/20). Cutting back dt to 0.00500s ***

----------------------------------------------------------------------------------------------------
Step 57 | Attempting time increment: dt = 0.00500s (t: 0.5006s -> 0.5056s)
----------------------------------------------------------------------------------------------------

  Nonlinear Iteration Summary (Newton-Raphson)
  ==========================================================================================================================
  Time increment dt: 5.000e-03
  Convergence Tol  : 1.0e-02 (Disp Ratio)     Max Iterations: 50
  --------------------------------------------------------------------------------------------------------------------------
  Iter   Max Res.Force  (Node/DOF)    Max Disp.Corr  (Node/DOF)    Max Disp.Incr  Disp.Ratio  Energy.Err  LS.alpha  TieNodes
  --------------------------------------------------------------------------------------------------------------------------
     1    4.9174e+11  N139(UX)       1.0207e-06  N10611(UX)     4.1189e-01     3.51e-08    3.83e+04      1.00       140
     2    4.9173e+11  N139(UX)       1.0699e-06  N10611(UX)     4.1189e-01     3.72e-08    4.04e+04      1.00       140
  ---------------------------------------------------------------------------------------------------------------------
  => Increment Converged. (Time: 14.36 s)
  Mesh quality WARNING: min det(J)=1.408e-02  inverted=0  warped=2

     1    57     2       0       1     0.5056     0.0050     0.0050

  [MONITOR] Step  57 | Time 0.5056s / 1.0s ( 50.6%)
            Fold Angle: Target +- 45.95deg | Actual [-45.95deg, +45.95deg]
            Plate Tips Y: Left=+27.83mm | Right=+27.83mm | Max Disp= 28.33mm
            Newton Iters:  1 | dt: 0.00500s
            [DIAGNOSTIC] display/plate max|u| ratio=1.0000 (display=5.320mm, plate=0.000mm)
            [DIAGNOSTIC] Real tie gap (not just active-pair count): DISPLAY_BOT_L_PLATE_L_TOP_TIE: max_gap=24.2780mm mean=14.8494mm n=70 | DISPLAY_BOT_R_PLATE_R_TOP_TIE: max_gap=24.2781mm mean=14.8495mm n=70

[PNG] Deformed shape saved: D:\PythonCodeStudy\WHT_DispFoldSolver\examples\ex12_final_folding_shape.png
----------------------------------------------------------------------------------------------------
Step 58 | Attempting time increment: dt = 0.00750s (t: 0.5056s -> 0.5131s)
----------------------------------------------------------------------------------------------------

  Nonlinear Iteration Summary (Newton-Raphson)
  ==========================================================================================================================
  Time increment dt: 7.500e-03
  Convergence Tol  : 1.0e-02 (Disp Ratio)     Max Iterations: 50
  --------------------------------------------------------------------------------------------------------------------------
  Iter   Max Res.Force  (Node/DOF)    Max Disp.Corr  (Node/DOF)    Max Disp.Incr  Disp.Ratio  Energy.Err  LS.alpha  TieNodes
  --------------------------------------------------------------------------------------------------------------------------
     1    1.9428e+11  N139(UX)       1.1593e-06  N10611(UX)     6.2847e-01     3.47e-08    3.64e+04      1.00       140
     2    1.9428e+11  N139(UX)       1.1845e-06  N10611(UX)     6.2847e-01     3.57e-08    3.77e+04      1.00       140
  ---------------------------------------------------------------------------------------------------------------------
  => Increment Converged. (Time: 14.34 s)

     1    58     1       0       1     0.5131     0.0075     0.0075

  [MONITOR] Step  58 | Time 0.5131s / 1.0s ( 51.3%)
            Fold Angle: Target +- 47.21deg | Actual [-47.21deg, +47.21deg]
            Plate Tips Y: Left=+28.43mm | Right=+28.43mm | Max Disp= 28.93mm
            Newton Iters:  1 | dt: 0.00750s
            [DIAGNOSTIC] display/plate max|u| ratio=1.0000 (display=4.913mm, plate=0.000mm)
            [DIAGNOSTIC] Real tie gap (not just active-pair count): DISPLAY_BOT_L_PLATE_L_TOP_TIE: max_gap=25.2753mm mean=15.4576mm n=70 | DISPLAY_BOT_R_PLATE_R_TOP_TIE: max_gap=25.2754mm mean=15.4578mm n=70

[PNG] Deformed shape saved: D:\PythonCodeStudy\WHT_DispFoldSolver\examples\ex12_final_folding_shape.png
----------------------------------------------------------------------------------------------------
Step 59 | Attempting time increment: dt = 0.01000s (t: 0.5131s -> 0.5231s)
----------------------------------------------------------------------------------------------------

  Nonlinear Iteration Summary (Newton-Raphson)
  ==========================================================================================================================
  Time increment dt: 1.000e-02
  Convergence Tol  : 1.0e-02 (Disp Ratio)     Max Iterations: 50
  --------------------------------------------------------------------------------------------------------------------------
  Iter   Max Res.Force  (Node/DOF)    Max Disp.Corr  (Node/DOF)    Max Disp.Incr  Disp.Ratio  Energy.Err  LS.alpha  TieNodes
  --------------------------------------------------------------------------------------------------------------------------
DEBUG: NaN detected in assembly at iter 1!
  f_int has NaN: True
  K_T.data has NaN: True
  self.state has NaN: False
  Max displacement magnitude in u_k: 2.93193e+01 at Node 10001(UY)
  ---------------------------------------------------------------------------------------------------------------------
  *** ERROR: Search direction contains NaN/Inf at iteration 1. (Time: 6.29 s)

     1    59     1       0      50     0.5131     0.0000     0.0100   *** CUTBACK: NaN/Inf in search direction (Retrying step with smaller dt & target angle) ***
  *** STEP 59 FAILED (conv=-1, cutback 1/20). Cutting back dt to 0.00500s ***

----------------------------------------------------------------------------------------------------
Step 59 | Attempting time increment: dt = 0.00500s (t: 0.5131s -> 0.5181s)
----------------------------------------------------------------------------------------------------

  Nonlinear Iteration Summary (Newton-Raphson)
  ==========================================================================================================================
  Time increment dt: 5.000e-03
  Convergence Tol  : 1.0e-02 (Disp Ratio)     Max Iterations: 50
  --------------------------------------------------------------------------------------------------------------------------
  Iter   Max Res.Force  (Node/DOF)    Max Disp.Corr  (Node/DOF)    Max Disp.Incr  Disp.Ratio  Energy.Err  LS.alpha  TieNodes
  --------------------------------------------------------------------------------------------------------------------------
     1    1.3225e+11  N139(UY)       1.1904e-06  N10611(UX)     4.2568e-01     3.50e-08    3.94e+04      1.00       140
     2    1.3225e+11  N139(UY)       1.2042e-06  N10611(UX)     4.2568e-01     3.56e-08    4.02e+04      1.00       140
  ---------------------------------------------------------------------------------------------------------------------
  => Increment Converged. (Time: 14.27 s)
  Mesh quality NOTICE: min det(J)=1.858e-01 ? approaching inversion threshold (2 elements warped)

     1    59     2       0       1     0.5181     0.0050     0.0050

  [MONITOR] Step  59 | Time 0.5181s / 1.0s ( 51.8%)
            Fold Angle: Target +- 48.06deg | Actual [-48.06deg, +48.06deg]
            Plate Tips Y: Left=+28.82mm | Right=+28.82mm | Max Disp= 29.32mm
            Newton Iters:  1 | dt: 0.00500s
            [DIAGNOSTIC] display/plate max|u| ratio=1.0000 (display=4.869mm, plate=0.000mm)
            [DIAGNOSTIC] Real tie gap (not just active-pair count): DISPLAY_BOT_L_PLATE_L_TOP_TIE: max_gap=25.7993mm mean=15.7754mm n=70 | DISPLAY_BOT_R_PLATE_R_TOP_TIE: max_gap=25.7998mm mean=15.7756mm n=70

[PNG] Deformed shape saved: D:\PythonCodeStudy\WHT_DispFoldSolver\examples\ex12_final_folding_shape.png
----------------------------------------------------------------------------------------------------
Step 60 | Attempting time increment: dt = 0.00750s (t: 0.5181s -> 0.5256s)
----------------------------------------------------------------------------------------------------

  Nonlinear Iteration Summary (Newton-Raphson)
  ==========================================================================================================================
  Time increment dt: 7.500e-03
  Convergence Tol  : 1.0e-02 (Disp Ratio)     Max Iterations: 50
  --------------------------------------------------------------------------------------------------------------------------
  Iter   Max Res.Force  (Node/DOF)    Max Disp.Corr  (Node/DOF)    Max Disp.Incr  Disp.Ratio  Energy.Err  LS.alpha  TieNodes
  --------------------------------------------------------------------------------------------------------------------------
     1    3.4809e+11  N139(UX)       1.1589e-06  N10611(UX)     6.4786e-01     3.26e-08    4.04e+04      1.00       140
     2    3.4809e+11  N139(UX)       1.1589e-06  N10611(UX)     6.4786e-01     3.26e-08    4.04e+04      1.00       140
  ---------------------------------------------------------------------------------------------------------------------
  => Increment Converged. (Time: 12.86 s)
  Mesh quality NOTICE: min det(J)=1.985e-01 ? approaching inversion threshold (2 elements warped)

     1    60     1       0       1     0.5256     0.0075     0.0075

  [MONITOR] Step  60 | Time 0.5256s / 1.0s ( 52.6%)
            Fold Angle: Target +- 49.32deg | Actual [-49.32deg, +49.32deg]
            Plate Tips Y: Left=+29.40mm | Right=+29.40mm | Max Disp= 29.90mm
            Newton Iters:  1 | dt: 0.00750s
            [DIAGNOSTIC] display/plate max|u| ratio=1.0000 (display=5.323mm, plate=0.000mm)
            [DIAGNOSTIC] Real tie gap (not just active-pair count): DISPLAY_BOT_L_PLATE_L_TOP_TIE: max_gap=26.0503mm mean=15.9470mm n=70 | DISPLAY_BOT_R_PLATE_R_TOP_TIE: max_gap=26.0504mm mean=15.9471mm n=70
            [DIAGNOSTIC] Hinge curvature: max_curv_ratio=756448.41 kink_detected=True at x=7.50mm

[PNG] Deformed shape saved: D:\PythonCodeStudy\WHT_DispFoldSolver\examples\ex12_final_folding_shape.png
----------------------------------------------------------------------------------------------------
Step 61 | Attempting time increment: dt = 0.01000s (t: 0.5256s -> 0.5356s)
----------------------------------------------------------------------------------------------------

  Nonlinear Iteration Summary (Newton-Raphson)
  ==========================================================================================================================
  Time increment dt: 1.000e-02
  Convergence Tol  : 1.0e-02 (Disp Ratio)     Max Iterations: 50
  --------------------------------------------------------------------------------------------------------------------------
  Iter   Max Res.Force  (Node/DOF)    Max Disp.Corr  (Node/DOF)    Max Disp.Incr  Disp.Ratio  Energy.Err  LS.alpha  TieNodes
  --------------------------------------------------------------------------------------------------------------------------
  *** ELEMENT INVERSION: det(F) <= 0 detected at iteration 1. Cutting back dt.
     1    61     1       0      50     0.5256     0.0000     0.0100   *** CUTBACK: element inversion (det(F) <= 0) (Retrying step with smaller dt & target angle) ***
  *** STEP 61 FAILED (conv=-50, cutback 1/20). Cutting back dt to 0.00500s ***

----------------------------------------------------------------------------------------------------
Step 61 | Attempting time increment: dt = 0.00500s (t: 0.5256s -> 0.5306s)
----------------------------------------------------------------------------------------------------

  Nonlinear Iteration Summary (Newton-Raphson)
  ==========================================================================================================================
  Time increment dt: 5.000e-03
  Convergence Tol  : 1.0e-02 (Disp Ratio)     Max Iterations: 50
  --------------------------------------------------------------------------------------------------------------------------
  Iter   Max Res.Force  (Node/DOF)    Max Disp.Corr  (Node/DOF)    Max Disp.Incr  Disp.Ratio  Energy.Err  LS.alpha  TieNodes
  --------------------------------------------------------------------------------------------------------------------------
DEBUG: NaN detected in assembly at iter 1!
  f_int has NaN: True
  K_T.data has NaN: True
  self.state has NaN: False
  Max displacement magnitude in u_k: 2.99239e+01 at Node 10001(UY)
  ---------------------------------------------------------------------------------------------------------------------
  *** ERROR: Search direction contains NaN/Inf at iteration 1. (Time: 6.27 s)

     1    61     2       0      50     0.5256     0.0000     0.0050   *** CUTBACK: NaN/Inf in search direction (Retrying step with smaller dt & target angle) ***
  *** STEP 61 FAILED (conv=-1, cutback 1/20). Cutting back dt to 0.00250s ***

----------------------------------------------------------------------------------------------------
Step 61 | Attempting time increment: dt = 0.00250s (t: 0.5256s -> 0.5281s)
----------------------------------------------------------------------------------------------------

  Nonlinear Iteration Summary (Newton-Raphson)
  ==========================================================================================================================
  Time increment dt: 2.500e-03
  Convergence Tol  : 1.0e-02 (Disp Ratio)     Max Iterations: 50
  --------------------------------------------------------------------------------------------------------------------------
  Iter   Max Res.Force  (Node/DOF)    Max Disp.Corr  (Node/DOF)    Max Disp.Incr  Disp.Ratio  Energy.Err  LS.alpha  TieNodes
  --------------------------------------------------------------------------------------------------------------------------
     1    4.8977e+11  N139(UX)       6.4461e-07  N10611(UX)     2.1830e-01     1.75e-08    2.26e+04      1.00       140
     2    4.8977e+11  N139(UX)       6.6437e-07  N10611(UX)     2.1830e-01     1.81e-08    2.35e+04      1.00       140
  ---------------------------------------------------------------------------------------------------------------------
  => Increment Converged. (Time: 13.93 s)
  Mesh quality WARNING: min det(J)=1.416e-03  inverted=0  warped=2

     1    61     3       0       1     0.5281     0.0025     0.0025

  [MONITOR] Step  61 | Time 0.5281s / 1.0s ( 52.8%)
            Fold Angle: Target +- 49.74deg | Actual [-49.74deg, +49.74deg]
            Plate Tips Y: Left=+29.59mm | Right=+29.59mm | Max Disp= 30.09mm
            Newton Iters:  1 | dt: 0.00250s
            [DIAGNOSTIC] display/plate max|u| ratio=1.0000 (display=5.358mm, plate=0.000mm)
            [DIAGNOSTIC] Real tie gap (not just active-pair count): DISPLAY_BOT_L_PLATE_L_TOP_TIE: max_gap=26.2347mm mean=16.0593mm n=70 | DISPLAY_BOT_R_PLATE_R_TOP_TIE: max_gap=26.2348mm mean=16.0594mm n=70

[PNG] Deformed shape saved: D:\PythonCodeStudy\WHT_DispFoldSolver\examples\ex12_final_folding_shape.png
----------------------------------------------------------------------------------------------------
Step 62 | Attempting time increment: dt = 0.00375s (t: 0.5281s -> 0.5319s)
----------------------------------------------------------------------------------------------------

  Nonlinear Iteration Summary (Newton-Raphson)
  ==========================================================================================================================
  Time increment dt: 3.750e-03
  Convergence Tol  : 1.0e-02 (Disp Ratio)     Max Iterations: 50
  --------------------------------------------------------------------------------------------------------------------------
  Iter   Max Res.Force  (Node/DOF)    Max Disp.Corr  (Node/DOF)    Max Disp.Incr  Disp.Ratio  Energy.Err  LS.alpha  TieNodes
  --------------------------------------------------------------------------------------------------------------------------
     1    2.9620e+11  N139(UX)       6.9418e-07  N10611(UX)     3.2951e-01     1.83e-08    2.36e+04      1.00       140
     2    2.9620e+11  N139(UX)       6.9418e-07  N10611(UX)     3.2951e-01     1.83e-08    2.36e+04      1.00       140
  ---------------------------------------------------------------------------------------------------------------------
  => Increment Converged. (Time: 13.16 s)

     1    62     1       0       1     0.5319     0.0037     0.0037

  [MONITOR] Step  62 | Time 0.5319s / 1.0s ( 53.2%)
            Fold Angle: Target +- 50.36deg | Actual [-50.36deg, +50.36deg]
            Plate Tips Y: Left=+29.87mm | Right=+29.87mm | Max Disp= 30.37mm
            Newton Iters:  1 | dt: 0.00375s
            [DIAGNOSTIC] display/plate max|u| ratio=1.0000 (display=5.047mm, plate=0.000mm)
            [DIAGNOSTIC] Real tie gap (not just active-pair count): DISPLAY_BOT_L_PLATE_L_TOP_TIE: max_gap=26.8514mm mean=16.4357mm n=70 | DISPLAY_BOT_R_PLATE_R_TOP_TIE: max_gap=26.8515mm mean=16.4359mm n=70

[PNG] Deformed shape saved: D:\PythonCodeStudy\WHT_DispFoldSolver\examples\ex12_final_folding_shape.png
----------------------------------------------------------------------------------------------------
Step 63 | Attempting time increment: dt = 0.00562s (t: 0.5319s -> 0.5375s)
----------------------------------------------------------------------------------------------------

  Nonlinear Iteration Summary (Newton-Raphson)
  ==========================================================================================================================
  Time increment dt: 5.625e-03
  Convergence Tol  : 1.0e-02 (Disp Ratio)     Max Iterations: 50
  --------------------------------------------------------------------------------------------------------------------------
  Iter   Max Res.Force  (Node/DOF)    Max Disp.Corr  (Node/DOF)    Max Disp.Incr  Disp.Ratio  Energy.Err  LS.alpha  TieNodes
  --------------------------------------------------------------------------------------------------------------------------
     1    1.4940e+11  N139(UX)       7.0336e-07  N10611(UX)     4.9866e-01     1.82e-08    2.46e+04      1.00       140
     2    1.4940e+11  N139(UX)       7.2775e-07  N10611(UX)     4.9866e-01     1.90e-08    2.59e+04      1.00       140
  ---------------------------------------------------------------------------------------------------------------------
  => Increment Converged. (Time: 13.99 s)
  Mesh quality NOTICE: min det(J)=1.451e-01 ? approaching inversion threshold (26 elements warped)

     1    63     1       0       1     0.5375     0.0056     0.0056

  [MONITOR] Step  63 | Time 0.5375s / 1.0s ( 53.8%)
            Fold Angle: Target +- 51.30deg | Actual [-51.30deg, +51.30deg]
            Plate Tips Y: Left=+30.28mm | Right=+30.28mm | Max Disp= 30.78mm
            Newton Iters:  1 | dt: 0.00562s
            [DIAGNOSTIC] display/plate max|u| ratio=1.0000 (display=4.865mm, plate=0.000mm)
            [DIAGNOSTIC] Real tie gap (not just active-pair count): DISPLAY_BOT_L_PLATE_L_TOP_TIE: max_gap=27.5221mm mean=16.8371mm n=70 | DISPLAY_BOT_R_PLATE_R_TOP_TIE: max_gap=27.5223mm mean=16.8374mm n=70

[PNG] Deformed shape saved: D:\PythonCodeStudy\WHT_DispFoldSolver\examples\ex12_final_folding_shape.png
----------------------------------------------------------------------------------------------------
Step 64 | Attempting time increment: dt = 0.00844s (t: 0.5375s -> 0.5459s)
----------------------------------------------------------------------------------------------------

  Nonlinear Iteration Summary (Newton-Raphson)
  ==========================================================================================================================
  Time increment dt: 8.438e-03
  Convergence Tol  : 1.0e-02 (Disp Ratio)     Max Iterations: 50
  --------------------------------------------------------------------------------------------------------------------------
  Iter   Max Res.Force  (Node/DOF)    Max Disp.Corr  (Node/DOF)    Max Disp.Incr  Disp.Ratio  Energy.Err  LS.alpha  TieNodes
  --------------------------------------------------------------------------------------------------------------------------
     1    2.3875e+11  N139(UX)       7.0040e-07  N10611(UX)     7.5699e-01     1.72e-08    2.50e+04      1.00       140
     2    2.3874e+11  N139(UX)       7.2101e-07  N10611(UX)     7.5699e-01     1.78e-08    2.60e+04      1.00       140
  ---------------------------------------------------------------------------------------------------------------------
  => Increment Converged. (Time: 14.09 s)

     1    64     1       0       1     0.5459     0.0084     0.0084

  [MONITOR] Step  64 | Time 0.5459s / 1.0s ( 54.6%)
            Fold Angle: Target +- 52.71deg | Actual [-52.71deg, +52.71deg]
            Plate Tips Y: Left=+30.88mm | Right=+30.88mm | Max Disp= 31.38mm
            Newton Iters:  1 | dt: 0.00844s
            [DIAGNOSTIC] display/plate max|u| ratio=1.0000 (display=5.171mm, plate=0.000mm)
            [DIAGNOSTIC] Real tie gap (not just active-pair count): DISPLAY_BOT_L_PLATE_L_TOP_TIE: max_gap=27.8474mm mean=17.0495mm n=70 | DISPLAY_BOT_R_PLATE_R_TOP_TIE: max_gap=27.8475mm mean=17.0494mm n=70

[PNG] Deformed shape saved: D:\PythonCodeStudy\WHT_DispFoldSolver\examples\ex12_final_folding_shape.png
----------------------------------------------------------------------------------------------------
Step 65 | Attempting time increment: dt = 0.01000s (t: 0.5459s -> 0.5559s)
----------------------------------------------------------------------------------------------------

  Nonlinear Iteration Summary (Newton-Raphson)
  ==========================================================================================================================
  Time increment dt: 1.000e-02
  Convergence Tol  : 1.0e-02 (Disp Ratio)     Max Iterations: 50
  --------------------------------------------------------------------------------------------------------------------------
  Iter   Max Res.Force  (Node/DOF)    Max Disp.Corr  (Node/DOF)    Max Disp.Incr  Disp.Ratio  Energy.Err  LS.alpha  TieNodes
  --------------------------------------------------------------------------------------------------------------------------
     1    1.1982e+11  N139(UY)       7.0296e-07  N10611(UX)     9.0923e-01     1.64e-08    2.59e+04      1.00       140
     2    1.1982e+11  N139(UY)       7.0296e-07  N10611(UX)     9.0923e-01     1.64e-08    2.59e+04      1.00       140
  ---------------------------------------------------------------------------------------------------------------------
  => Increment Converged. (Time: 14.80 s)
  Mesh quality WARNING: min det(J)=9.518e-02  inverted=0  warped=14

     1    65     1       0       1     0.5559     0.0100     0.0100

  [MONITOR] Step  65 | Time 0.5559s / 1.0s ( 55.6%)
            Fold Angle: Target +- 54.36deg | Actual [-54.36deg, +54.36deg]
            Plate Tips Y: Left=+31.57mm | Right=+31.57mm | Max Disp= 32.07mm
            Newton Iters:  1 | dt: 0.01000s
            [DIAGNOSTIC] display/plate max|u| ratio=1.0000 (display=5.538mm, plate=0.000mm)
            [DIAGNOSTIC] Real tie gap (not just active-pair count): DISPLAY_BOT_L_PLATE_L_TOP_TIE: max_gap=28.1197mm mean=17.1985mm n=70 | DISPLAY_BOT_R_PLATE_R_TOP_TIE: max_gap=28.1197mm mean=17.1975mm n=70

[PNG] Deformed shape saved: D:\PythonCodeStudy\WHT_DispFoldSolver\examples\ex12_final_folding_shape.png
----------------------------------------------------------------------------------------------------
Step 66 | Attempting time increment: dt = 0.01000s (t: 0.5559s -> 0.5659s)
----------------------------------------------------------------------------------------------------

  Nonlinear Iteration Summary (Newton-Raphson)
  ==========================================================================================================================
  Time increment dt: 1.000e-02
  Convergence Tol  : 1.0e-02 (Disp Ratio)     Max Iterations: 50
  --------------------------------------------------------------------------------------------------------------------------
  Iter   Max Res.Force  (Node/DOF)    Max Disp.Corr  (Node/DOF)    Max Disp.Incr  Disp.Ratio  Energy.Err  LS.alpha  TieNodes
  --------------------------------------------------------------------------------------------------------------------------
     1    1.3562e+11  N139(UY)       6.7219e-07  N10611(UX)     9.1977e-01     1.53e-08    2.62e+04      1.00       140
     2    1.3562e+11  N139(UY)       6.9917e-07  N10611(UX)     9.1977e-01     1.61e-08    2.78e+04      1.00       140
  ---------------------------------------------------------------------------------------------------------------------
  => Increment Converged. (Time: 16.33 s)
  Mesh quality WARNING: min det(J)=3.110e-02  inverted=0  warped=15

     1    66     1       0       1     0.5659     0.0100     0.0100

  [MONITOR] Step  66 | Time 0.5659s / 1.0s ( 56.6%)
            Fold Angle: Target +- 56.00deg | Actual [-56.00deg, +56.00deg]
            Plate Tips Y: Left=+32.22mm | Right=+32.22mm | Max Disp= 32.72mm
            Newton Iters:  1 | dt: 0.01000s
            [DIAGNOSTIC] display/plate max|u| ratio=1.0000 (display=5.552mm, plate=0.000mm)
            [DIAGNOSTIC] Real tie gap (not just active-pair count): DISPLAY_BOT_L_PLATE_L_TOP_TIE: max_gap=28.8554mm mean=17.6489mm n=70 | DISPLAY_BOT_R_PLATE_R_TOP_TIE: max_gap=28.8553mm mean=17.6478mm n=70

[PNG] Deformed shape saved: D:\PythonCodeStudy\WHT_DispFoldSolver\examples\ex12_final_folding_shape.png
----------------------------------------------------------------------------------------------------
Step 67 | Attempting time increment: dt = 0.01000s (t: 0.5659s -> 0.5759s)
----------------------------------------------------------------------------------------------------

  Nonlinear Iteration Summary (Newton-Raphson)
  ==========================================================================================================================
  Time increment dt: 1.000e-02
  Convergence Tol  : 1.0e-02 (Disp Ratio)     Max Iterations: 50
  --------------------------------------------------------------------------------------------------------------------------
  Iter   Max Res.Force  (Node/DOF)    Max Disp.Corr  (Node/DOF)    Max Disp.Incr  Disp.Ratio  Energy.Err  LS.alpha  TieNodes
  --------------------------------------------------------------------------------------------------------------------------
     1    1.0866e+11  N139(UY)       7.2621e-07  N10611(UX)     9.2757e-01     1.63e-08    2.83e+04      1.00       140
     2    1.0866e+11  N139(UY)       7.3691e-07  N10611(UX)     9.2757e-01     1.66e-08    2.91e+04      1.00       140
  ---------------------------------------------------------------------------------------------------------------------
  => Increment Converged. (Time: 17.70 s)
  Mesh quality NOTICE: min det(J)=4.687e-01 ? approaching inversion threshold (5 elements warped)

     1    67     1       0       1     0.5759     0.0100     0.0100

  [MONITOR] Step  67 | Time 0.5759s / 1.0s ( 57.6%)
            Fold Angle: Target +- 57.62deg | Actual [-57.62deg, +57.62deg]
            Plate Tips Y: Left=+32.84mm | Right=+32.84mm | Max Disp= 33.34mm
            Newton Iters:  1 | dt: 0.01000s
            [DIAGNOSTIC] display/plate max|u| ratio=1.0000 (display=5.254mm, plate=0.000mm)
            [DIAGNOSTIC] Real tie gap (not just active-pair count): DISPLAY_BOT_L_PLATE_L_TOP_TIE: max_gap=29.9941mm mean=18.4228mm n=70 | DISPLAY_BOT_R_PLATE_R_TOP_TIE: max_gap=29.9942mm mean=18.4229mm n=70

[PNG] Deformed shape saved: D:\PythonCodeStudy\WHT_DispFoldSolver\examples\ex12_final_folding_shape.png
----------------------------------------------------------------------------------------------------
Step 68 | Attempting time increment: dt = 0.01000s (t: 0.5759s -> 0.5859s)
----------------------------------------------------------------------------------------------------

  Nonlinear Iteration Summary (Newton-Raphson)
  ==========================================================================================================================
  Time increment dt: 1.000e-02
  Convergence Tol  : 1.0e-02 (Disp Ratio)     Max Iterations: 50
  --------------------------------------------------------------------------------------------------------------------------
  Iter   Max Res.Force  (Node/DOF)    Max Disp.Corr  (Node/DOF)    Max Disp.Incr  Disp.Ratio  Energy.Err  LS.alpha  TieNodes
  --------------------------------------------------------------------------------------------------------------------------
     1    1.0660e+11  N139(UY)       7.3772e-07  N10611(UX)     9.3259e-01     1.64e-08    2.99e+04      1.00       140
     2    1.0660e+11  N139(UY)       7.4404e-07  N10611(UX)     9.3259e-01     1.67e-08    3.05e+04      1.00       140
  ---------------------------------------------------------------------------------------------------------------------
  => Increment Converged. (Time: 16.33 s)
  Mesh quality NOTICE: min det(J)=1.011e-01 ? approaching inversion threshold (30 elements warped)

     1    68     1       0       1     0.5859     0.0100     0.0100

  [MONITOR] Step  68 | Time 0.5859s / 1.0s ( 58.6%)
            Fold Angle: Target +- 59.22deg | Actual [-59.22deg, +59.22deg]
            Plate Tips Y: Left=+33.42mm | Right=+33.42mm | Max Disp= 33.92mm
            Newton Iters:  1 | dt: 0.01000s
            [DIAGNOSTIC] display/plate max|u| ratio=1.0000 (display=5.100mm, plate=0.000mm)
            [DIAGNOSTIC] Real tie gap (not just active-pair count): DISPLAY_BOT_L_PLATE_L_TOP_TIE: max_gap=30.9203mm mean=19.0224mm n=70 | DISPLAY_BOT_R_PLATE_R_TOP_TIE: max_gap=30.9204mm mean=19.0233mm n=70

[PNG] Deformed shape saved: D:\PythonCodeStudy\WHT_DispFoldSolver\examples\ex12_final_folding_shape.png
----------------------------------------------------------------------------------------------------
Step 69 | Attempting time increment: dt = 0.01000s (t: 0.5859s -> 0.5959s)
----------------------------------------------------------------------------------------------------

  Nonlinear Iteration Summary (Newton-Raphson)
  ==========================================================================================================================
  Time increment dt: 1.000e-02
  Convergence Tol  : 1.0e-02 (Disp Ratio)     Max Iterations: 50
  --------------------------------------------------------------------------------------------------------------------------
  Iter   Max Res.Force  (Node/DOF)    Max Disp.Corr  (Node/DOF)    Max Disp.Incr  Disp.Ratio  Energy.Err  LS.alpha  TieNodes
  --------------------------------------------------------------------------------------------------------------------------
     1    1.1902e+11  N139(UY)       7.4592e-07  N10611(UX)     9.3479e-01     1.59e-08    3.02e+04      1.00       140
     2    1.1902e+11  N139(UY)       7.4814e-07  N10611(UX)     9.3479e-01     1.62e-08    3.05e+04      1.00       140
  ---------------------------------------------------------------------------------------------------------------------
  => Increment Converged. (Time: 16.08 s)
  Mesh quality NOTICE: min det(J)=2.483e-01 ? approaching inversion threshold (17 elements warped)

     1    69     1       0       1     0.5959     0.0100     0.0100

  [MONITOR] Step  69 | Time 0.5959s / 1.0s ( 59.6%)
            Fold Angle: Target +- 60.80deg | Actual [-60.80deg, +60.80deg]
            Plate Tips Y: Left=+33.97mm | Right=+33.97mm | Max Disp= 34.47mm
            Newton Iters:  1 | dt: 0.01000s
            [DIAGNOSTIC] display/plate max|u| ratio=1.0000 (display=5.177mm, plate=0.000mm)
            [DIAGNOSTIC] Real tie gap (not just active-pair count): DISPLAY_BOT_L_PLATE_L_TOP_TIE: max_gap=31.4455mm mean=19.3478mm n=70 | DISPLAY_BOT_R_PLATE_R_TOP_TIE: max_gap=31.4457mm mean=19.3485mm n=70

[PNG] Deformed shape saved: D:\PythonCodeStudy\WHT_DispFoldSolver\examples\ex12_final_folding_shape.png
----------------------------------------------------------------------------------------------------
Step 70 | Attempting time increment: dt = 0.01000s (t: 0.5959s -> 0.6059s)
----------------------------------------------------------------------------------------------------

  Nonlinear Iteration Summary (Newton-Raphson)
  ==========================================================================================================================
  Time increment dt: 1.000e-02
  Convergence Tol  : 1.0e-02 (Disp Ratio)     Max Iterations: 50
  --------------------------------------------------------------------------------------------------------------------------
  Iter   Max Res.Force  (Node/DOF)    Max Disp.Corr  (Node/DOF)    Max Disp.Incr  Disp.Ratio  Energy.Err  LS.alpha  TieNodes
  --------------------------------------------------------------------------------------------------------------------------
     1    1.9872e+11  N139(UX)       7.3162e-07  N10611(UX)     9.3417e-01     1.54e-08    3.01e+04      1.00       140
     2    1.9872e+11  N139(UX)       7.3161e-07  N10611(UX)     9.3417e-01     1.54e-08    3.01e+04      1.00       140
  ---------------------------------------------------------------------------------------------------------------------
  => Increment Converged. (Time: 15.20 s)

     1    70     1       0       1     0.6059     0.0100     0.0100

  [MONITOR] Step  70 | Time 0.6059s / 1.0s ( 60.6%)
            Fold Angle: Target +- 62.35deg | Actual [-62.35deg, +62.35deg]
            Plate Tips Y: Left=+34.49mm | Right=+34.49mm | Max Disp= 34.99mm
            Newton Iters:  1 | dt: 0.01000s
            [DIAGNOSTIC] display/plate max|u| ratio=1.0000 (display=5.253mm, plate=0.000mm)
            [DIAGNOSTIC] Real tie gap (not just active-pair count): DISPLAY_BOT_L_PLATE_L_TOP_TIE: max_gap=32.0045mm mean=19.6412mm n=70 | DISPLAY_BOT_R_PLATE_R_TOP_TIE: max_gap=32.0046mm mean=19.6413mm n=70
            [DIAGNOSTIC] Hinge curvature: max_curv_ratio=963725.51 kink_detected=True at x=7.50mm

[PNG] Deformed shape saved: D:\PythonCodeStudy\WHT_DispFoldSolver\examples\ex12_final_folding_shape.png
----------------------------------------------------------------------------------------------------
Step 71 | Attempting time increment: dt = 0.01000s (t: 0.6059s -> 0.6159s)
----------------------------------------------------------------------------------------------------

  Nonlinear Iteration Summary (Newton-Raphson)
  ==========================================================================================================================
  Time increment dt: 1.000e-02
  Convergence Tol  : 1.0e-02 (Disp Ratio)     Max Iterations: 50
  --------------------------------------------------------------------------------------------------------------------------
  Iter   Max Res.Force  (Node/DOF)    Max Disp.Corr  (Node/DOF)    Max Disp.Incr  Disp.Ratio  Energy.Err  LS.alpha  TieNodes
  --------------------------------------------------------------------------------------------------------------------------
DEBUG: NaN detected in assembly at iter 1!
  f_int has NaN: True
  K_T.data has NaN: True
  self.state has NaN: False
  Max displacement magnitude in u_k: 3.52329e+01 at Node 10001(UY)
  ---------------------------------------------------------------------------------------------------------------------
  *** ERROR: Search direction contains NaN/Inf at iteration 1. (Time: 7.04 s)

     1    71     1       0      50     0.6059     0.0000     0.0100   *** CUTBACK: NaN/Inf in search direction (Retrying step with smaller dt & target angle) ***
  *** STEP 71 FAILED (conv=-1, cutback 1/20). Cutting back dt to 0.00500s ***

----------------------------------------------------------------------------------------------------
Step 71 | Attempting time increment: dt = 0.00500s (t: 0.6059s -> 0.6109s)
----------------------------------------------------------------------------------------------------

  Nonlinear Iteration Summary (Newton-Raphson)
  ==========================================================================================================================
  Time increment dt: 5.000e-03
  Convergence Tol  : 1.0e-02 (Disp Ratio)     Max Iterations: 50
  --------------------------------------------------------------------------------------------------------------------------
  Iter   Max Res.Force  (Node/DOF)    Max Disp.Corr  (Node/DOF)    Max Disp.Incr  Disp.Ratio  Energy.Err  LS.alpha  TieNodes
  --------------------------------------------------------------------------------------------------------------------------
     1    4.6384e+11  N139(UX)       7.2821e-07  N10611(UX)     4.6597e-01     1.52e-08    3.07e+04      1.00       140
     2    4.6384e+11  N139(UX)       7.2797e-07  N10611(UX)     4.6597e-01     1.51e-08    3.06e+04      1.00       140
  ---------------------------------------------------------------------------------------------------------------------
  => Increment Converged. (Time: 14.38 s)
  Mesh quality NOTICE: min det(J)=2.022e-01 ? approaching inversion threshold (27 elements warped)

     1    71     2       0       1     0.6109     0.0050     0.0050

  [MONITOR] Step  71 | Time 0.6109s / 1.0s ( 61.1%)
            Fold Angle: Target +- 63.12deg | Actual [-63.12deg, +63.12deg]
            Plate Tips Y: Left=+34.74mm | Right=+34.74mm | Max Disp= 35.24mm
            Newton Iters:  1 | dt: 0.00500s
            [DIAGNOSTIC] display/plate max|u| ratio=1.0000 (display=5.256mm, plate=0.000mm)
            [DIAGNOSTIC] Real tie gap (not just active-pair count): DISPLAY_BOT_L_PLATE_L_TOP_TIE: max_gap=32.4108mm mean=19.8110mm n=70 | DISPLAY_BOT_R_PLATE_R_TOP_TIE: max_gap=32.4109mm mean=19.8108mm n=70

[PNG] Deformed shape saved: D:\PythonCodeStudy\WHT_DispFoldSolver\examples\ex12_final_folding_shape.png
----------------------------------------------------------------------------------------------------
Step 72 | Attempting time increment: dt = 0.00750s (t: 0.6109s -> 0.6184s)
----------------------------------------------------------------------------------------------------

  Nonlinear Iteration Summary (Newton-Raphson)
  ==========================================================================================================================
  Time increment dt: 7.500e-03
  Convergence Tol  : 1.0e-02 (Disp Ratio)     Max Iterations: 50
  --------------------------------------------------------------------------------------------------------------------------
  Iter   Max Res.Force  (Node/DOF)    Max Disp.Corr  (Node/DOF)    Max Disp.Incr  Disp.Ratio  Energy.Err  LS.alpha  TieNodes
  --------------------------------------------------------------------------------------------------------------------------
     1    5.4014e+11  N139(UX)       7.1640e-07  N10611(UX)     6.9660e-01     1.45e-08    3.04e+04      1.00       140
     2    5.4014e+11  N139(UX)       7.1396e-07  N10611(UX)     6.9660e-01     1.46e-08    3.05e+04      1.00       140
  ---------------------------------------------------------------------------------------------------------------------
  => Increment Converged. (Time: 16.94 s)
  Mesh quality WARNING: min det(J)=3.408e-02  inverted=0  warped=48

     1    72     1       0       1     0.6184     0.0075     0.0075

  [MONITOR] Step  72 | Time 0.6184s / 1.0s ( 61.8%)
            Fold Angle: Target +- 64.25deg | Actual [-64.25deg, +64.25deg]
            Plate Tips Y: Left=+35.09mm | Right=+35.09mm | Max Disp= 35.59mm
            Newton Iters:  1 | dt: 0.00750s
            [DIAGNOSTIC] display/plate max|u| ratio=1.0000 (display=5.253mm, plate=0.000mm)
            [DIAGNOSTIC] Real tie gap (not just active-pair count): DISPLAY_BOT_L_PLATE_L_TOP_TIE: max_gap=32.8648mm mean=20.0814mm n=70 | DISPLAY_BOT_R_PLATE_R_TOP_TIE: max_gap=32.8649mm mean=20.0812mm n=70

[PNG] Deformed shape saved: D:\PythonCodeStudy\WHT_DispFoldSolver\examples\ex12_final_folding_shape.png
----------------------------------------------------------------------------------------------------
Step 73 | Attempting time increment: dt = 0.01000s (t: 0.6184s -> 0.6284s)
----------------------------------------------------------------------------------------------------

  Nonlinear Iteration Summary (Newton-Raphson)
  ==========================================================================================================================
  Time increment dt: 1.000e-02
  Convergence Tol  : 1.0e-02 (Disp Ratio)     Max Iterations: 50
  --------------------------------------------------------------------------------------------------------------------------
  Iter   Max Res.Force  (Node/DOF)    Max Disp.Corr  (Node/DOF)    Max Disp.Incr  Disp.Ratio  Energy.Err  LS.alpha  TieNodes
  --------------------------------------------------------------------------------------------------------------------------
     1    2.8166e+11  N139(UX)       7.0518e-07  N10611(UX)     9.2259e-01     1.41e-08    3.03e+04      1.00       140
     2    2.8166e+11  N139(UX)       6.9954e-07  N10611(UX)     9.2259e-01     1.41e-08    3.02e+04      1.00       140
  ---------------------------------------------------------------------------------------------------------------------
  => Increment Converged. (Time: 15.81 s)

     1    73     1       0       1     0.6284     0.0100     0.0100

  [MONITOR] Step  73 | Time 0.6284s / 1.0s ( 62.8%)
            Fold Angle: Target +- 65.74deg | Actual [-65.74deg, +65.74deg]
            Plate Tips Y: Left=+35.53mm | Right=+35.53mm | Max Disp= 36.03mm
            Newton Iters:  1 | dt: 0.01000s
            [DIAGNOSTIC] display/plate max|u| ratio=1.0000 (display=5.266mm, plate=0.000mm)
            [DIAGNOSTIC] Real tie gap (not just active-pair count): DISPLAY_BOT_L_PLATE_L_TOP_TIE: max_gap=33.2403mm mean=20.4310mm n=70 | DISPLAY_BOT_R_PLATE_R_TOP_TIE: max_gap=33.2403mm mean=20.4311mm n=70

[PNG] Deformed shape saved: D:\PythonCodeStudy\WHT_DispFoldSolver\examples\ex12_final_folding_shape.png
----------------------------------------------------------------------------------------------------
Step 74 | Attempting time increment: dt = 0.01000s (t: 0.6284s -> 0.6384s)
----------------------------------------------------------------------------------------------------

  Nonlinear Iteration Summary (Newton-Raphson)
  ==========================================================================================================================
  Time increment dt: 1.000e-02
  Convergence Tol  : 1.0e-02 (Disp Ratio)     Max Iterations: 50
  --------------------------------------------------------------------------------------------------------------------------
  Iter   Max Res.Force  (Node/DOF)    Max Disp.Corr  (Node/DOF)    Max Disp.Incr  Disp.Ratio  Energy.Err  LS.alpha  TieNodes
  --------------------------------------------------------------------------------------------------------------------------
     1    2.8533e+11  N139(UX)       6.9353e-07  N10611(UX)     9.1302e-01     1.37e-08    3.00e+04      1.00       140
     2    2.8532e+11  N139(UX)       6.8890e-07  N10611(UX)     9.1302e-01     1.37e-08    2.98e+04      1.00       140
  ---------------------------------------------------------------------------------------------------------------------
  => Increment Converged. (Time: 15.91 s)
  Mesh quality NOTICE: min det(J)=2.155e-01 ? approaching inversion threshold (13 elements warped)

     1    74     1       0       1     0.6384     0.0100     0.0100

  [MONITOR] Step  74 | Time 0.6384s / 1.0s ( 63.8%)
            Fold Angle: Target +- 67.19deg | Actual [-67.19deg, +67.19deg]
            Plate Tips Y: Left=+35.94mm | Right=+35.94mm | Max Disp= 36.44mm
            Newton Iters:  1 | dt: 0.01000s
            [DIAGNOSTIC] display/plate max|u| ratio=1.0000 (display=5.272mm, plate=0.000mm)
            [DIAGNOSTIC] Real tie gap (not just active-pair count): DISPLAY_BOT_L_PLATE_L_TOP_TIE: max_gap=33.7890mm mean=20.7452mm n=70 | DISPLAY_BOT_R_PLATE_R_TOP_TIE: max_gap=33.7890mm mean=20.7452mm n=70

[PNG] Deformed shape saved: D:\PythonCodeStudy\WHT_DispFoldSolver\examples\ex12_final_folding_shape.png
----------------------------------------------------------------------------------------------------
Step 75 | Attempting time increment: dt = 0.01000s (t: 0.6384s -> 0.6484s)
----------------------------------------------------------------------------------------------------

  Nonlinear Iteration Summary (Newton-Raphson)
  ==========================================================================================================================
  Time increment dt: 1.000e-02
  Convergence Tol  : 1.0e-02 (Disp Ratio)     Max Iterations: 50
  --------------------------------------------------------------------------------------------------------------------------
  Iter   Max Res.Force  (Node/DOF)    Max Disp.Corr  (Node/DOF)    Max Disp.Incr  Disp.Ratio  Energy.Err  LS.alpha  TieNodes
  --------------------------------------------------------------------------------------------------------------------------
     1    3.7763e+11  N139(UX)       6.8447e-07  N10611(UX)     9.0084e-01     1.32e-08    2.95e+04      1.00       140
     2    3.7763e+11  N139(UX)       6.7550e-07  N10611(UX)     9.0084e-01     1.32e-08    2.92e+04      1.00       140
  ---------------------------------------------------------------------------------------------------------------------
  => Increment Converged. (Time: 15.63 s)
  Mesh quality NOTICE: min det(J)=1.006e-01 ? approaching inversion threshold (41 elements warped)

     1    75     1       0       1     0.6484     0.0100     0.0100

  [MONITOR] Step  75 | Time 0.6484s / 1.0s ( 64.8%)
            Fold Angle: Target +- 68.62deg | Actual [-68.62deg, +68.62deg]
            Plate Tips Y: Left=+36.32mm | Right=+36.32mm | Max Disp= 36.82mm
            Newton Iters:  1 | dt: 0.01000s
            [DIAGNOSTIC] display/plate max|u| ratio=1.0000 (display=5.269mm, plate=0.000mm)
            [DIAGNOSTIC] Real tie gap (not just active-pair count): DISPLAY_BOT_L_PLATE_L_TOP_TIE: max_gap=34.3229mm mean=21.0450mm n=70 | DISPLAY_BOT_R_PLATE_R_TOP_TIE: max_gap=34.3228mm mean=21.0449mm n=70

[PNG] Deformed shape saved: D:\PythonCodeStudy\WHT_DispFoldSolver\examples\ex12_final_folding_shape.png
----------------------------------------------------------------------------------------------------
Step 76 | Attempting time increment: dt = 0.01000s (t: 0.6484s -> 0.6584s)
----------------------------------------------------------------------------------------------------

  Nonlinear Iteration Summary (Newton-Raphson)
  ==========================================================================================================================
  Time increment dt: 1.000e-02
  Convergence Tol  : 1.0e-02 (Disp Ratio)     Max Iterations: 50
  --------------------------------------------------------------------------------------------------------------------------
  Iter   Max Res.Force  (Node/DOF)    Max Disp.Corr  (Node/DOF)    Max Disp.Incr  Disp.Ratio  Energy.Err  LS.alpha  TieNodes
  --------------------------------------------------------------------------------------------------------------------------
     1    2.3432e+11  N139(UX)       6.7198e-07  N10611(UX)     8.8614e-01     1.29e-08    2.91e+04      1.00       140
     2    2.3432e+11  N139(UX)       6.6291e-07  N10611(UX)     8.8614e-01     1.28e-08    2.87e+04      1.00       140
  ---------------------------------------------------------------------------------------------------------------------
  => Increment Converged. (Time: 16.96 s)
  Mesh quality NOTICE: min det(J)=4.865e-01 ? approaching inversion threshold (3 elements warped)

     1    76     1       0       1     0.6584     0.0100     0.0100

  [MONITOR] Step  76 | Time 0.6584s / 1.0s ( 65.8%)
            Fold Angle: Target +- 70.00deg | Actual [-70.00deg, +70.00deg]
            Plate Tips Y: Left=+36.67mm | Right=+36.67mm | Max Disp= 37.17mm
            Newton Iters:  1 | dt: 0.01000s
            [DIAGNOSTIC] display/plate max|u| ratio=1.0000 (display=5.272mm, plate=0.000mm)
            [DIAGNOSTIC] Real tie gap (not just active-pair count): DISPLAY_BOT_L_PLATE_L_TOP_TIE: max_gap=34.6677mm mean=21.3365mm n=70 | DISPLAY_BOT_R_PLATE_R_TOP_TIE: max_gap=34.6677mm mean=21.3366mm n=70

[PNG] Deformed shape saved: D:\PythonCodeStudy\WHT_DispFoldSolver\examples\ex12_final_folding_shape.png
----------------------------------------------------------------------------------------------------
Step 77 | Attempting time increment: dt = 0.01000s (t: 0.6584s -> 0.6684s)
----------------------------------------------------------------------------------------------------

  Nonlinear Iteration Summary (Newton-Raphson)
  ==========================================================================================================================
  Time increment dt: 1.000e-02
  Convergence Tol  : 1.0e-02 (Disp Ratio)     Max Iterations: 50
  --------------------------------------------------------------------------------------------------------------------------
  Iter   Max Res.Force  (Node/DOF)    Max Disp.Corr  (Node/DOF)    Max Disp.Incr  Disp.Ratio  Energy.Err  LS.alpha  TieNodes
  --------------------------------------------------------------------------------------------------------------------------
     1    1.8410e+11  N139(UX)       6.5029e-07  N10611(UX)     8.6903e-01     1.24e-08    2.78e+04      1.00       140
     2    1.8410e+11  N139(UX)       6.5030e-07  N10611(UX)     8.6903e-01     1.24e-08    2.78e+04      1.00       140
  ---------------------------------------------------------------------------------------------------------------------
  => Increment Converged. (Time: 15.44 s)
  Mesh quality NOTICE: min det(J)=2.121e-01 ? approaching inversion threshold (11 elements warped)

     1    77     1       0       1     0.6684     0.0100     0.0100

  [MONITOR] Step  77 | Time 0.6684s / 1.0s ( 66.8%)
            Fold Angle: Target +- 71.35deg | Actual [-71.35deg, +71.35deg]
            Plate Tips Y: Left=+36.98mm | Right=+36.98mm | Max Disp= 37.48mm
            Newton Iters:  1 | dt: 0.01000s
            [DIAGNOSTIC] display/plate max|u| ratio=1.0000 (display=5.278mm, plate=0.000mm)
            [DIAGNOSTIC] Real tie gap (not just active-pair count): DISPLAY_BOT_L_PLATE_L_TOP_TIE: max_gap=35.0717mm mean=21.5984mm n=70 | DISPLAY_BOT_R_PLATE_R_TOP_TIE: max_gap=35.0717mm mean=21.5985mm n=70

[PNG] Deformed shape saved: D:\PythonCodeStudy\WHT_DispFoldSolver\examples\ex12_final_folding_shape.png
----------------------------------------------------------------------------------------------------
Step 78 | Attempting time increment: dt = 0.01000s (t: 0.6684s -> 0.6784s)
----------------------------------------------------------------------------------------------------

  Nonlinear Iteration Summary (Newton-Raphson)
  ==========================================================================================================================
  Time increment dt: 1.000e-02
  Convergence Tol  : 1.0e-02 (Disp Ratio)     Max Iterations: 50
  --------------------------------------------------------------------------------------------------------------------------
  Iter   Max Res.Force  (Node/DOF)    Max Disp.Corr  (Node/DOF)    Max Disp.Incr  Disp.Ratio  Energy.Err  LS.alpha  TieNodes
  --------------------------------------------------------------------------------------------------------------------------
     1    2.2601e+11  N139(UX)       6.4852e-07  N10611(UX)     8.4962e-01     1.21e-08    2.77e+04      1.00       140
     2    2.2600e+11  N139(UX)       6.3683e-07  N10611(UX)     8.4962e-01     1.20e-08    2.71e+04      1.00       140
  ---------------------------------------------------------------------------------------------------------------------
  => Increment Converged. (Time: 17.09 s)
  Mesh quality WARNING: min det(J)=3.185e-02  inverted=0  warped=16

     1    78     1       0       1     0.6784     0.0100     0.0100

  [MONITOR] Step  78 | Time 0.6784s / 1.0s ( 67.8%)
            Fold Angle: Target +- 72.65deg | Actual [-72.65deg, +72.65deg]
            Plate Tips Y: Left=+37.27mm | Right=+37.27mm | Max Disp= 37.77mm
            Newton Iters:  1 | dt: 0.01000s
            [DIAGNOSTIC] display/plate max|u| ratio=1.0000 (display=5.278mm, plate=0.000mm)
            [DIAGNOSTIC] Real tie gap (not just active-pair count): DISPLAY_BOT_L_PLATE_L_TOP_TIE: max_gap=35.4836mm mean=21.8422mm n=70 | DISPLAY_BOT_R_PLATE_R_TOP_TIE: max_gap=35.4835mm mean=21.8422mm n=70

[PNG] Deformed shape saved: D:\PythonCodeStudy\WHT_DispFoldSolver\examples\ex12_final_folding_shape.png
----------------------------------------------------------------------------------------------------
Step 79 | Attempting time increment: dt = 0.01000s (t: 0.6784s -> 0.6884s)
----------------------------------------------------------------------------------------------------

  Nonlinear Iteration Summary (Newton-Raphson)
  ==========================================================================================================================
  Time increment dt: 1.000e-02
  Convergence Tol  : 1.0e-02 (Disp Ratio)     Max Iterations: 50
  --------------------------------------------------------------------------------------------------------------------------
  Iter   Max Res.Force  (Node/DOF)    Max Disp.Corr  (Node/DOF)    Max Disp.Incr  Disp.Ratio  Energy.Err  LS.alpha  TieNodes
  --------------------------------------------------------------------------------------------------------------------------
     1    1.0562e+11  N139(UY)       6.3029e-07  N10611(UX)     8.2806e-01     1.17e-08    2.65e+04      1.00       140
     2    1.0562e+11  N139(UY)       6.2330e-07  N10611(UX)     8.2806e-01     1.16e-08    2.62e+04      1.00       140
  ---------------------------------------------------------------------------------------------------------------------
  => Increment Converged. (Time: 16.91 s)
  Mesh quality NOTICE: min det(J)=1.293e-01 ? approaching inversion threshold (2 elements warped)

     1    79     1       0       1     0.6884     0.0100     0.0100

  [MONITOR] Step  79 | Time 0.6884s / 1.0s ( 68.8%)
            Fold Angle: Target +- 73.92deg | Actual [-73.92deg, +73.92deg]
            Plate Tips Y: Left=+37.53mm | Right=+37.53mm | Max Disp= 38.03mm
            Newton Iters:  1 | dt: 0.01000s
            [DIAGNOSTIC] display/plate max|u| ratio=1.0000 (display=5.274mm, plate=0.000mm)
            [DIAGNOSTIC] Real tie gap (not just active-pair count): DISPLAY_BOT_L_PLATE_L_TOP_TIE: max_gap=35.7861mm mean=22.0831mm n=70 | DISPLAY_BOT_R_PLATE_R_TOP_TIE: max_gap=35.7861mm mean=22.0833mm n=70

[PNG] Deformed shape saved: D:\PythonCodeStudy\WHT_DispFoldSolver\examples\ex12_final_folding_shape.png
----------------------------------------------------------------------------------------------------
Step 80 | Attempting time increment: dt = 0.01000s (t: 0.6884s -> 0.6984s)
----------------------------------------------------------------------------------------------------

  Nonlinear Iteration Summary (Newton-Raphson)
  ==========================================================================================================================
  Time increment dt: 1.000e-02
  Convergence Tol  : 1.0e-02 (Disp Ratio)     Max Iterations: 50
  --------------------------------------------------------------------------------------------------------------------------
  Iter   Max Res.Force  (Node/DOF)    Max Disp.Corr  (Node/DOF)    Max Disp.Incr  Disp.Ratio  Energy.Err  LS.alpha  TieNodes
  --------------------------------------------------------------------------------------------------------------------------
DEBUG: NaN detected in assembly at iter 1!
  f_int has NaN: True
  K_T.data has NaN: True
  self.state has NaN: False
  Max displacement magnitude in u_k: 3.80562e+01 at Node 10001(UY)
  ---------------------------------------------------------------------------------------------------------------------
  *** ERROR: Search direction contains NaN/Inf at iteration 1. (Time: 8.41 s)

     1    80     1       0      50     0.6884     0.0000     0.0100   *** CUTBACK: NaN/Inf in search direction (Retrying step with smaller dt & target angle) ***
  *** STEP 80 FAILED (conv=-1, cutback 1/20). Cutting back dt to 0.00500s ***

----------------------------------------------------------------------------------------------------
Step 80 | Attempting time increment: dt = 0.00500s (t: 0.6884s -> 0.6934s)
----------------------------------------------------------------------------------------------------

  Nonlinear Iteration Summary (Newton-Raphson)
  ==========================================================================================================================
  Time increment dt: 5.000e-03
  Convergence Tol  : 1.0e-02 (Disp Ratio)     Max Iterations: 50
  --------------------------------------------------------------------------------------------------------------------------
  Iter   Max Res.Force  (Node/DOF)    Max Disp.Corr  (Node/DOF)    Max Disp.Incr  Disp.Ratio  Energy.Err  LS.alpha  TieNodes
  --------------------------------------------------------------------------------------------------------------------------
DEBUG: NaN detected in assembly at iter 1!
  f_int has NaN: True
  K_T.data has NaN: True
  self.state has NaN: False
  Max displacement magnitude in u_k: 3.80570e+01 at Node 10001(UY)
  ---------------------------------------------------------------------------------------------------------------------
  *** ERROR: Search direction contains NaN/Inf at iteration 1. (Time: 7.37 s)

     1    80     2       0      50     0.6884     0.0000     0.0050   *** CUTBACK: NaN/Inf in search direction (Retrying step with smaller dt & target angle) ***
  *** STEP 80 FAILED (conv=-1, cutback 1/20). Cutting back dt to 0.00250s ***

----------------------------------------------------------------------------------------------------
Step 80 | Attempting time increment: dt = 0.00250s (t: 0.6884s -> 0.6909s)
----------------------------------------------------------------------------------------------------

  Nonlinear Iteration Summary (Newton-Raphson)
  ==========================================================================================================================
  Time increment dt: 2.500e-03
  Convergence Tol  : 1.0e-02 (Disp Ratio)     Max Iterations: 50
  --------------------------------------------------------------------------------------------------------------------------
  Iter   Max Res.Force  (Node/DOF)    Max Disp.Corr  (Node/DOF)    Max Disp.Incr  Disp.Ratio  Energy.Err  LS.alpha  TieNodes
  --------------------------------------------------------------------------------------------------------------------------
DEBUG: NaN detected in assembly at iter 1!
  f_int has NaN: True
  K_T.data has NaN: True
  self.state has NaN: False
  Max displacement magnitude in u_k: 3.80574e+01 at Node 10001(UY)
  ---------------------------------------------------------------------------------------------------------------------
  *** ERROR: Search direction contains NaN/Inf at iteration 1. (Time: 7.34 s)

     1    80     3       0      50     0.6884     0.0000     0.0025   *** CUTBACK: NaN/Inf in search direction (Retrying step with smaller dt & target angle) ***
  *** STEP 80 FAILED (conv=-1, cutback 1/20). Cutting back dt to 0.00125s ***

----------------------------------------------------------------------------------------------------
Step 80 | Attempting time increment: dt = 0.00125s (t: 0.6884s -> 0.6897s)
----------------------------------------------------------------------------------------------------

  Nonlinear Iteration Summary (Newton-Raphson)
  ==========================================================================================================================
  Time increment dt: 1.250e-03
  Convergence Tol  : 1.0e-02 (Disp Ratio)     Max Iterations: 50
  --------------------------------------------------------------------------------------------------------------------------
  Iter   Max Res.Force  (Node/DOF)    Max Disp.Corr  (Node/DOF)    Max Disp.Incr  Disp.Ratio  Energy.Err  LS.alpha  TieNodes
  --------------------------------------------------------------------------------------------------------------------------
DEBUG: NaN detected in assembly at iter 1!
  f_int has NaN: True
  K_T.data has NaN: True
  self.state has NaN: False
  Max displacement magnitude in u_k: 3.80576e+01 at Node 10001(UY)
  ---------------------------------------------------------------------------------------------------------------------
  *** ERROR: Search direction contains NaN/Inf at iteration 1. (Time: 5.83 s)

     1    80     4       0      50     0.6884     0.0000     0.0013   *** CUTBACK: NaN/Inf in search direction (Retrying step with smaller dt & target angle) ***
  *** STEP 80 FAILED (conv=-1, cutback 1/20). Cutting back dt to 0.00063s ***

----------------------------------------------------------------------------------------------------
Step 80 | Attempting time increment: dt = 0.00063s (t: 0.6884s -> 0.6891s)
----------------------------------------------------------------------------------------------------

  Nonlinear Iteration Summary (Newton-Raphson)
  ==========================================================================================================================
  Time increment dt: 6.250e-04
  Convergence Tol  : 1.0e-02 (Disp Ratio)     Max Iterations: 50
  --------------------------------------------------------------------------------------------------------------------------
  Iter   Max Res.Force  (Node/DOF)    Max Disp.Corr  (Node/DOF)    Max Disp.Incr  Disp.Ratio  Energy.Err  LS.alpha  TieNodes
  --------------------------------------------------------------------------------------------------------------------------
     1    1.1834e+11  N139(UY)       6.2888e-07  N10611(UX)     5.0991e-02     1.14e-08    2.62e+04      1.00       140
     2    1.1834e+11  N139(UY)       6.2888e-07  N10611(UX)     5.0991e-02     1.14e-08    2.62e+04      1.00       140
  ---------------------------------------------------------------------------------------------------------------------
  => Increment Converged. (Time: 16.31 s)
  Mesh quality WARNING: min det(J)=2.955e-02  inverted=0  warped=2

     1    80     5       0       1     0.6891     0.0006     0.0006

  [MONITOR] Step  80 | Time 0.6891s / 1.0s ( 68.9%)
            Fold Angle: Target +- 73.99deg | Actual [-73.99deg, +73.99deg]
            Plate Tips Y: Left=+37.54mm | Right=+37.54mm | Max Disp= 38.04mm
            Newton Iters:  1 | dt: 0.00063s
            [DIAGNOSTIC] display/plate max|u| ratio=1.0000 (display=5.274mm, plate=0.000mm)
            [DIAGNOSTIC] Real tie gap (not just active-pair count): DISPLAY_BOT_L_PLATE_L_TOP_TIE: max_gap=35.8095mm mean=22.0980mm n=70 | DISPLAY_BOT_R_PLATE_R_TOP_TIE: max_gap=35.8095mm mean=22.0983mm n=70
            [DIAGNOSTIC] Hinge curvature: max_curv_ratio=3661760.07 kink_detected=True at x=7.50mm

[PNG] Deformed shape saved: D:\PythonCodeStudy\WHT_DispFoldSolver\examples\ex12_final_folding_shape.png
----------------------------------------------------------------------------------------------------
Step 81 | Attempting time increment: dt = 0.00094s (t: 0.6891s -> 0.6900s)
----------------------------------------------------------------------------------------------------

  Nonlinear Iteration Summary (Newton-Raphson)
  ==========================================================================================================================
  Time increment dt: 9.375e-04
  Convergence Tol  : 1.0e-02 (Disp Ratio)     Max Iterations: 50
  --------------------------------------------------------------------------------------------------------------------------
  Iter   Max Res.Force  (Node/DOF)    Max Disp.Corr  (Node/DOF)    Max Disp.Incr  Disp.Ratio  Energy.Err  LS.alpha  TieNodes
  --------------------------------------------------------------------------------------------------------------------------
DEBUG: NaN detected in assembly at iter 1!
  f_int has NaN: True
  K_T.data has NaN: True
  self.state has NaN: False
  Max displacement magnitude in u_k: 3.80538e+01 at Node 10001(UY)
  ---------------------------------------------------------------------------------------------------------------------
  *** ERROR: Search direction contains NaN/Inf at iteration 1. (Time: 7.33 s)

     1    81     1       0      50     0.6891     0.0000     0.0009   *** CUTBACK: NaN/Inf in search direction (Retrying step with smaller dt & target angle) ***
  *** STEP 81 FAILED (conv=-1, cutback 1/20). Cutting back dt to 0.00047s ***

----------------------------------------------------------------------------------------------------
Step 81 | Attempting time increment: dt = 0.00047s (t: 0.6891s -> 0.6895s)
----------------------------------------------------------------------------------------------------

  Nonlinear Iteration Summary (Newton-Raphson)
  ==========================================================================================================================
  Time increment dt: 4.687e-04
  Convergence Tol  : 1.0e-02 (Disp Ratio)     Max Iterations: 50
  --------------------------------------------------------------------------------------------------------------------------
  Iter   Max Res.Force  (Node/DOF)    Max Disp.Corr  (Node/DOF)    Max Disp.Incr  Disp.Ratio  Energy.Err  LS.alpha  TieNodes
  --------------------------------------------------------------------------------------------------------------------------
DEBUG: NaN detected in assembly at iter 1!
  f_int has NaN: True
  K_T.data has NaN: True
  self.state has NaN: False
  Max displacement magnitude in u_k: 3.80538e+01 at Node 10001(UY)
  ---------------------------------------------------------------------------------------------------------------------
  *** ERROR: Search direction contains NaN/Inf at iteration 1. (Time: 9.41 s)

     1    81     2       0      50     0.6891     0.0000     0.0005   *** CUTBACK: NaN/Inf in search direction (Retrying step with smaller dt & target angle) ***
  *** STEP 81 FAILED (conv=-1, cutback 1/20). Cutting back dt to 0.00023s ***

----------------------------------------------------------------------------------------------------
Step 81 | Attempting time increment: dt = 0.00023s (t: 0.6891s -> 0.6893s)
----------------------------------------------------------------------------------------------------

  Nonlinear Iteration Summary (Newton-Raphson)
  ==========================================================================================================================
  Time increment dt: 2.344e-04
  Convergence Tol  : 1.0e-02 (Disp Ratio)     Max Iterations: 50
  --------------------------------------------------------------------------------------------------------------------------
  Iter   Max Res.Force  (Node/DOF)    Max Disp.Corr  (Node/DOF)    Max Disp.Incr  Disp.Ratio  Energy.Err  LS.alpha  TieNodes
  --------------------------------------------------------------------------------------------------------------------------
DEBUG: NaN detected in assembly at iter 1!
  f_int has NaN: True
  K_T.data has NaN: True
  self.state has NaN: False
  Max displacement magnitude in u_k: 3.80481e+01 at Node 10001(UY)
  ---------------------------------------------------------------------------------------------------------------------
  *** ERROR: Search direction contains NaN/Inf at iteration 1. (Time: 9.64 s)

     1    81     3       0      50     0.6891     0.0000     0.0002   *** CUTBACK: NaN/Inf in search direction (Retrying step with smaller dt & target angle) ***
  *** STEP 81 FAILED (conv=-1, cutback 1/20). Cutting back dt to 0.00012s ***

----------------------------------------------------------------------------------------------------
Step 81 | Attempting time increment: dt = 0.00012s (t: 0.6891s -> 0.6892s)
----------------------------------------------------------------------------------------------------

  Nonlinear Iteration Summary (Newton-Raphson)
  ==========================================================================================================================
  Time increment dt: 1.172e-04
  Convergence Tol  : 1.0e-02 (Disp Ratio)     Max Iterations: 50
  --------------------------------------------------------------------------------------------------------------------------
  Iter   Max Res.Force  (Node/DOF)    Max Disp.Corr  (Node/DOF)    Max Disp.Incr  Disp.Ratio  Energy.Err  LS.alpha  TieNodes
  --------------------------------------------------------------------------------------------------------------------------
     1    1.2114e+11  N139(UY)       6.2445e-07  N10611(UX)     9.5505e-03     1.30e-08    3.16e+04      1.00       140
     2    1.2114e+11  N139(UY)       6.2444e-07  N10611(UX)     9.5505e-03     1.30e-08    3.16e+04      1.00       140
  ---------------------------------------------------------------------------------------------------------------------
  => Increment Converged. (Time: 21.64 s)
  Mesh quality WARNING: min det(J)=1.065e-02  inverted=0  warped=2

     1    81     4       0       1     0.6892     0.0001     0.0001

  [MONITOR] Step  81 | Time 0.6892s / 1.0s ( 68.9%)
            Fold Angle: Target +- 74.01deg | Actual [-74.01deg, +74.01deg]
            Plate Tips Y: Left=+37.55mm | Right=+37.55mm | Max Disp= 38.05mm
            Newton Iters:  1 | dt: 0.00012s
            [DIAGNOSTIC] display/plate max|u| ratio=1.0000 (display=5.274mm, plate=0.000mm)
            [DIAGNOSTIC] Real tie gap (not just active-pair count): DISPLAY_BOT_L_PLATE_L_TOP_TIE: max_gap=35.8139mm mean=22.1008mm n=70 | DISPLAY_BOT_R_PLATE_R_TOP_TIE: max_gap=35.8138mm mean=22.1010mm n=70

[PNG] Deformed shape saved: D:\PythonCodeStudy\WHT_DispFoldSolver\examples\ex12_final_folding_shape.png
----------------------------------------------------------------------------------------------------
Step 82 | Attempting time increment: dt = 0.00018s (t: 0.6892s -> 0.6894s)
----------------------------------------------------------------------------------------------------

  Nonlinear Iteration Summary (Newton-Raphson)
  ==========================================================================================================================
  Time increment dt: 1.758e-04
  Convergence Tol  : 1.0e-02 (Disp Ratio)     Max Iterations: 50
  --------------------------------------------------------------------------------------------------------------------------
  Iter   Max Res.Force  (Node/DOF)    Max Disp.Corr  (Node/DOF)    Max Disp.Incr  Disp.Ratio  Energy.Err  LS.alpha  TieNodes
  --------------------------------------------------------------------------------------------------------------------------
DEBUG: NaN detected in assembly at iter 1!
  f_int has NaN: True
  K_T.data has NaN: True
  self.state has NaN: False
  Max displacement magnitude in u_k: 3.80495e+01 at Node 10001(UY)
  ---------------------------------------------------------------------------------------------------------------------
  *** ERROR: Search direction contains NaN/Inf at iteration 1. (Time: 8.18 s)

     1    82     1       0      50     0.6892     0.0000     0.0002   *** CUTBACK: NaN/Inf in search direction (Retrying step with smaller dt & target angle) ***
  *** STEP 82 FAILED (conv=-1, cutback 1/20). Cutting back dt to 0.00009s ***

----------------------------------------------------------------------------------------------------
Step 82 | Attempting time increment: dt = 0.00009s (t: 0.6892s -> 0.6893s)
----------------------------------------------------------------------------------------------------

  Nonlinear Iteration Summary (Newton-Raphson)
  ==========================================================================================================================
  Time increment dt: 8.789e-05
  Convergence Tol  : 1.0e-02 (Disp Ratio)     Max Iterations: 50
  --------------------------------------------------------------------------------------------------------------------------
  Iter   Max Res.Force  (Node/DOF)    Max Disp.Corr  (Node/DOF)    Max Disp.Incr  Disp.Ratio  Energy.Err  LS.alpha  TieNodes
  --------------------------------------------------------------------------------------------------------------------------
DEBUG: NaN detected in assembly at iter 1!
  f_int has NaN: True
  K_T.data has NaN: True
  self.state has NaN: False
  Max displacement magnitude in u_k: 3.80474e+01 at Node 10001(UY)
  ---------------------------------------------------------------------------------------------------------------------
  *** ERROR: Search direction contains NaN/Inf at iteration 1. (Time: 8.11 s)

     1    82     2       0      50     0.6892     0.0000     0.0001   *** CUTBACK: NaN/Inf in search direction (Retrying step with smaller dt & target angle) ***
  *** STEP 82 FAILED (conv=-1, cutback 1/20). Cutting back dt to 0.00004s ***

----------------------------------------------------------------------------------------------------
Step 82 | Attempting time increment: dt = 0.00004s (t: 0.6892s -> 0.6892s)
----------------------------------------------------------------------------------------------------

  Nonlinear Iteration Summary (Newton-Raphson)
  ==========================================================================================================================
  Time increment dt: 4.395e-05
  Convergence Tol  : 1.0e-02 (Disp Ratio)     Max Iterations: 50
  --------------------------------------------------------------------------------------------------------------------------
  Iter   Max Res.Force  (Node/DOF)    Max Disp.Corr  (Node/DOF)    Max Disp.Incr  Disp.Ratio  Energy.Err  LS.alpha  TieNodes
  --------------------------------------------------------------------------------------------------------------------------
     1    1.3065e+11  N139(UY)       6.1957e-07  N10611(UX)     3.5806e-03     1.24e-08    3.11e+04      1.00       140
     2    1.3065e+11  N139(UY)       6.1957e-07  N10611(UX)     3.5806e-03     1.24e-08    3.11e+04      1.00       140
  ---------------------------------------------------------------------------------------------------------------------
  => Increment Converged. (Time: 20.94 s)
  Mesh quality WARNING: min det(J)=3.543e-03  inverted=0  warped=3

     1    82     3       0       1     0.6892     0.0000     0.0000

  [MONITOR] Step  82 | Time 0.6892s / 1.0s ( 68.9%)
            Fold Angle: Target +- 74.01deg | Actual [-74.01deg, +74.01deg]
            Plate Tips Y: Left=+37.55mm | Right=+37.55mm | Max Disp= 38.05mm
            Newton Iters:  1 | dt: 0.00004s
            [DIAGNOSTIC] display/plate max|u| ratio=1.0000 (display=5.274mm, plate=0.000mm)
            [DIAGNOSTIC] Real tie gap (not just active-pair count): DISPLAY_BOT_L_PLATE_L_TOP_TIE: max_gap=35.8155mm mean=22.1019mm n=70 | DISPLAY_BOT_R_PLATE_R_TOP_TIE: max_gap=35.8155mm mean=22.1021mm n=70

[PNG] Deformed shape saved: D:\PythonCodeStudy\WHT_DispFoldSolver\examples\ex12_final_folding_shape.png
----------------------------------------------------------------------------------------------------
Step 83 | Attempting time increment: dt = 0.00007s (t: 0.6892s -> 0.6893s)
----------------------------------------------------------------------------------------------------

  Nonlinear Iteration Summary (Newton-Raphson)
  ==========================================================================================================================
  Time increment dt: 6.592e-05
  Convergence Tol  : 1.0e-02 (Disp Ratio)     Max Iterations: 50
  --------------------------------------------------------------------------------------------------------------------------
  Iter   Max Res.Force  (Node/DOF)    Max Disp.Corr  (Node/DOF)    Max Disp.Incr  Disp.Ratio  Energy.Err  LS.alpha  TieNodes
  --------------------------------------------------------------------------------------------------------------------------
DEBUG: NaN detected in assembly at iter 1!
  f_int has NaN: True
  K_T.data has NaN: True
  self.state has NaN: False
  Max displacement magnitude in u_k: 3.80479e+01 at Node 10001(UY)
  ---------------------------------------------------------------------------------------------------------------------
  *** ERROR: Search direction contains NaN/Inf at iteration 1. (Time: 8.54 s)

     1    83     1       0      50     0.6892     0.0000     0.0001   *** CUTBACK: NaN/Inf in search direction (Retrying step with smaller dt & target angle) ***
  *** STEP 83 FAILED (conv=-1, cutback 1/20). Cutting back dt to 0.00003s ***

----------------------------------------------------------------------------------------------------
Step 83 | Attempting time increment: dt = 0.00003s (t: 0.6892s -> 0.6893s)
----------------------------------------------------------------------------------------------------

  Nonlinear Iteration Summary (Newton-Raphson)
  ==========================================================================================================================
  Time increment dt: 3.296e-05
  Convergence Tol  : 1.0e-02 (Disp Ratio)     Max Iterations: 50
  --------------------------------------------------------------------------------------------------------------------------
  Iter   Max Res.Force  (Node/DOF)    Max Disp.Corr  (Node/DOF)    Max Disp.Incr  Disp.Ratio  Energy.Err  LS.alpha  TieNodes
  --------------------------------------------------------------------------------------------------------------------------
DEBUG: NaN detected in assembly at iter 1!
  f_int has NaN: True
  K_T.data has NaN: True
  self.state has NaN: False
  Max displacement magnitude in u_k: 3.80471e+01 at Node 10001(UY)
  ---------------------------------------------------------------------------------------------------------------------
  *** ERROR: Search direction contains NaN/Inf at iteration 1. (Time: 9.15 s)

     1    83     2       0      50     0.6892     0.0000     0.0000   *** CUTBACK: NaN/Inf in search direction (Retrying step with smaller dt & target angle) ***
  *** STEP 83 FAILED (conv=-1, cutback 1/20). Cutting back dt to 0.00002s ***

----------------------------------------------------------------------------------------------------
Step 83 | Attempting time increment: dt = 0.00002s (t: 0.6892s -> 0.6892s)
----------------------------------------------------------------------------------------------------

  Nonlinear Iteration Summary (Newton-Raphson)
  ==========================================================================================================================
  Time increment dt: 1.648e-05
  Convergence Tol  : 1.0e-02 (Disp Ratio)     Max Iterations: 50
  --------------------------------------------------------------------------------------------------------------------------
  Iter   Max Res.Force  (Node/DOF)    Max Disp.Corr  (Node/DOF)    Max Disp.Incr  Disp.Ratio  Energy.Err  LS.alpha  TieNodes
  --------------------------------------------------------------------------------------------------------------------------
     1    2.4115e+13  N140(UX)       6.1475e-07  N10611(UX)     1.3426e-03     1.22e-08    3.18e+04      1.00       140
     2    2.4115e+13  N140(UX)       6.1475e-07  N10611(UX)     1.3426e-03     1.22e-08    3.18e+04      1.00       140
  ---------------------------------------------------------------------------------------------------------------------
  => Increment Converged. (Time: 21.51 s)
  Mesh quality WARNING: min det(J)=8.761e-04  inverted=0  warped=3

     1    83     3       0       1     0.6892     0.0000     0.0000

  [MONITOR] Step  83 | Time 0.6892s / 1.0s ( 68.9%)
            Fold Angle: Target +- 74.02deg | Actual [-74.02deg, +74.02deg]
            Plate Tips Y: Left=+37.55mm | Right=+37.55mm | Max Disp= 38.05mm
            Newton Iters:  1 | dt: 0.00002s
            [DIAGNOSTIC] display/plate max|u| ratio=1.0000 (display=5.273mm, plate=0.000mm)
            [DIAGNOSTIC] Real tie gap (not just active-pair count): DISPLAY_BOT_L_PLATE_L_TOP_TIE: max_gap=35.8161mm mean=22.1023mm n=70 | DISPLAY_BOT_R_PLATE_R_TOP_TIE: max_gap=35.8161mm mean=22.1025mm n=70

[PNG] Deformed shape saved: D:\PythonCodeStudy\WHT_DispFoldSolver\examples\ex12_final_folding_shape.png
----------------------------------------------------------------------------------------------------
Step 84 | Attempting time increment: dt = 0.00002s (t: 0.6892s -> 0.6893s)
----------------------------------------------------------------------------------------------------

  Nonlinear Iteration Summary (Newton-Raphson)
  ==========================================================================================================================
  Time increment dt: 2.472e-05
  Convergence Tol  : 1.0e-02 (Disp Ratio)     Max Iterations: 50
  --------------------------------------------------------------------------------------------------------------------------
  Iter   Max Res.Force  (Node/DOF)    Max Disp.Corr  (Node/DOF)    Max Disp.Incr  Disp.Ratio  Energy.Err  LS.alpha  TieNodes
  --------------------------------------------------------------------------------------------------------------------------
DEBUG: NaN detected in assembly at iter 1!
  f_int has NaN: True
  K_T.data has NaN: True
  self.state has NaN: False
  Max displacement magnitude in u_k: 3.80473e+01 at Node 10001(UY)
  ---------------------------------------------------------------------------------------------------------------------
  *** ERROR: Search direction contains NaN/Inf at iteration 1. (Time: 7.94 s)

     1    84     1       0      50     0.6892     0.0000     0.0000   *** CUTBACK: NaN/Inf in search direction (Retrying step with smaller dt & target angle) ***
  *** STEP 84 FAILED (conv=-1, cutback 1/20). Cutting back dt to 0.00001s ***

----------------------------------------------------------------------------------------------------
Step 84 | Attempting time increment: dt = 0.00001s (t: 0.6892s -> 0.6893s)
----------------------------------------------------------------------------------------------------

  Nonlinear Iteration Summary (Newton-Raphson)
  ==========================================================================================================================
  Time increment dt: 1.236e-05
  Convergence Tol  : 1.0e-02 (Disp Ratio)     Max Iterations: 50
  --------------------------------------------------------------------------------------------------------------------------
  Iter   Max Res.Force  (Node/DOF)    Max Disp.Corr  (Node/DOF)    Max Disp.Incr  Disp.Ratio  Energy.Err  LS.alpha  TieNodes
  --------------------------------------------------------------------------------------------------------------------------
DEBUG: NaN detected in assembly at iter 1!
  f_int has NaN: True
  K_T.data has NaN: True
  self.state has NaN: False
  Max displacement magnitude in u_k: 3.80470e+01 at Node 10001(UY)
  ---------------------------------------------------------------------------------------------------------------------
  *** ERROR: Search direction contains NaN/Inf at iteration 1. (Time: 5.69 s)

     1    84     2       0      50     0.6892     0.0000     0.0000   *** CUTBACK: NaN/Inf in search direction (Retrying step with smaller dt & target angle) ***
FATAL: Exceeded maximum cutbacks (20) or dt below minimum tolerance. Simulation aborted.
====================================================================================================
 FAILED: Simulation did not reach target time.
====================================================================================================
Saved result (83 steps) for re-analysis: D:\PythonCodeStudy\WHT_DispFoldSolver\examples\ex12_result.pkl
  reload with: from dispsolver.postprocess import load_result; r = load_result(r'D:\PythonCodeStudy\WHT_DispFoldSolver\examples\ex12_result.pkl')

=======================================================================================================================================================================================================================================================================
 Interlayer slip at x = -40.00 mm   [um, cumulative from bottom surface]
 (83 steps recorded, showing 25)
=======================================================================================================================================================================================================================================================================
 theta[deg]       L1       L2       L3       L4       L5       L6       L7       L8       L9      L10      L11      L12      L13      L14      L15      L16      L17      L18      L19      L20      L21      L22      L23      L24      L25      L26      L27      L28
-----------------------------------------------------------------------------------------------------------------------------------------------------------------------------------------------------------------------------------------------------------------------
       0.00     0.00     0.00     0.00     0.00     0.00     0.00     0.00     0.00     0.00     0.00     0.00     0.00     0.00     0.00     0.00     0.00     0.00     0.00     0.00     0.00     0.00     0.00     0.00     0.00     0.00     0.00     0.00     0.00
       0.01     0.01     0.01     0.01     0.01     0.02     0.02     0.02     0.02     0.03     0.03     0.03     0.03     0.04     0.04     0.04     0.04     0.05     0.05     0.05     0.05     0.06     0.06     0.06     0.06     0.08     0.08     0.08     0.08
       0.11     0.16     0.16     0.16     0.16     0.31     0.31     0.31     0.31     0.46     0.46     0.46     0.46     0.62     0.62     0.62     0.62     0.78     0.79     0.79     0.79     0.95     0.95     0.95     0.95     1.10     1.10     1.10     1.10
       0.58     1.52     1.52     1.52     1.51     2.05     2.05     2.05     2.05     2.80     2.80     2.80     2.80     3.62     3.62     3.63     3.63     4.49     4.49     4.49     4.49     5.35     5.35     5.36     5.36     6.20     6.20     6.20     6.20
       1.30     5.66     5.65     5.63     5.61     6.02     6.01     6.00     5.99     7.34     7.33     7.33     7.32     9.05     9.04     9.04     9.04    10.92    10.92    10.92    10.92    12.84    12.84    12.84    12.84    14.73    14.73    14.72    14.72
       2.87    23.97    23.87    23.77    23.68    20.78    20.73    20.67    20.62    22.06    22.03    22.00    21.96    25.13    25.11    25.09    25.07    28.95    28.94    28.92    28.91    33.05    33.04    33.03    33.02    37.14    37.13    37.12    37.11
       4.57    59.01    58.75    58.49    58.22    47.03    46.88    46.73    46.59    46.26    46.17    46.07    45.97    49.93    49.86    49.79    49.72    55.45    55.40    55.35    55.30    61.71    61.67    61.63    61.59    68.07    68.03    68.00    67.96
       6.72   132.28   131.67   131.07   130.47    98.74    98.37    98.01    97.64    91.19    90.94    90.69    90.44    93.82    93.64    93.45    93.27   100.74   100.59   100.45   100.31   109.37   109.25   109.13   109.02   118.41   118.31   118.21   118.11
       8.68   197.17   195.77   191.25   188.87   141.08   139.35   137.62   135.89   125.82   124.71   123.59   122.48   126.33   125.49   124.66   123.83   133.36   132.69   132.03   131.36   143.04   142.48   141.93   141.37   153.43   152.95   152.47   151.99
      11.65   198.97   200.51   200.34   203.14   162.45   164.63   166.81   168.99   161.44   163.87   166.31   168.75   174.82   177.38   179.94   182.49   194.26   196.88   199.51   202.13   216.19   218.86   221.53   224.21   238.82   241.52   244.21   246.91
      15.66   206.39   225.10   240.46   260.39   243.74   260.96   278.19   295.42   307.17   324.40   341.63   358.87   380.92   398.15   415.38   432.61   458.97   476.20   493.43   510.66   538.93   556.15   573.37   590.60   619.63   636.85   654.06   671.28
      19.20   182.58   181.32   180.67   182.12   145.46   146.59   147.73   148.86   139.29   140.50   141.70   142.91   146.29   147.53   148.77   150.01   158.88   160.14   161.40   162.66   173.79   175.06   176.33   177.61   189.34   190.61   191.88   193.15
      23.76   153.97   145.93   140.37   134.98    98.27    94.05    89.84    85.63    70.65    66.55    62.44    58.34    55.14    51.10    47.05    43.01    44.82    40.81    36.79    32.78    36.61    32.62    28.63    24.64    28.93    24.94    20.95    16.96
      28.28   172.21   170.35   168.14   169.11   129.88   129.63   129.38   129.14   117.47   117.23   116.99   116.76   117.84   117.61   117.39   117.16   123.65   123.42   123.20   122.98   131.69   131.47   131.25   131.04   140.34   140.11   139.87   139.64
      31.83  -110.10  -107.04   -97.03   -97.05   -44.53   -37.56   -30.58   -23.61    -1.53     5.78    13.09    20.41    31.58    39.04    46.50    53.96    60.52    68.08    75.63    83.18    87.81    95.43   103.05   110.66   114.75   122.42   130.09   137.77
      38.38  -118.89  -116.50  -107.35  -108.05   -55.75   -49.66   -43.55   -37.46   -16.30    -9.88    -3.45     2.97    12.83    19.39    25.95    32.52    37.61    44.26    50.91    57.56    60.65    67.36    74.07    80.78    83.30    90.07    96.83   103.60
      43.42  -142.72  -143.68  -137.50  -141.66   -89.35   -86.41   -83.47   -80.53   -62.55   -59.30   -56.04   -52.78   -47.21   -43.82   -40.42   -37.03   -36.68   -33.20   -29.73   -26.25   -28.10   -24.57   -21.03   -17.50   -20.01   -16.42   -12.83    -9.24
      48.06  -123.43  -136.49  -128.80  -145.80   -71.09   -69.32   -67.54   -65.77   -42.84   -40.15   -37.46   -34.76   -24.95   -21.85   -18.75   -15.64   -11.29    -7.94    -4.59    -1.24     0.68     4.20     7.72    11.24    12.23    15.89    19.55    23.21
      50.36   152.62   160.94   156.88   168.70   109.21   109.49   109.76   110.04    93.36    93.11    92.86    92.61    89.29    88.81    88.33    87.84    90.11    89.49    88.87    88.24    92.94    92.22    91.50    90.78    96.29    95.49    94.68    93.87
      54.36  -116.76  -131.03  -122.62  -140.93   -62.87   -60.74   -58.59   -56.45   -32.24   -29.10   -25.95   -22.80   -11.64    -8.04    -4.44    -0.84     4.91     8.78    12.65    16.52    19.83    23.89    27.95    32.00    34.36    38.57    42.78    46.99
      60.80  -113.68  -131.24  -122.69  -144.48   -60.88   -59.29   -57.69   -56.10   -30.92   -28.17   -25.42   -22.66   -10.79    -7.52    -4.25    -0.98     5.39     8.97    12.55    16.14    19.99    23.79    27.59    31.39    34.22    38.19    42.16    46.13
      64.25   171.08   157.33   153.76   142.27   118.94   115.22   111.50   107.79    96.96    93.70    90.44    87.17    87.97    84.92    81.87    78.82    84.61    81.68    78.75    75.83    83.55    80.71    77.87    75.04    83.08    80.30    77.51    74.72
      70.00   182.48   166.36   164.29   150.21   134.01   131.04   128.08   125.12   117.01   114.68   112.35   110.03   113.54   111.50   109.47   107.44   115.96   114.09   112.23   110.37   120.80   119.06   117.31   115.58   126.28   124.61   122.94   121.28
      73.92  -143.12  -134.42  -127.55  -121.54   -83.42   -77.98   -72.55   -67.11   -50.49   -45.12   -39.75   -34.38   -29.16   -23.82   -18.49   -13.16   -12.79    -7.48    -2.16     3.15     1.56     6.86    12.17    17.46    15.43    20.74    26.04    31.34
      74.02  -144.65  -140.51  -134.18  -132.96   -88.54   -84.45   -80.37   -76.29   -59.31   -55.13   -50.94   -46.76   -41.71   -37.48   -33.26   -29.03   -29.04   -24.78   -20.53   -16.28   -18.37   -14.09    -9.82    -5.56    -8.18    -3.89     0.41     4.71
-----------------------------------------------------------------------------------------------------------------------------------------------------------------------------------------------------------------------------------------------------------------------
 final total staircase : +4.71 um at theta = 74.02 deg
 carried by            : GLASS +12.89 um (7.6%),  PET +74.73 um (43.8%),  PSA -82.92 um (48.6%)
 (equal-thickness rows -> a ~50/50 split means bending tilt, not interlayer shear)

=======================================================================================================================================================================================================================================================================
 Interlayer slip at x = +40.00 mm   [um, cumulative from bottom surface]
 (83 steps recorded, showing 25)
=======================================================================================================================================================================================================================================================================
 theta[deg]       L1       L2       L3       L4       L5       L6       L7       L8       L9      L10      L11      L12      L13      L14      L15      L16      L17      L18      L19      L20      L21      L22      L23      L24      L25      L26      L27      L28
-----------------------------------------------------------------------------------------------------------------------------------------------------------------------------------------------------------------------------------------------------------------------
       0.00     0.00     0.00     0.00     0.00     0.00     0.00     0.00     0.00     0.00     0.00     0.00     0.00     0.00     0.00     0.00     0.00     0.00     0.00     0.00     0.00     0.00     0.00     0.00     0.00     0.00     0.00     0.00     0.00
       0.01     0.01     0.01     0.01     0.01     0.02     0.02     0.02     0.02     0.03     0.03     0.03     0.03     0.04     0.04     0.04     0.04     0.05     0.05     0.05     0.05     0.06     0.06     0.06     0.06     0.08     0.08     0.08     0.08
       0.11     0.16     0.16     0.16     0.16     0.31     0.31     0.31     0.31     0.46     0.46     0.46     0.46     0.62     0.62     0.62     0.62     0.78     0.79     0.79     0.79     0.95     0.95     0.95     0.95     1.10     1.10     1.10     1.10
       0.58     1.52     1.52     1.52     1.51     2.05     2.05     2.05     2.05     2.80     2.80     2.80     2.80     3.62     3.62     3.63     3.63     4.49     4.49     4.49     4.49     5.35     5.35     5.36     5.36     6.20     6.20     6.20     6.20
       1.30     5.66     5.65     5.63     5.61     6.02     6.01     6.00     5.99     7.34     7.33     7.33     7.32     9.05     9.04     9.04     9.04    10.92    10.92    10.92    10.92    12.84    12.84    12.84    12.84    14.73    14.72    14.72    14.72
       2.87    23.97    23.87    23.77    23.68    20.78    20.73    20.67    20.62    22.06    22.03    22.00    21.96    25.13    25.11    25.09    25.07    28.95    28.94    28.92    28.91    33.05    33.04    33.03    33.02    37.14    37.13    37.12    37.11
       4.57    59.01    58.75    58.49    58.22    47.03    46.88    46.73    46.59    46.26    46.17    46.07    45.97    49.93    49.86    49.79    49.72    55.45    55.40    55.35    55.30    61.71    61.67    61.63    61.59    68.07    68.03    68.00    67.96
       6.72   132.28   131.67   131.07   130.47    98.74    98.37    98.01    97.64    91.19    90.94    90.69    90.44    93.82    93.64    93.45    93.27   100.74   100.59   100.45   100.31   109.37   109.25   109.13   109.02   118.41   118.31   118.21   118.11
       8.68   198.76   195.99   193.24   188.78   142.91   141.45   140.00   138.54   127.68   126.64   125.60   124.56   128.20   127.37   126.54   125.71   135.25   134.55   133.85   133.16   144.93   144.33   143.74   143.14   155.32   154.79   154.27   153.74
      11.65   196.13   197.44   198.69   200.09   161.00   163.29   165.59   167.89   160.58   163.11   165.64   168.17   174.32   176.96   179.60   182.24   194.02   196.71   199.41   202.11   216.16   218.89   221.63   224.36   239.01   241.77   244.53   247.28
      15.66   196.04   213.41   230.44   247.79   234.95   252.24   269.54   286.84   300.87   318.20   335.53   352.86   376.13   393.46   410.80   428.13   455.26   472.59   489.91   507.24   536.11   553.42   570.74   588.06   617.63   634.94   652.24   669.54
      19.20   178.79   178.89   179.02   180.50   144.19   145.41   146.63   147.85   138.93   140.30   141.67   143.04   146.62   148.05   149.48   150.92   159.81   161.27   162.73   164.19   175.28   176.74   178.21   179.67   191.41   192.87   194.34   195.80
      23.76   152.71   147.05   141.62   137.57    99.65    95.52    91.39    87.26    72.49    68.54    64.60    60.66    57.44    53.59    49.73    45.87    47.59    43.77    39.96    36.14    39.85    36.05    32.25    28.45    32.68    28.89    25.09    21.30
      28.28   169.44   168.47   167.39   167.85   129.38   129.23   129.07   128.92   117.74   117.69   117.65   117.60   118.73   118.73   118.72   118.71   125.10   125.10   125.10   125.10   133.68   133.67   133.67   133.66   142.88   142.86   142.85   142.84
      31.83  -110.41  -104.40   -97.48   -92.92   -44.29   -37.09   -29.89   -22.69    -0.01     7.35    14.72    22.08    34.39    41.86    49.33    56.80    64.63    72.19    79.75    87.30    93.22   100.85   108.49   116.12   121.42   129.12   136.82   144.52
      38.38  -118.26  -112.97  -106.80  -102.95   -54.47   -48.08   -41.69   -35.30   -13.57    -7.03    -0.49     6.06    17.08    23.72    30.36    37.00    43.40    50.13    56.85    63.57    68.00    74.80    81.59    88.39    92.19    99.05   105.91   112.77
      43.42  -140.43  -138.23  -135.12  -134.31   -86.18   -82.87   -79.57   -76.26   -57.86   -54.42   -50.97   -47.52   -40.83   -37.29   -33.75   -30.20   -28.55   -24.92   -21.30   -17.67   -18.18   -14.48   -10.79    -7.09    -8.31    -4.55    -0.79     2.97
      48.06  -124.06  -126.82  -127.05  -130.85   -68.21   -66.14   -64.05   -61.97   -38.52   -35.84   -33.15   -30.46   -18.96   -15.93   -12.89    -9.85    -3.53    -0.24     3.05     6.34    10.24    13.73    17.22    20.71    23.62    27.28    30.94    34.59
      50.36   153.43   156.46   157.95   162.13   110.35   110.90   111.44   111.98    95.79    96.03    96.27    96.51    92.86    92.91    92.96    93.02    94.77    94.68    94.59    94.49    98.64    98.44    98.23    98.02   103.05   102.74   102.43   102.13
      54.36  -117.29  -120.12  -120.19  -124.02   -59.16   -56.61   -54.06   -51.51   -26.61   -23.39   -20.16   -16.93    -3.83    -0.21     3.40     7.02    15.00    18.90    22.79    26.68    32.26    36.37    40.48    44.59    49.15    53.44    57.74    62.03
      60.80  -115.12  -119.49  -120.68  -125.96   -57.55   -55.61   -53.65   -51.71   -25.87   -23.14   -20.40   -17.66    -3.77    -0.58     2.62     5.81    14.51    18.02    21.53    25.04    31.25    35.01    38.77    42.54    47.65    51.62    55.59    59.56
      64.25   167.19   159.82   153.58   148.00   119.12   115.40   111.69   107.98    97.47    94.20    90.94    87.68    88.78    85.75    82.71    79.68    85.72    82.82    79.93    77.04    84.96    82.16    79.35    76.55    84.85    82.11    79.38    76.64
      70.00   178.11   170.61   164.72   159.06   135.32   132.55   129.79   127.03   119.64   117.46   115.29   113.12   117.47   115.60   113.74   111.88   121.19   119.51   117.84   116.16   127.34   125.79   124.24   122.69   134.18   132.73   131.28   129.83
      73.92  -139.08  -131.87  -124.81  -119.25   -80.01   -74.11   -68.20   -62.29   -45.12   -39.36   -33.61   -27.86   -21.71   -16.02   -10.34    -4.65    -3.23     2.43     8.09    13.75    13.26    18.92    24.57    30.22    29.24    34.89    40.54    46.19
      74.02  -142.05  -137.43  -132.48  -129.39   -86.27   -81.88   -77.49   -73.10   -55.78   -51.41   -47.04   -42.68   -36.80   -32.42   -28.05   -23.68   -22.71   -18.31   -13.91    -9.52   -10.59    -6.17    -1.74     2.68     1.01     5.46     9.91    14.36
-----------------------------------------------------------------------------------------------------------------------------------------------------------------------------------------------------------------------------------------------------------------------
 final total staircase : +14.36 um at theta = 74.02 deg
 carried by            : GLASS +13.35 um (7.9%),  PET +78.50 um (46.4%),  PSA -77.49 um (45.8%)
 (equal-thickness rows -> a ~50/50 split means bending tilt, not interlayer shear)

Saving final shape visualization to: D:\PythonCodeStudy\WHT_DispFoldSolver\examples\ex12_final_folding_shape.png
[PNG] Deformed shape saved: D:\PythonCodeStudy\WHT_DispFoldSolver\examples\ex12_final_folding_shape.png
Done.
