====================================================================================================
 EX12: 90-Degree Display Folding Directly from Abaqus .inp File
====================================================================================================
Reading Abaqus input deck: D:\PythonCodeStudy\WHT_DispFoldSolver\examples\ex12_rigid_plate_display_fold.inp
D:\PythonCodeStudy\WHT_DispFoldSolver\dispsolver\io\abaqus_parser.py:131: UserWarning: Unsupported keyword: *SECTION CONTROLS \u2014 skipping
  warnings.warn(f"Unsupported keyword: *{block.keyword} \u2014 skipping")
Parsed result: ModelBuilderResult(mesh=yes, materials=16, constraints=0, penalty_constraints=2, rbe2_elements=0, rbe2_constraints=2, amplitudes=0, dloads=0, contact_pairs=0, surfaces=4, contact_objects=0)
Found translation boundary conditions on 4 DOFs.
Found prescribed rotations on master nodes: {100000: -1.570796, 100306: 1.570796}
====================================================================================================
 MODEL REVIEW
====================================================================================================
Materials (4 distinct):
  - PSA: Arruda-Boyce + Prony viscoelastic: mu=0.015614, lambda_m=3.0, K=0.83333
  - PET: J2 plasticity: E=4000.0, nu=0.3, sigma_y0=80.0, H=400.0
  - GLASS: J2 plasticity: E=70000.0, nu=0.22, sigma_y0=1000000000.0, H=0.0
  - STEEL: NeoHookean: E=20000.0, nu=0.3
Parts / Layers (16 total):
  - pid 1: 142 elements, material=PSA, thickness=0.0300 mm (30.0 um), element=CPE4I
  - pid 2: 606 elements, material=PET, thickness=0.0600 mm (60.0 um), element=Q4_COROTATIONAL_SRI
  - pid 3: 202 elements, material=PSA, thickness=0.0300 mm (30.0 um), element=CPE4I
  - pid 4: 606 elements, material=PET, thickness=0.0600 mm (60.0 um), element=Q4_COROTATIONAL_SRI
  - pid 5: 202 elements, material=PSA, thickness=0.0300 mm (30.0 um), element=CPE4I
  - pid 6: 606 elements, material=PET, thickness=0.0600 mm (60.0 um), element=Q4_COROTATIONAL_SRI
  - pid 7: 202 elements, material=PSA, thickness=0.0300 mm (30.0 um), element=CPE4I
  - pid 8: 606 elements, material=PET, thickness=0.0600 mm (60.0 um), element=Q4_COROTATIONAL_SRI
  - pid 9: 202 elements, material=PSA, thickness=0.0300 mm (30.0 um), element=CPE4I
  - pid 10: 606 elements, material=PET, thickness=0.0600 mm (60.0 um), element=Q4_COROTATIONAL_SRI
  - pid 11: 202 elements, material=PSA, thickness=0.0300 mm (30.0 um), element=CPE4I
  - pid 12: 606 elements, material=PET, thickness=0.0600 mm (60.0 um), element=Q4_COROTATIONAL_SRI
  - pid 13: 202 elements, material=PSA, thickness=0.0300 mm (30.0 um), element=CPE4I
  - pid 14: 606 elements, material=GLASS, thickness=0.0600 mm (60.0 um), element=Q4_COROTATIONAL_SRI
  - Plate Left: 240 elements, material=STEEL, thickness=0.5000 mm (500.0 um), element=Q4_COROTATIONAL
  - Plate Right: 240 elements, material=STEEL, thickness=0.5000 mm (500.0 um), element=Q4_COROTATIONAL
Total elements: 6076, total layers/parts: 16
====================================================================================================
[PNG] Deformed shape saved: D:\PythonCodeStudy\WHT_DispFoldSolver\examples\ex12_before_folding_shape.png
----------------------------------------------------------------------------------------------------
Step 1 | Attempting time increment: dt = 0.00500s (t: 0.0000s -> 0.0050s)
----------------------------------------------------------------------------------------------------
D:\PythonCodeStudy\WHT_DispFoldSolver\dispsolver\element\q4_corotational_sri_j2_numba.py:195: NumbaPerformanceWarning: [1m[1m[1m[1mnp.dot() is faster on contiguous arrays, called on (Array(float64, 1, 'C', False, aligned=True), Array(float64, 1, 'A', False, aligned=True))[0m[0m[0m[0m
  f_e, K_e, s_e = compute_corotational_sri_j2_single_numba(

  Nonlinear Iteration Summary (Newton-Raphson)
  ==========================================================================================================================
  Time increment dt: 5.000e-03
  Convergence Tol  : 1.0e-02 (Disp Ratio)     Max Iterations: 50
  --------------------------------------------------------------------------------------------------------------------------
  Iter   Max Res.Force  (Node/DOF)    Max Disp.Corr  (Node/DOF)    Max Disp.Incr  Disp.Ratio  Energy.Err  LS.alpha  TieNodes
  --------------------------------------------------------------------------------------------------------------------------
     1    1.1735e+02  N1(UY)         7.5223e-05  N1(UY)         7.5224e-05     9.37e-01    5.21e-01      1.00       122
     2    2.1599e-04  N144(UY)       3.2838e-06  N424(UY)       7.5305e-05     4.13e-02    1.21e-11      1.00       122
     3    6.2283e-06  N144(UY)       4.3524e-06  N246(UY)       7.5302e-05     4.72e-02    2.94e-12      1.00       122
  ---------------------------------------------------------------------------------------------------------------------
  => Increment Converged. (Time: 67.06 s)


  STEP   INC   ATT   SEVERE   EQUIL     TOTAL      STEP      INC OF
                     DISCON   ITERS      TIME       TIME       TIME
     1     1     1       0       2     0.0050     0.0050     0.0050

  [MONITOR] Step   1 | Time 0.0050s / 1.0s (  0.5%)
            Fold Angle: Target +-  0.00deg | Actual [-0.00deg, +0.00deg]
            Plate Tips Y: Left= -0.50mm | Right= -0.50mm | Max Disp=  0.00mm
            Newton Iters:  2 | dt: 0.00500s
            [DIAGNOSTIC] display/plate max|u| ratio=1.0000 (display=0.000mm, plate=0.000mm)
            [DIAGNOSTIC] Real tie gap (not just active-pair count): DISPLAY_BOT_L_PLATE_L_TOP_TIE: max_gap=0.0000mm mean=0.0000mm n=61 | DISPLAY_BOT_R_PLATE_R_TOP_TIE: max_gap=0.0000mm mean=0.0000mm n=61
            [DIAGNOSTIC] Hinge curvature: max_curv_ratio=16.80 kink_detected=True at x=-8.50mm

[PNG] Deformed shape saved: D:\PythonCodeStudy\WHT_DispFoldSolver\examples\ex12_final_folding_shape.png
----------------------------------------------------------------------------------------------------
Step 2 | Attempting time increment: dt = 0.00750s (t: 0.0050s -> 0.0125s)
----------------------------------------------------------------------------------------------------

  Nonlinear Iteration Summary (Newton-Raphson)
  ==========================================================================================================================
  Time increment dt: 7.500e-03
  Convergence Tol  : 1.0e-02 (Disp Ratio)     Max Iterations: 50
  --------------------------------------------------------------------------------------------------------------------------
  Iter   Max Res.Force  (Node/DOF)    Max Disp.Corr  (Node/DOF)    Max Disp.Incr  Disp.Ratio  Energy.Err  LS.alpha  TieNodes
  --------------------------------------------------------------------------------------------------------------------------
     1    1.0002e+03  N144(UY)       6.4115e-04  N1(UY)         1.0869e-03     5.16e-01    3.79e+01      1.00       122
     2    1.8389e-03  N144(UY)       4.2155e-05  N231(UY)       1.0869e-03     3.40e-02    8.17e-10      1.00       122
     3    7.1702e-05  N144(UY)       5.7835e-05  N5726(UY)      1.0875e-03     3.98e-02    5.89e-10      1.00       122
  ---------------------------------------------------------------------------------------------------------------------
  => Increment Converged. (Time: 26.27 s)

     1     2     1       0       2     0.0125     0.0075     0.0075

  [MONITOR] Step   2 | Time 0.0125s / 1.0s (  1.2%)
            Fold Angle: Target +-  0.00deg | Actual [-0.00deg, +0.00deg]
            Plate Tips Y: Left= -0.50mm | Right= -0.50mm | Max Disp=  0.00mm
            Newton Iters:  2 | dt: 0.00750s
            [DIAGNOSTIC] display/plate max|u| ratio=1.0000 (display=0.001mm, plate=0.000mm)
            [DIAGNOSTIC] Real tie gap (not just active-pair count): DISPLAY_BOT_L_PLATE_L_TOP_TIE: max_gap=0.0000mm mean=0.0000mm n=61 | DISPLAY_BOT_R_PLATE_R_TOP_TIE: max_gap=0.0000mm mean=0.0000mm n=61

[PNG] Deformed shape saved: D:\PythonCodeStudy\WHT_DispFoldSolver\examples\ex12_final_folding_shape.png
----------------------------------------------------------------------------------------------------
Step 3 | Attempting time increment: dt = 0.01000s (t: 0.0125s -> 0.0225s)
----------------------------------------------------------------------------------------------------

  Nonlinear Iteration Summary (Newton-Raphson)
  ==========================================================================================================================
  Time increment dt: 1.000e-02
  Convergence Tol  : 1.0e-02 (Disp Ratio)     Max Iterations: 50
  --------------------------------------------------------------------------------------------------------------------------
  Iter   Max Res.Force  (Node/DOF)    Max Disp.Corr  (Node/DOF)    Max Disp.Incr  Disp.Ratio  Energy.Err  LS.alpha  TieNodes
  --------------------------------------------------------------------------------------------------------------------------
     1    1.6000e+03  N144(UY)       1.0256e-03  N144(UY)       5.5133e-03     1.44e-01    9.69e+01      1.00       122
     2    2.8868e-03  N144(UY)       1.8278e-04  N5726(UY)      5.5133e-03     2.27e-02    8.53e-09      1.00       122
     3    3.9324e-04  N144(UY)       2.2035e-04  N247(UY)       5.5139e-03     2.57e-02    7.94e-09      1.00       122
  ---------------------------------------------------------------------------------------------------------------------
  => Increment Converged. (Time: 26.76 s)

     1     3     1       0       2     0.0225     0.0100     0.0100

  [MONITOR] Step   3 | Time 0.0225s / 1.0s (  2.2%)
            Fold Angle: Target +-  0.01deg | Actual [-0.01deg, +0.01deg]
            Plate Tips Y: Left= -0.49mm | Right= -0.49mm | Max Disp=  0.01mm
            Newton Iters:  2 | dt: 0.01000s
            [DIAGNOSTIC] display/plate max|u| ratio=1.0000 (display=0.007mm, plate=0.000mm)
            [DIAGNOSTIC] Real tie gap (not just active-pair count): DISPLAY_BOT_L_PLATE_L_TOP_TIE: max_gap=0.0000mm mean=0.0000mm n=61 | DISPLAY_BOT_R_PLATE_R_TOP_TIE: max_gap=0.0000mm mean=0.0000mm n=61

[PNG] Deformed shape saved: D:\PythonCodeStudy\WHT_DispFoldSolver\examples\ex12_final_folding_shape.png
----------------------------------------------------------------------------------------------------
Step 4 | Attempting time increment: dt = 0.01000s (t: 0.0225s -> 0.0325s)
----------------------------------------------------------------------------------------------------

  Nonlinear Iteration Summary (Newton-Raphson)
  ==========================================================================================================================
  Time increment dt: 1.000e-02
  Convergence Tol  : 1.0e-02 (Disp Ratio)     Max Iterations: 50
  --------------------------------------------------------------------------------------------------------------------------
  Iter   Max Res.Force  (Node/DOF)    Max Disp.Corr  (Node/DOF)    Max Disp.Incr  Disp.Ratio  Energy.Err  LS.alpha  TieNodes
  --------------------------------------------------------------------------------------------------------------------------
     1    2.2071e+03  N144(UY)       1.4148e-03  N144(UY)       1.3137e-02     6.64e-02    1.84e+02      1.00       122
     2    2.8054e-03  N1(UY)         2.5944e-04  N4921(UY)      1.3137e-02     1.05e-02    4.39e-08      1.00       122
     3    2.0845e-03  N1(UY)         3.7011e-04  N259(UY)       1.3138e-02     1.34e-02    2.61e-08      1.00       122
  ---------------------------------------------------------------------------------------------------------------------
  => Increment Converged. (Time: 27.92 s)

     1     4     1       0       2     0.0325     0.0100     0.0100

  [MONITOR] Step   4 | Time 0.0325s / 1.0s (  3.2%)
            Fold Angle: Target +-  0.03deg | Actual [-0.03deg, +0.03deg]
            Plate Tips Y: Left= -0.48mm | Right= -0.48mm | Max Disp=  0.02mm
            Newton Iters:  2 | dt: 0.01000s
            [DIAGNOSTIC] display/plate max|u| ratio=1.0000 (display=0.020mm, plate=0.000mm)
            [DIAGNOSTIC] Real tie gap (not just active-pair count): DISPLAY_BOT_L_PLATE_L_TOP_TIE: max_gap=0.0000mm mean=0.0000mm n=61 | DISPLAY_BOT_R_PLATE_R_TOP_TIE: max_gap=0.0000mm mean=0.0000mm n=61

[PNG] Deformed shape saved: D:\PythonCodeStudy\WHT_DispFoldSolver\examples\ex12_final_folding_shape.png
----------------------------------------------------------------------------------------------------
Step 5 | Attempting time increment: dt = 0.01000s (t: 0.0325s -> 0.0425s)
----------------------------------------------------------------------------------------------------

  Nonlinear Iteration Summary (Newton-Raphson)
  ==========================================================================================================================
  Time increment dt: 1.000e-02
  Convergence Tol  : 1.0e-02 (Disp Ratio)     Max Iterations: 50
  --------------------------------------------------------------------------------------------------------------------------
  Iter   Max Res.Force  (Node/DOF)    Max Disp.Corr  (Node/DOF)    Max Disp.Incr  Disp.Ratio  Energy.Err  LS.alpha  TieNodes
  --------------------------------------------------------------------------------------------------------------------------
     1    1.2892e+03  N1(UY)         8.4076e-04  N4205(UY)      2.3816e-02     1.82e-02    6.29e+01      1.00       122
     2    1.5714e-03  N2(UY)         6.0057e-04  N673(UY)       2.3827e-02     9.41e-03    1.22e-07      1.00       122
  ---------------------------------------------------------------------------------------------------------------------
  => Increment Converged. (Time: 19.29 s)

     1     5     1       0       1     0.0425     0.0100     0.0100

  [MONITOR] Step   5 | Time 0.0425s / 1.0s (  4.2%)
            Fold Angle: Target +-  0.06deg | Actual [-0.06deg, +0.06deg]
            Plate Tips Y: Left= -0.46mm | Right= -0.46mm | Max Disp=  0.04mm
            Newton Iters:  1 | dt: 0.01000s
            [DIAGNOSTIC] display/plate max|u| ratio=1.0000 (display=0.044mm, plate=0.000mm)
            [DIAGNOSTIC] Real tie gap (not just active-pair count): DISPLAY_BOT_L_PLATE_L_TOP_TIE: max_gap=0.0000mm mean=0.0000mm n=61 | DISPLAY_BOT_R_PLATE_R_TOP_TIE: max_gap=0.0000mm mean=0.0000mm n=61

[PNG] Deformed shape saved: D:\PythonCodeStudy\WHT_DispFoldSolver\examples\ex12_final_folding_shape.png
----------------------------------------------------------------------------------------------------
Step 6 | Attempting time increment: dt = 0.01000s (t: 0.0425s -> 0.0525s)
----------------------------------------------------------------------------------------------------

  Nonlinear Iteration Summary (Newton-Raphson)
  ==========================================================================================================================
  Time increment dt: 1.000e-02
  Convergence Tol  : 1.0e-02 (Disp Ratio)     Max Iterations: 50
  --------------------------------------------------------------------------------------------------------------------------
  Iter   Max Res.Force  (Node/DOF)    Max Disp.Corr  (Node/DOF)    Max Disp.Incr  Disp.Ratio  Energy.Err  LS.alpha  TieNodes
  --------------------------------------------------------------------------------------------------------------------------
     1    1.8964e+03  N144(UY)       1.6097e-02  N669(UY)       3.7427e-02     1.35e-01    1.36e+02      1.00       122
     2    2.5815e-01  N144(UY)       4.4066e-02  N678(UY)       4.6135e-02     3.66e-01    9.57e-05      1.00       122
     3    2.0138e+00  N5155(UY)      8.1433e-03  N83(UX)        6.6383e-02     6.08e-02    4.01e-05      0.12       122
     4    1.4806e+06  N81(UY)        2.6061e-02  N65(UX)        6.6383e-02     1.23e-01    1.93e-01      0.50       122
  [DIAGNOSTIC] Line search collapsed at iter 5. Inspecting element quality on trial step:

[DEBUG] Element inversion detected in element indexes: [2, 45, 46, 47, 48, 49, 50, 51, 52, 748, 760, 761, 762, 763, 764, 765, 766, 767, 768, 769, 770, 771, 772, 792, 793, 794, 795, 796, 797, 798, 808, 812, 813, 1557, 1558, 1569, 1570, 1571, 1572, 1573, 1574, 1575, 1576, 1577, 1578, 1579, 1600, 1601, 1602, 1603, 1604, 1605, 1606, 1607, 1608, 1609, 1610, 1611, 1612, 1613, 1614, 1615, 1616, 1617, 1618, 1619, 2379, 2380, 2381, 2382, 2383, 2384, 2385, 2386, 2387, 2388, 2389, 2390, 2426, 2427, 3980, 3994, 3995, 3996, 3997, 3998, 3999, 4115, 4116, 4788, 4789, 4790, 4791, 4792, 4793, 4794, 4795, 4796, 4797, 4798, 4799, 4800, 4801, 4802, 4803, 4804, 4922]
  Element ID: 3 (index 2, pid 1)
    detF: [-0.10039830780224449, 0.20478100313723924, 0.17359455749913275, -0.13158475344035026]
    Nodes connectivity: [3, 4, 148, 147]
      Node 3: initial=[-39.5, 0.0], current=[-39.4999820600217, 0.07988099838890009], u=[1.793997830001396e-05, 0.07988099838890009]
      Node 4: initial=[-39.25, 0.0], current=[-39.24998219801848, 0.07935678781817566], u=[1.780198151898604e-05, 0.07935678781817566]
      Node 148: initial=[-39.25, 0.03], current=[-39.22111929172762, 0.0891332547025758], u=[0.028880708272383593, 0.05913325470257579]
      Node 147: initial=[-39.5, 0.03], current=[-39.476463507967345, 0.07381108063525645], u=[0.023536492032658132, 0.04381108063525645]
  Element ID: 46 (index 45, pid 1)
    detF: [-0.004995808659763628, -0.2521324892004722, -0.242391371582043, 0.004745308958664755]
    Nodes connectivity: [46, 47, 191, 190]
      Node 46: initial=[-19.5, 0.0], current=[-19.499991449630595, 0.03794871859662935], u=[8.550369402788833e-06, 0.03794871859662935]
      Node 47: initial=[-19.0, 0.0], current=[-18.999991669300986, 0.03690037594828996], u=[8.330699015283944e-06, 0.03690037594828996]
      Node 191: initial=[-19.0, 0.03], current=[-18.98054840354808, 0.02647491628868904], u=[0.019451596451920263, -0.00352508371131096]
      Node 190: initial=[-19.5, 0.03], current=[-19.480220881446918, 0.04036417694168595], u=[0.01977911855308049, 0.010364176941685954]
  Element ID: 47 (index 46, pid 1)
    detF: [-0.42255605837498145, -0.6398237628690261, -0.6312840909097966, -0.41401638641575234]
    Nodes connectivity: [47, 48, 192, 191]
      Node 47: initial=[-19.0, 0.0], current=[-18.999991669300986, 0.03690037594828996], u=[8.330699015283944e-06, 0.03690037594828996]
      Node 48: initial=[-18.5, 0.0], current=[-18.49999189494804, 0.03585204189752657], u=[8.105051962768308e-06, 0.03585204189752657]
      Node 192: initial=[-18.5, 0.03], current=[-18.480775997494536, 0.01413749276826036], u=[0.01922400250546395, -0.01586250723173964]
      Node 191: initial=[-19.0, 0.03], current=[-18.98054840354808, 0.02647491628868904], u=[0.019451596451920263, -0.00352508371131096]
  Element ID: 48 (index 47, pid 1)
    detF: [-0.7755839776595383, -0.9267539377126093, -0.920680393257952, -0.7695104332048815]
    Nodes connectivity: [48, 49, 193, 192]
      Node 48: initial=[-18.5, 0.0], current=[-18.49999189494804, 0.03585204189752657], u=[8.105051962768308e-06, 0.03585204189752657]
      Node 49: initial=[-18.0, 0.0], current=[-17.999992125370518, 0.03480371678678082], u=[7.87462948222586e-06, 0.03480371678678082]
      Node 193: initial=[-18.0, 0.03], current=[-17.981092453505866, 0.005234805510619986], u=[0.018907546494133117, -0.024765194489380013]
      Node 192: initial=[-18.5, 0.03], current=[-18.480775997494536, 0.01413749276826036], u=[0.01922400250546395, -0.01586250723173964]
  Element ID: 49 (index 48, pid 1)
    detF: [-1.0031513732705815, -1.0568061388073322, -1.0546295358755189, -1.000974770338769]
    Nodes connectivity: [49, 50, 194, 193]
      Node 49: initial=[-18.0, 0.0], current=[-17.999992125370518, 0.03480371678678082], u=[7.87462948222586e-06, 0.03480371678678082]
      Node 50: initial=[-17.5, 0.0], current=[-17.49999236181688, 0.033755403540635186], u=[7.638183121168718e-06, 0.033755403540635186]
      Node 194: initial=[-17.5, 0.03], current=[-17.481223333364888, 0.0013987814572908042], u=[0.018776666635112745, -0.028601218542709195]
      Node 193: initial=[-18.0, 0.03], current=[-17.981092453505866, 0.005234805510619986], u=[0.018907546494133117, -0.024765194489380013]

  *** ERROR: Line search failed to resolve residual explosion at iteration 5.
     1     6     1       0      50     0.0425     0.0000     0.0100   *** CUTBACK: line search collapsed (residual explosion) (Retrying step with smaller dt & target angle) ***
  *** STEP 6 FAILED (conv=-50, cutback 1/20). Cutting back dt to 0.00500s ***

----------------------------------------------------------------------------------------------------
Step 6 | Attempting time increment: dt = 0.00500s (t: 0.0425s -> 0.0475s)
----------------------------------------------------------------------------------------------------

  Nonlinear Iteration Summary (Newton-Raphson)
  ==========================================================================================================================
  Time increment dt: 5.000e-03
  Convergence Tol  : 1.0e-02 (Disp Ratio)     Max Iterations: 50
  --------------------------------------------------------------------------------------------------------------------------
  Iter   Max Res.Force  (Node/DOF)    Max Disp.Corr  (Node/DOF)    Max Disp.Incr  Disp.Ratio  Energy.Err  LS.alpha  TieNodes
  --------------------------------------------------------------------------------------------------------------------------
     1    5.1134e+02  N1(UY)         4.9470e-03  N669(UY)       1.6812e-02     5.67e-02    9.90e+00      1.00       122
     2    7.9898e-02  N144(UY)       4.0964e-03  N1061(UY)      1.6849e-02     5.19e-02    1.87e-06      1.00       122
     3    1.6186e-02  N1(UY)         1.0897e-02  N1482(UY)      1.6874e-02     1.16e-01    3.73e-06      1.00       122
     4    1.2524e-01  N1(UY)         9.0527e-03  N3467(UY)      1.9160e-02     9.33e-02    2.86e-05      1.00       122
     5    3.6832e-01  N1(UY)         3.3584e-02  N79(UX)        4.5538e-02     2.48e-01    1.78e-04      1.00       122
     6    2.1595e+00  N1(UY)         4.0348e-02  N62(UX)        5.0684e-02     1.99e-01    3.84e-03      1.00       122
     7    1.0068e+01  N1(UY)         7.3793e-02  N1066(UY)      9.3034e-02     6.39e-01    1.29e-02      1.00       122
  [DIAGNOSTIC] Line search collapsed at iter 8. Inspecting element quality on trial step:

[DEBUG] Element inversion detected in element indexes: [13, 14, 15, 16, 21, 22, 23, 24, 25, 30, 31, 32, 33, 34, 35, 40, 41, 42, 43, 44, 45, 50, 51, 52, 53, 54, 67, 68, 69, 70, 748, 749, 750, 760, 761, 762, 763, 764, 769, 770, 771, 772, 773, 774, 775, 778, 779, 780, 781, 782, 783, 789, 790, 791, 800, 808, 809, 810, 811, 812, 849, 850, 852, 853, 854, 855, 856, 857, 858, 859, 860, 861, 862, 863, 864, 865, 1560, 1561, 1562, 1563, 1564, 1565, 1566, 1570, 1571, 1572, 1573, 1574, 1579, 1580, 1581, 1582, 1583, 1587, 1588, 1589, 1590, 1591, 1596, 1597, 1598, 1599, 1600, 1601, 1606, 1607, 1608, 1609, 1610, 1611, 1613, 1614, 1616, 1617, 1618, 1619, 1620, 1659, 2364, 2365, 2366, 2367, 2368, 2369, 2370, 2371, 2372, 2376, 2377, 2378, 2384, 2385, 2386, 2387, 2393, 2394, 2395, 2396, 2397, 2402, 2403, 2404, 2405, 2406, 2407, 2414, 2415, 2416, 2417, 2420, 2425, 2426, 2427, 2490, 2491, 2492, 2494, 2495, 2496, 2510, 2511, 2512, 2535, 2536, 2537, 2538, 2539, 2540, 2541, 2542, 2543, 3172, 3173, 3174, 3175, 3176, 3177, 3178, 3180, 3181, 3182, 3183, 3184, 3185, 3186, 3188, 3189, 3190, 3198, 3199, 3206, 3207, 3208, 3215, 3216, 3217, 3223, 3224, 3225, 3226, 3227, 3232, 3233, 3234, 3235, 3236, 3249, 3250, 3251, 3252, 3253, 3254, 3296, 3297, 3298, 3980, 3981, 3982, 3987, 3988, 3990, 3991, 3992, 3995, 3996, 3999, 4000, 4001, 4003, 4004, 4005, 4007, 4008, 4009, 4012, 4013, 4016, 4017, 4018, 4020, 4021, 4022, 4025, 4026, 4027, 4029, 4030, 4031, 4032, 4034, 4035, 4036, 4039, 4040, 4041, 4042, 4044, 4045, 4046, 4047, 4048, 4049, 4050, 4051, 4052, 4053, 4054, 4055, 4056, 4057, 4058, 4059, 4060, 4061, 4062, 4063, 4064, 4065, 4066, 4067, 4068, 4069, 4072, 4087, 4088, 4089, 4090, 4092, 4093, 4094, 4107, 4108, 4137, 4138, 4139, 4140, 4141, 4142, 4143, 4144, 4145, 4146, 4147, 4171, 4172, 4173, 4174, 4175, 4176, 4177, 4178, 4179, 4180, 4181, 4788, 4797, 4798, 4799, 4800, 4805, 4806, 4807, 4808, 4809, 4810, 4814, 4815, 4816, 4817, 4818, 4819, 4823, 4824, 4825, 4826, 4827, 4828, 4831, 4832, 4835, 4836, 4837, 4845, 4846, 4847, 4853, 4854, 4855, 4856, 4857, 4858, 4883]
  Element ID: 14 (index 13, pid 1)
    detF: [-0.45639901986106074, -3.3736184271669445, -3.70169226768689, -0.7844728603810134]
    Nodes connectivity: [14, 15, 159, 158]
      Node 14: initial=[-35.5, 0.0], current=[-35.499990221519546, 0.05344159303836882], u=[9.778480451220526e-06, 0.05344159303836882]
      Node 15: initial=[-35.0, 0.0], current=[-34.99999044949851, 0.052657571244030546], u=[9.550501485349659e-06, 0.052657571244030546]
      Node 159: initial=[-35.0, 0.03], current=[-35.06373447567407, -0.07688187877014188], u=[-0.06373447567406854, -0.10688187877014188]
      Node 158: initial=[-35.5, 0.03], current=[-35.554948976179126, 0.07547160335321149], u=[-0.054948976179125045, 0.04547160335321149]
  Element ID: 15 (index 14, pid 1)
    detF: [-4.597248095579904, -5.284662765162114, -5.351122909995029, -4.663708240412817]
    Nodes connectivity: [15, 16, 160, 159]
      Node 15: initial=[-35.0, 0.0], current=[-34.99999044949851, 0.052657571244030546], u=[9.550501485349659e-06, 0.052657571244030546]
      Node 16: initial=[-34.5, 0.0], current=[-34.49999061131346, 0.05187385250534579], u=[9.3886865410925e-06, 0.05187385250534579]
      Node 160: initial=[-34.5, 0.03], current=[-34.567978685297724, -0.11337807079439613], u=[-0.0679786852977225, -0.14337807079439613]
      Node 159: initial=[-35.0, 0.03], current=[-35.06373447567407, -0.07688187877014188], u=[-0.06373447567406854, -0.10688187877014188]
  Element ID: 16 (index 15, pid 1)
    detF: [-4.8859620658581715, -3.402626552817873, -3.175738881326291, -4.659074394366582]
    Nodes connectivity: [16, 17, 161, 160]
      Node 16: initial=[-34.5, 0.0], current=[-34.49999061131346, 0.05187385250534579], u=[9.3886865410925e-06, 0.05187385250534579]
      Node 17: initial=[-34.0, 0.0], current=[-33.99999069716874, 0.051090472453114606], u=[9.302831259817277e-06, 0.051090472453114606]
      Node 161: initial=[-34.0, 0.03], current=[-34.07193647341009, -0.03707886264301952], u=[-0.07193647341008891, -0.06707886264301952]
      Node 160: initial=[-34.5, 0.03], current=[-34.567978685297724, -0.11337807079439613], u=[-0.0679786852977225, -0.14337807079439613]
  Element ID: 17 (index 16, pid 1)
    detF: [-1.8138619672367344, 0.8684636333197896, 1.2702736926147309, -1.412051907941783]
    Nodes connectivity: [17, 18, 162, 161]
      Node 17: initial=[-34.0, 0.0], current=[-33.99999069716874, 0.051090472453114606], u=[9.302831259817277e-06, 0.051090472453114606]
      Node 18: initial=[-33.5, 0.0], current=[-33.499990734193325, 0.05030731003264594], u=[9.265806676844489e-06, 0.05030731003264594]
      Node 162: initial=[-33.5, 0.03], current=[-33.57659988424825, 0.10152301629430288], u=[-0.07659988424825179, 0.07152301629430288]
      Node 161: initial=[-34.0, 0.03], current=[-34.07193647341009, -0.03707886264301952], u=[-0.07193647341008891, -0.06707886264301952]
  Element ID: 22 (index 21, pid 1)
    detF: [3.4465800582525223, -0.11825346331682723, -1.0566685254451227, 2.508164996124238]
    Nodes connectivity: [22, 23, 167, 166]
      Node 22: initial=[-31.5, 0.0], current=[-31.499991303994562, 0.047173136684644325], u=[8.69600543762317e-06, 0.047173136684644325]
      Node 23: initial=[-31.0, 0.0], current=[-30.999991553856912, 0.0463890121863808], u=[8.446143087115351e-06, 0.0463890121863808]
      Node 167: initial=[-31.0, 0.03], current=[-31.13311307639567, 0.014210083586693636], u=[-0.13311307639566872, -0.015789916413306362]
      Node 166: initial=[-31.5, 0.03], current=[-31.624531470632583, 0.20021502633807864], u=[-0.12453147063258377, 0.17021502633807864]

  *** ERROR: Line search failed to resolve residual explosion at iteration 8.
     1     6     2       0      50     0.0425     0.0000     0.0050   *** CUTBACK: line search collapsed (residual explosion) (Retrying step with smaller dt & target angle) ***
  *** STEP 6 FAILED (conv=-50, cutback 1/20). Cutting back dt to 0.00250s ***

----------------------------------------------------------------------------------------------------
Step 6 | Attempting time increment: dt = 0.00250s (t: 0.0425s -> 0.0450s)
----------------------------------------------------------------------------------------------------

  Nonlinear Iteration Summary (Newton-Raphson)
  ==========================================================================================================================
  Time increment dt: 2.500e-03
  Convergence Tol  : 1.0e-02 (Disp Ratio)     Max Iterations: 50
  --------------------------------------------------------------------------------------------------------------------------
  Iter   Max Res.Force  (Node/DOF)    Max Disp.Corr  (Node/DOF)    Max Disp.Incr  Disp.Ratio  Energy.Err  LS.alpha  TieNodes
  --------------------------------------------------------------------------------------------------------------------------
     1    1.7892e+02  N1(UY)         9.0001e-03  N669(UY)       7.9701e-03     1.21e-01    1.21e+00      1.00       122
     2    1.4482e-01  N144(UY)       6.6195e-03  N1075(UY)      8.0336e-03     8.97e-02    1.04e-05      1.00       122
     3    2.8092e-02  N5764(UY)      2.5099e-03  N4311(UY)      8.0266e-03     3.82e-02    3.61e-06      1.00       122
     4    6.8085e-02  N144(UY)       2.8111e-03  N1056(UY)      7.9681e-03     4.09e-02    1.11e-05      1.00       122
     5    2.4810e-01  N1(UY)         6.8985e-03  N1454(UY)      1.3685e-02     7.18e-02    2.05e-05      1.00       122
     6    1.3001e+00  N1(UY)         6.2796e-03  N5515(UY)      1.9874e-02     9.11e-02    7.39e-05      1.00       122
     7    3.3887e+00  N1(UY)         4.5440e-02  N80(UX)        4.9289e-02     3.62e-01    2.97e-04      1.00       122
     8    3.7630e+00  N5109(UY)      8.3988e-02  N257(UY)       1.0782e-01     5.57e-01    4.55e-03      1.00       122
     9    3.1510e+01  N144(UY)       1.1864e-02  N73(UX)        1.0782e-01     1.96e-01    1.12e-02      0.25       122
  [DIAGNOSTIC] Line search collapsed at iter 10. Inspecting element quality on trial step:

[DEBUG] Element inversion detected in element indexes: [8, 9, 23, 24, 25, 26, 27, 28, 29, 30, 31, 32, 33, 49, 50, 52, 53, 54, 752, 753, 754, 755, 769, 770, 783, 784, 785, 786, 787, 788, 789, 790, 791, 795, 796, 799, 800, 820, 823, 824, 899, 900, 901, 907, 943, 944, 1565, 1574, 1575, 1576, 1581, 1586, 1587, 1589, 1590, 1591, 1592, 1593, 1594, 1595, 1596, 1597, 1598, 1599, 1600, 1601, 1631, 1632, 1633, 1634, 1635, 1636, 1639, 1640, 1641, 1642, 1669, 1670, 1671, 1712, 1713, 1717, 1718, 1719, 1720, 1751, 1752, 1753, 1957, 2369, 2370, 2371, 2372, 2375, 2376, 2377, 2380, 2381, 2382, 2389, 2390, 2391, 2393, 2394, 2395, 2396, 2397, 2398, 2405, 2406, 2436, 2437, 2438, 2439, 2440, 2441, 2442, 2443, 2445, 2446, 2447, 2551, 2552, 2555, 2556, 2558, 2562, 2563, 2565, 3185, 3190, 3191, 3199, 3200, 3201, 3245, 3246, 3247, 3248, 3249, 3250, 3251, 3252, 3253, 3256, 3353, 3354, 3357, 3358, 3368, 3369, 3370, 3371, 3372, 3373, 3990, 3991, 3992, 4008, 4009, 4022, 4023, 4048, 4049, 4050, 4051, 4052, 4053, 4054, 4061, 4164, 4168, 4169, 4170, 4171, 4174, 4175, 4176, 4177, 4179, 4180, 4797, 4798, 4801, 4802, 4803, 4855, 4856, 4857, 4858, 4867, 4868, 4869, 4870, 4871, 4918, 4919, 4920, 4921, 4922, 4923, 4924, 4968, 4969, 4970, 4971, 4972, 4973, 4974, 4976, 4977]
  Element ID: 9 (index 8, pid 1)
    detF: [2.025091773825962, -0.5340394476262955, -0.5229115002423959, 2.036219721209856]
    Nodes connectivity: [9, 10, 154, 153]
      Node 9: initial=[-38.0, 0.0], current=[-37.999991944471745, 0.04897396876604761], u=[8.055528254293842e-06, 0.04897396876604761]
      Node 10: initial=[-37.5, 0.0], current=[-37.49999179195365, 0.04830463156094188], u=[8.208046354951939e-06, 0.04830463156094188]
      Node 154: initial=[-37.5, 0.03], current=[-37.49511074936749, 0.004053523000420521], u=[0.004889250632507203, -0.025946476999579478]
      Node 153: initial=[-38.0, 0.03], current=[-38.003246374400895, 0.1377100693522178], u=[-0.0032463744008981, 0.10771006935221779]
  Element ID: 10 (index 9, pid 1)
    detF: [-1.1803480850914805, -0.3550320612949037, -0.37583773361433676, -1.2011537574109126]
    Nodes connectivity: [10, 11, 155, 154]
      Node 10: initial=[-37.5, 0.0], current=[-37.49999179195365, 0.04830463156094188], u=[8.208046354951939e-06, 0.04830463156094188]
      Node 11: initial=[-37.0, 0.0], current=[-36.99999175313453, 0.0476354450302035], u=[8.246865470049375e-06, 0.0476354450302035]
      Node 155: initial=[-37.0, 0.03], current=[-36.987624475450694, 0.04625899233107498], u=[0.012375524549304415, 0.01625899233107498]
      Node 154: initial=[-37.5, 0.03], current=[-37.49511074936749, 0.004053523000420521], u=[0.004889250632507203, -0.025946476999579478]
  Element ID: 24 (index 23, pid 1)
    detF: [2.380206737094939, -0.6684801141137253, -1.0807332671595784, 1.967953584049082]
    Nodes connectivity: [24, 25, 169, 168]
      Node 24: initial=[-30.5, 0.0], current=[-30.49999347734452, 0.038938339231593316], u=[6.522655478474927e-06, 0.038938339231593316]
      Node 25: initial=[-30.0, 0.0], current=[-29.999992293476165, 0.03826773055639387], u=[7.706523834110217e-06, 0.03826773055639387]
      Node 169: initial=[-30.0, 0.03], current=[-30.10800801549812, -0.010591735887802087], u=[-0.10800801549811684, -0.040591735887802086]
      Node 168: initial=[-30.5, 0.03], current=[-30.477397175034096, 0.1483177346860472], u=[0.022602824965903184, 0.11831773468604719]
  Element ID: 25 (index 24, pid 1)
    detF: [-3.891542065224927, -8.813147430156041, -10.060812330101621, -5.139206965170498]
    Nodes connectivity: [25, 26, 170, 169]
      Node 25: initial=[-30.0, 0.0], current=[-29.999992293476165, 0.03826773055639387], u=[7.706523834110217e-06, 0.03826773055639387]
      Node 26: initial=[-29.5, 0.0], current=[-29.49999644906126, 0.03760156642540282], u=[3.5509387398817653e-06, 0.03760156642540282]
      Node 170: initial=[-29.5, 0.03], current=[-29.510228096884656, -0.26712442346056886], u=[-0.010228096884655064, -0.2971244234605689]
      Node 169: initial=[-30.0, 0.03], current=[-30.10800801549812, -0.010591735887802087], u=[-0.10800801549811684, -0.040591735887802086]
  Element ID: 26 (index 25, pid 1)
    detF: [-8.190395140816753, -3.9513093067477345, -2.8145029422670724, -7.053588776336108]
    Nodes connectivity: [26, 27, 171, 170]
      Node 26: initial=[-29.5, 0.0], current=[-29.49999644906126, 0.03760156642540282], u=[3.5509387398817653e-06, 0.03760156642540282]
      Node 27: initial=[-29.0, 0.0], current=[-28.999990725095103, 0.036928691609242045], u=[9.274904897890865e-06, 0.036928691609242045]
      Node 171: initial=[-29.0, 0.03], current=[-29.099745981806155, -0.04740998362445567], u=[-0.0997459818061559, -0.07740998362445567]
      Node 170: initial=[-29.5, 0.03], current=[-29.510228096884656, -0.26712442346056886], u=[-0.010228096884655064, -0.2971244234605689]

  *** ERROR: Line search failed to resolve residual explosion at iteration 10.
     1     6     3       0      50     0.0425     0.0000     0.0025   *** CUTBACK: line search collapsed (residual explosion) (Retrying step with smaller dt & target angle) ***
  *** STEP 6 FAILED (conv=-50, cutback 1/20). Cutting back dt to 0.00125s ***

----------------------------------------------------------------------------------------------------
Step 6 | Attempting time increment: dt = 0.00125s (t: 0.0425s -> 0.0438s)
----------------------------------------------------------------------------------------------------

  Nonlinear Iteration Summary (Newton-Raphson)
  ==========================================================================================================================
  Time increment dt: 1.250e-03
  Convergence Tol  : 1.0e-02 (Disp Ratio)     Max Iterations: 50
  --------------------------------------------------------------------------------------------------------------------------
  Iter   Max Res.Force  (Node/DOF)    Max Disp.Corr  (Node/DOF)    Max Disp.Incr  Disp.Ratio  Energy.Err  LS.alpha  TieNodes
  --------------------------------------------------------------------------------------------------------------------------
     1    7.4403e+01  N1(UY)         6.8971e-03  N670(UY)       6.2592e-03     1.01e-01    2.10e-01      1.00       122
     2    1.1560e-01  N144(UY)       5.2273e-03  N1072(UY)      3.9316e-03     8.00e-02    5.67e-06      1.00       122
     3    1.5262e-02  N5764(UY)      2.7969e-03  N5307(UY)      5.4880e-03     3.77e-02    1.34e-06      1.00       122
     4    5.4436e-02  N144(UY)       3.6570e-03  N1050(UY)      8.6795e-03     4.69e-02    2.63e-06      1.00       122
     5    1.4779e-01  N144(UY)       5.8905e-03  N1254(UY)      1.4154e-02     7.34e-02    6.72e-06      1.00       122
     6    1.9832e-01  N1(UY)         1.9647e-02  N1658(UY)      3.3767e-02     2.23e-01    1.38e-05      1.00       122
     7    4.3824e+00  N1(UY)         9.2498e-02  N62(UX)        9.2417e-02     3.00e-01    1.01e-03      1.00       122
  [DIAGNOSTIC] Line search collapsed at iter 8. Inspecting element quality on trial step:

[DEBUG] Element inversion detected in element indexes: [10, 11, 12, 13, 14, 15, 16, 17, 18, 19, 20, 21, 22, 23, 24, 25, 26, 27, 28, 29, 30, 31, 32, 33, 34, 35, 36, 37, 38, 39, 40, 41, 42, 43, 44, 45, 46, 47, 48, 49, 50, 51, 73, 786, 787, 788, 789, 790, 791, 792, 793, 794, 795, 796, 882, 883, 886, 887, 888]
  Element ID: 11 (index 10, pid 1)
    detF: [-0.08899709775951206, -0.1032299945800308, -0.10877198058460219, -0.0945390837640832]
    Nodes connectivity: [11, 12, 156, 155]
      Node 11: initial=[-37.0, 0.0], current=[-36.99999319353722, 0.043761486184518], u=[6.806462780353324e-06, 0.043761486184518]
      Node 12: initial=[-36.5, 0.0], current=[-36.49999328542253, 0.0431468458998708], u=[6.7145774661544245e-06, 0.0431468458998708]
      Node 156: initial=[-36.5, 0.03], current=[-36.69626111331719, 0.040195780923139475], u=[-0.19626111331718965, 0.010195780923139476]
      Node 155: initial=[-37.0, 0.03], current=[-37.19589532251898, 0.04154953481000693], u=[-0.1958953225189812, 0.01154953481000693]
  Element ID: 12 (index 11, pid 1)
    detF: [-0.10866444627768196, -0.11312920102244796, -0.11482095262206232, -0.11035619787729611]
    Nodes connectivity: [12, 13, 157, 156]
      Node 12: initial=[-36.5, 0.0], current=[-36.49999328542253, 0.0431468458998708], u=[6.7145774661544245e-06, 0.0431468458998708]
      Node 13: initial=[-36.0, 0.0], current=[-35.9999933793973, 0.04253221171040538], u=[6.620602696671938e-06, 0.04253221171040538]
      Node 157: initial=[-36.0, 0.03], current=[-36.19675622430006, 0.039349759737101996], u=[-0.1967562243000634, 0.009349759737101997]
      Node 156: initial=[-36.5, 0.03], current=[-36.69626111331719, 0.040195780923139475], u=[-0.19626111331718965, 0.010195780923139476]
  Element ID: 13 (index 12, pid 1)
    detF: [-0.120019745003289, -0.13159045549081239, -0.1360720176819082, -0.12450130719438415]
    Nodes connectivity: [13, 14, 158, 157]
      Node 13: initial=[-36.0, 0.0], current=[-35.9999933793973, 0.04253221171040538], u=[6.620602696671938e-06, 0.04253221171040538]
      Node 14: initial=[-35.5, 0.0], current=[-35.499993473121506, 0.04191757639702888], u=[6.526878496750597e-06, 0.04191757639702888]
      Node 158: initial=[-35.5, 0.03], current=[-35.6973011524771, 0.03813456230681857], u=[-0.19730115247710558, 0.008134562306818569]
      Node 157: initial=[-36.0, 0.03], current=[-36.19675622430006, 0.039349759737101996], u=[-0.1967562243000634, 0.009349759737101997]
  Element ID: 14 (index 13, pid 1)
    detF: [-0.14276893722171177, -0.15964476308074144, -0.16621989654801414, -0.1493440706889846]
    Nodes connectivity: [14, 15, 159, 158]
      Node 14: initial=[-35.5, 0.0], current=[-35.499993473121506, 0.04191757639702888], u=[6.526878496750597e-06, 0.04191757639702888]
      Node 15: initial=[-35.0, 0.0], current=[-34.99999356619809, 0.04130293908094211], u=[6.433801906718315e-06, 0.04130293908094211]
      Node 159: initial=[-35.0, 0.03], current=[-35.197845493319065, 0.03664370022336564], u=[-0.1978454933190683, 0.006643700223365641]
      Node 158: initial=[-35.5, 0.03], current=[-35.6973011524771, 0.03813456230681857], u=[-0.19730115247710558, 0.008134562306818569]
  Element ID: 15 (index 14, pid 1)
    detF: [-0.1729183526242123, -0.1915976721279683, -0.19888174283462007, -0.18020242333086428]
    Nodes connectivity: [15, 16, 160, 159]
      Node 15: initial=[-35.0, 0.0], current=[-34.99999356619809, 0.04130293908094211], u=[6.433801906718315e-06, 0.04130293908094211]
      Node 16: initial=[-34.5, 0.0], current=[-34.499993658891825, 0.04068830070745707], u=[6.341108176317092e-06, 0.04068830070745707]
      Node 160: initial=[-34.5, 0.03], current=[-34.69841480662924, 0.03505915548680028], u=[-0.19841480662923833, 0.005059155486800283]
      Node 159: initial=[-35.0, 0.03], current=[-35.197845493319065, 0.03664370022336564], u=[-0.1978454933190683, 0.006643700223365641]

  *** ERROR: Line search failed to resolve residual explosion at iteration 8.
     1     6     4       0      50     0.0425     0.0000     0.0013   *** CUTBACK: line search collapsed (residual explosion) (Retrying step with smaller dt & target angle) ***
  *** STEP 6 FAILED (conv=-50, cutback 1/20). Cutting back dt to 0.00063s ***

----------------------------------------------------------------------------------------------------
Step 6 | Attempting time increment: dt = 0.00063s (t: 0.0425s -> 0.0431s)
----------------------------------------------------------------------------------------------------

  Nonlinear Iteration Summary (Newton-Raphson)
  ==========================================================================================================================
  Time increment dt: 6.250e-04
  Convergence Tol  : 1.0e-02 (Disp Ratio)     Max Iterations: 50
  --------------------------------------------------------------------------------------------------------------------------
  Iter   Max Res.Force  (Node/DOF)    Max Disp.Corr  (Node/DOF)    Max Disp.Incr  Disp.Ratio  Energy.Err  LS.alpha  TieNodes
  --------------------------------------------------------------------------------------------------------------------------
     1    3.3966e+01  N1(UY)         3.0171e-03  N671(UY)       2.6995e-03     4.68e-02    4.36e-02      1.00       122
     2    5.8852e-02  N144(UY)       4.3407e-03  N1866(UY)      4.3206e-03     7.20e-02    3.99e-07      1.00       122
     3    3.9526e-02  N1(UY)         4.3186e-03  N1479(UY)      6.0599e-03     6.22e-02    4.70e-07      1.00       122
     4    1.5625e-02  N144(UY)       4.9799e-03  N4728(UY)      1.0182e-02     6.64e-02    1.46e-06      1.00       122
     5    6.5889e-02  N1(UY)         6.0669e-03  N1693(UY)      1.4815e-02     6.88e-02    2.98e-06      1.00       122
     6    2.2530e-01  N1(UY)         6.1698e-03  N77(UY)        1.8952e-02     6.09e-02    1.16e-05      1.00       122
     7    1.5028e-01  N1(UY)         4.2789e-02  N83(UX)        4.5544e-02     1.49e-01    4.58e-05      1.00       122
     8    8.9049e-01  N1(UY)         4.5398e-02  N78(UX)        5.1467e-02     1.90e-01    5.06e-04      1.00       122
     9    5.0395e+00  N1(UY)         1.0920e-02  N70(UY)        5.1469e-02     1.16e-01    4.03e-03      1.00       122
    10    2.1949e+00  N1(UY)         4.9212e-02  N2879(UY)      9.3134e-02     7.28e-01    9.23e-04      0.50       122
  [DIAGNOSTIC] Line search collapsed at iter 11. Inspecting element quality on trial step:

[DEBUG] Element inversion detected in element indexes: [40, 41, 43, 46, 47, 60, 61, 139, 140, 141, 748, 749, 750, 751, 755, 756, 757, 759, 760, 761, 763, 764, 765, 767, 768, 793, 827, 828, 829, 830, 831, 832, 859, 860, 861, 866, 1558, 1559, 1560, 1561, 1564, 1565, 1568, 1569, 1576, 1577, 1579, 1580, 1582, 1583, 1585, 1586, 1588, 1591, 1594, 1602, 1606, 1607, 1633, 1634, 1635, 1636, 1637, 1638, 1649, 1650, 1653, 1654, 1661, 1663, 1664, 1666, 1667, 1668, 1669, 1673, 1674, 1675, 1676, 1683, 1684, 1685, 2365, 2366, 2367, 2370, 2371, 2372, 2374, 2375, 2377, 2378, 2383, 2385, 2386, 2388, 2389, 2391, 2392, 2394, 2395, 2397, 2398, 2400, 2401, 2403, 2404, 2406, 2407, 2408, 2409, 2412, 2413, 2418, 2432, 2433, 2436, 2437, 2439, 2440, 2441, 2442, 2443, 2444, 2445, 2446, 2447, 2452, 2453, 2454, 2455, 2458, 2459, 2460, 2463, 2464, 2465, 2466, 2470, 2471, 2473, 2474, 2476, 2477, 2478, 2479, 2484, 2485, 2486, 2487, 2488, 2489, 2508, 2509, 3172, 3232, 3233, 3247, 3248, 3249, 3250, 3251, 3252, 3255, 3256, 3257, 3258, 3259, 3261, 3262, 3263, 3264, 3265, 3266, 3268, 3269, 3272, 3273, 3274, 3275, 3277, 3278, 3279, 3280, 3281, 3282, 3283, 3284, 3287, 3288, 3289, 3290, 3291, 3298, 3299, 3300, 3301, 3303, 3856, 3857, 3858, 3859, 3860, 3980, 3983, 3984, 3985, 3986, 3991, 3992, 4035, 4039, 4040, 4043, 4046, 4047, 4051, 4052, 4055, 4056, 4057, 4058, 4060, 4061, 4067, 4070, 4071, 4075, 4076, 4077, 4078, 4079, 4080, 4081, 4082, 4083, 4084, 4085, 4086, 4087, 4088, 4089, 4093, 4094, 4095, 4096, 4097, 4098, 4099, 4100, 4109, 4110, 4111, 4112, 4126, 4127, 4128, 4788, 4789, 4790, 4795, 4796, 4797, 4798, 4800, 4801, 4802, 4803, 4805, 4806, 4811, 4812, 4814, 4815, 4816, 4817, 4823, 4825, 4826, 4845, 4846, 4851, 4852, 4853, 4855, 4856, 4866, 4879, 4880, 4881, 4882, 4883, 4884, 4885, 4886, 4887, 4888, 4889, 4890, 4891, 4892, 4893, 4894, 4895, 4896, 4899, 4900, 4901, 4902, 4903, 4904, 4911, 4912, 4913, 4914, 4915, 4916]
  Element ID: 41 (index 40, pid 1)
    detF: [-0.02432713655925655, -0.2642580355270923, -0.32243093338935186, -0.08250003442151438]
    Nodes connectivity: [41, 42, 186, 185]
      Node 41: initial=[-22.0, 0.0], current=[-21.999996501169974, 0.024133717408980872], u=[3.498830025904073e-06, 0.024133717408980872]
      Node 42: initial=[-21.5, 0.0], current=[-21.499996576196473, 0.023547891865474742], u=[3.4238035274166283e-06, 0.023547891865474742]
      Node 186: initial=[-21.5, 0.03], current=[-21.6137626054719, 0.013757602050093638], u=[-0.11376260547190253, -0.01624239794990636]
      Node 185: initial=[-22.0, 0.03], current=[-22.12313767028016, 0.026821589078302545], u=[-0.12313767028015665, -0.003178410921697454]
  Element ID: 42 (index 41, pid 1)
    detF: [-0.22676024392006178, 0.00792387929315901, 0.05744210124899803, -0.17724202196422317]
    Nodes connectivity: [42, 43, 187, 186]
      Node 42: initial=[-21.5, 0.0], current=[-21.499996576196473, 0.023547891865474742], u=[3.4238035274166283e-06, 0.023547891865474742]
      Node 43: initial=[-21.0, 0.0], current=[-20.99999666076892, 0.022962139231508097], u=[3.339231077892564e-06, 0.022962139231508097]
      Node 187: initial=[-21.0, 0.03], current=[-21.103604646896155, 0.025354496029751105], u=[-0.10360464689615383, -0.004645503970248894]
      Node 186: initial=[-21.5, 0.03], current=[-21.6137626054719, 0.013757602050093638], u=[-0.11376260547190253, -0.01624239794990636]
  Element ID: 44 (index 43, pid 1)
    detF: [0.2341842998651268, -0.11379839325729507, -0.17820379058631397, 0.16977890253610656]
    Nodes connectivity: [44, 45, 189, 188]
      Node 44: initial=[-20.5, 0.0], current=[-20.4999967484181, 0.022376372736224344], u=[3.2515819012716306e-06, 0.022376372736224344]
      Node 45: initial=[-20.0, 0.0], current=[-19.99999682369636, 0.021790550730450317], u=[3.176303639918358e-06, 0.021790550730450317]
      Node 189: initial=[-20.0, 0.03], current=[-20.08975640661431, 0.01536786941765338], u=[-0.08975640661431096, -0.014632130582346619]
      Node 188: initial=[-20.5, 0.03], current=[-20.597460894188327, 0.03404443229131444], u=[-0.09746089418832661, 0.004044432291314438]
  Element ID: 47 (index 46, pid 1)
    detF: [-0.6008370091970647, -1.7229323278948137, -1.894838977566915, -0.7727436588691692]
    Nodes connectivity: [47, 48, 192, 191]
      Node 47: initial=[-19.0, 0.0], current=[-18.99999695721327, 0.020618783610453863], u=[3.042786731897439e-06, 0.020618783610453863]
      Node 48: initial=[-18.5, 0.0], current=[-18.499997022523132, 0.02003273098477406], u=[2.977476869133463e-06, 0.02003273098477406]
      Node 192: initial=[-18.5, 0.03], current=[-18.561437379035414, -0.04201702813002475], u=[-0.061437379035413416, -0.07201702813002475]
      Node 191: initial=[-19.0, 0.03], current=[-19.075666418125284, 0.01689149320929983], u=[-0.07566641812528274, -0.013108506790700167]
  Element ID: 48 (index 47, pid 1)
    detF: [-1.6428505402540128, -0.5604834222246111, -0.47388164254942877, -1.5562487605788262]
    Nodes connectivity: [48, 49, 193, 192]
      Node 48: initial=[-18.5, 0.0], current=[-18.499997022523132, 0.02003273098477406], u=[2.977476869133463e-06, 0.02003273098477406]
      Node 49: initial=[-18.0, 0.0], current=[-17.99999712954788, 0.019447287129643217], u=[2.8704521219034806e-06, 0.019447287129643217]
      Node 193: initial=[-18.0, 0.03], current=[-18.042031787724135, 0.01361626338081037], u=[-0.04203178772413275, -0.01638373661918963]
      Node 192: initial=[-18.5, 0.03], current=[-18.561437379035414, -0.04201702813002475], u=[-0.061437379035413416, -0.07201702813002475]

  *** ERROR: Line search failed to resolve residual explosion at iteration 11.
     1     6     5       0      50     0.0425     0.0000     0.0006   *** CUTBACK: line search collapsed (residual explosion) (Retrying step with smaller dt & target angle) ***
  *** STEP 6 FAILED (conv=-50, cutback 1/20). Cutting back dt to 0.00031s ***

----------------------------------------------------------------------------------------------------
Step 6 | Attempting time increment: dt = 0.00031s (t: 0.0425s -> 0.0428s)
----------------------------------------------------------------------------------------------------

  Nonlinear Iteration Summary (Newton-Raphson)
  ==========================================================================================================================
  Time increment dt: 3.125e-04
  Convergence Tol  : 1.0e-02 (Disp Ratio)     Max Iterations: 50
  --------------------------------------------------------------------------------------------------------------------------
  Iter   Max Res.Force  (Node/DOF)    Max Disp.Corr  (Node/DOF)    Max Disp.Incr  Disp.Ratio  Energy.Err  LS.alpha  TieNodes
  --------------------------------------------------------------------------------------------------------------------------
     1    1.6248e+01  N1(UY)         8.7789e-04  N471(UY)       9.4797e-04     1.52e-02    9.98e-03      1.00       122
     2    2.5639e-02  N144(UY)       4.0290e-03  N2861(UY)      3.4777e-03     6.62e-02    3.58e-06      1.00       122
     3    1.1430e-01  N1(UY)         6.9743e-03  N662(UY)       7.0352e-03     1.18e-01    3.59e-06      1.00       122
     4    1.2671e-01  N144(UY)       1.4103e-02  N429(UY)       1.4734e-02     2.10e-01    2.15e-05      1.00       122
     5    1.5620e-01  N144(UY)       4.0203e-02  N648(UY)       5.2638e-02     4.54e-01    3.00e-05      1.00       122
     6    2.3319e+00  N144(UY)       4.8226e-02  N79(UX)        1.1083e-01     1.93e-01    1.38e-04      0.50       122
     7    7.0748e+05  N283(UY)       1.2318e-01  N67(UX)        1.1660e-01     2.14e-01    4.84e-01      1.00       122
     8    9.1065e+06  N283(UX)       2.7679e-02  N2286(UY)      1.8063e-01     6.27e-01    8.54e-02      0.25       122
  [DIAGNOSTIC] Line search collapsed at iter 9. Inspecting element quality on trial step:

[DEBUG] Element inversion detected in element indexes: [3, 422, 622, 624, 752, 753, 816, 817, 824, 825, 826, 827, 828, 829, 830, 831, 832, 833, 834, 835, 836, 837, 838, 1017, 1018, 1219, 1220, 1422, 1556, 1560, 1561, 1562, 1575, 1576, 1577, 1583, 1584, 1585, 1586, 1592, 1623, 1626, 1632, 1633, 1634, 2366, 2367, 2368, 2371, 2372, 2373, 2374, 2375, 2376, 2377, 2378, 2379, 2380, 2382, 2383, 2401, 2473, 2676, 2677, 2678, 2878, 2879, 2880, 3080, 3082, 3172, 3173, 3174, 3177, 3178, 3179, 3180, 3181, 3182, 3183, 3184, 3185, 3186, 3214, 3215, 3281, 3282, 3283, 3284, 3285, 3483, 3980, 3981, 3982, 3985, 3986, 3987, 3988, 4024, 4025, 4029, 4030, 4042, 4043, 4044, 4045, 4046, 4047, 4259, 4260, 4261, 4262, 4461, 4462, 4463, 4464, 4663, 4664, 4665, 4666, 4788, 4792, 4793, 4794, 4795, 4796, 4815, 4816, 4817, 4818, 4819, 4820, 4821, 4822, 4823, 4824, 4825, 4842, 4843, 4844, 4845, 4846, 4847, 4848, 4866]
  Element ID: 4 (index 3, pid 1)
    detF: [-0.2861961480030604, -0.14431900787501922, -0.1650592107214015, -0.3069363508494425]
    Nodes connectivity: [4, 5, 149, 148]
      Node 4: initial=[-39.25, 0.0], current=[-39.2499926443206, 0.04371306451478537], u=[7.355679402100495e-06, 0.04371306451478537]
      Node 5: initial=[-39.0, 0.0], current=[-38.99999419603645, 0.043424440328959014], u=[5.803963555483788e-06, 0.043424440328959014]
      Node 149: initial=[-39.0, 0.03], current=[-38.97183543252867, 0.04084800725911209], u=[0.028164567471326736, 0.010848007259112093]
      Node 148: initial=[-39.25, 0.03], current=[-39.24613930828007, 0.03379249394370579], u=[0.0038606917199266455, 0.003792493943705788]
  Element ID: 423 (index 422, pid 2)
    detF: [-0.6210700568155583, 3.1265941470668954, 3.3340959377123016, -0.4135682661701525]
    Nodes connectivity: [426, 427, 630, 629]
      Node 426: initial=[-5.75, 0.05], current=[-5.807087248449042, 0.6386363714771421], u=[-0.057087248449041894, 0.5886363714771421]
      Node 427: initial=[-5.5, 0.05], current=[-5.505110592828424, 0.2910845963325404], u=[-0.005110592828423974, 0.2410845963325404]
      Node 630: initial=[-5.5, 0.07], current=[-5.451312119784193, 0.3023906451579513], u=[0.048687880215806834, 0.23239064515795127]
      Node 629: initial=[-5.75, 0.07], current=[-5.856795218732399, 0.6615927382916009], u=[-0.10679521873239911, 0.5915927382916009]
  Element ID: 623 (index 622, pid 2)
    detF: [-0.6201930965826851, 1.5565010482688566, 0.9808525447039532, -1.1958416001475887]
    Nodes connectivity: [627, 628, 831, 830]
      Node 627: initial=[-6.25, 0.07], current=[-6.178962822295338, -0.5309518748321091], u=[0.07103717770466186, -0.6009518748321091]
      Node 628: initial=[-6.0, 0.07], current=[-6.063522438528578, -0.43709193704617283], u=[-0.06352243852857781, -0.5070919370461728]
      Node 831: initial=[-6.0, 0.09], current=[-6.170326571978852, -0.4128801969651056], u=[-0.1703265719788521, -0.5028801969651056]
      Node 830: initial=[-6.25, 0.09], current=[-6.0838240401495165, -0.505842483221515], u=[0.16617595985048345, -0.595842483221515]
  Element ID: 625 (index 624, pid 2)
    detF: [-0.6227487146022106, 3.7234252427210306, 3.9243698357546632, -0.42180412156857305]
    Nodes connectivity: [629, 630, 833, 832]
      Node 629: initial=[-5.75, 0.07], current=[-5.856795218732399, 0.6615927382916009], u=[-0.10679521873239911, 0.5915927382916009]
      Node 630: initial=[-5.5, 0.07], current=[-5.451312119784193, 0.3023906451579513], u=[0.048687880215806834, 0.23239064515795127]
      Node 833: initial=[-5.5, 0.09], current=[-5.387691480435292, 0.31065425876080316], u=[0.11230851956470796, 0.22065425876080316]
      Node 832: initial=[-5.75, 0.09], current=[-5.911489266105968, 0.6818418392518466], u=[-0.16148926610596823, 0.5918418392518466]
  Element ID: 753 (index 752, pid 3)
    detF: [1.8106402970364244, -0.17704188183295447, -0.4044357245556126, 1.5832464543137734]
    Nodes connectivity: [758, 759, 962, 961]
      Node 758: initial=[-39.0, 0.09], current=[-39.00394107435485, 0.10042098668095223], u=[-0.003941074354849961, 0.010420986680952225]
      Node 759: initial=[-38.75, 0.09], current=[-38.725149098136455, 0.15479190037991816], u=[0.024850901863547957, 0.06479190037991817]
      Node 962: initial=[-38.75, 0.12], current=[-38.76508297543782, 0.12490803323715674], u=[-0.015082975437818879, 0.004908033237156745]
      Node 961: initial=[-39.0, 0.12], current=[-39.0101760648727, 0.16972572806059816], u=[-0.010176064872703585, 0.04972572806059815]

  *** ERROR: Line search failed to resolve residual explosion at iteration 9.
     1     6     6       0      50     0.0425     0.0000     0.0003   *** CUTBACK: line search collapsed (residual explosion) (Retrying step with smaller dt & target angle) ***
  *** STEP 6 FAILED (conv=-50, cutback 1/20). Cutting back dt to 0.00016s ***

----------------------------------------------------------------------------------------------------
Step 6 | Attempting time increment: dt = 0.00016s (t: 0.0425s -> 0.0427s)
----------------------------------------------------------------------------------------------------

  Nonlinear Iteration Summary (Newton-Raphson)
  ==========================================================================================================================
  Time increment dt: 1.563e-04
  Convergence Tol  : 1.0e-02 (Disp Ratio)     Max Iterations: 50
  --------------------------------------------------------------------------------------------------------------------------
  Iter   Max Res.Force  (Node/DOF)    Max Disp.Corr  (Node/DOF)    Max Disp.Incr  Disp.Ratio  Energy.Err  LS.alpha  TieNodes
  --------------------------------------------------------------------------------------------------------------------------
     1    7.9573e+00  N1(UY)         2.0202e-04  N274(UY)       4.7233e-04     4.61e-03    2.39e-03      1.00       122
     2    1.1682e-02  N144(UY)       2.4801e-04  N477(UY)       4.8382e-04     6.18e-03    2.72e-07      1.00       122
  ---------------------------------------------------------------------------------------------------------------------
  => Increment Converged. (Time: 22.12 s)

     1     6     7       0       1     0.0427     0.0002     0.0002

  [MONITOR] Step   6 | Time 0.0427s / 1.0s (  4.3%)
            Fold Angle: Target +-  0.07deg | Actual [-0.07deg, +0.07deg]
            Plate Tips Y: Left= -0.46mm | Right= -0.46mm | Max Disp=  0.04mm
            Newton Iters:  1 | dt: 0.00016s
            [DIAGNOSTIC] display/plate max|u| ratio=1.0000 (display=0.044mm, plate=0.000mm)
            [DIAGNOSTIC] Real tie gap (not just active-pair count): DISPLAY_BOT_L_PLATE_L_TOP_TIE: max_gap=0.0000mm mean=0.0000mm n=61 | DISPLAY_BOT_R_PLATE_R_TOP_TIE: max_gap=0.0000mm mean=0.0000mm n=61

[PNG] Deformed shape saved: D:\PythonCodeStudy\WHT_DispFoldSolver\examples\ex12_final_folding_shape.png
----------------------------------------------------------------------------------------------------
Step 7 | Attempting time increment: dt = 0.00023s (t: 0.0427s -> 0.0429s)
----------------------------------------------------------------------------------------------------

  Nonlinear Iteration Summary (Newton-Raphson)
  ==========================================================================================================================
  Time increment dt: 2.344e-04
  Convergence Tol  : 1.0e-02 (Disp Ratio)     Max Iterations: 50
  --------------------------------------------------------------------------------------------------------------------------
  Iter   Max Res.Force  (Node/DOF)    Max Disp.Corr  (Node/DOF)    Max Disp.Incr  Disp.Ratio  Energy.Err  LS.alpha  TieNodes
  --------------------------------------------------------------------------------------------------------------------------
     1    3.4601e+01  N1(UY)         2.4338e-03  N472(UY)       1.7306e-03     4.66e-02    4.52e-02      1.00       122
     2    1.0052e-01  N144(UY)       2.5398e-03  N2299(UY)      1.6875e-03     4.33e-02    4.62e-06      1.00       122
     3    6.2151e-02  N1(UY)         1.4735e-03  N1234(UY)      7.5773e-04     2.28e-02    3.30e-06      1.00       122
     4    2.8266e-02  N1(UY)         2.2179e-04  N78(UX)        7.1470e-04     3.49e-03    2.37e-06      1.00       122
  ---------------------------------------------------------------------------------------------------------------------
  => Increment Converged. (Time: 41.69 s)

     1     7     1       0       3     0.0429     0.0002     0.0002

  [MONITOR] Step   7 | Time 0.0429s / 1.0s (  4.3%)
            Fold Angle: Target +-  0.07deg | Actual [-0.07deg, +0.07deg]
            Plate Tips Y: Left= -0.46mm | Right= -0.46mm | Max Disp=  0.04mm
            Newton Iters:  3 | dt: 0.00023s
            [DIAGNOSTIC] display/plate max|u| ratio=1.0000 (display=0.045mm, plate=0.000mm)
            [DIAGNOSTIC] Real tie gap (not just active-pair count): DISPLAY_BOT_L_PLATE_L_TOP_TIE: max_gap=0.0000mm mean=0.0000mm n=61 | DISPLAY_BOT_R_PLATE_R_TOP_TIE: max_gap=0.0000mm mean=0.0000mm n=61

[PNG] Deformed shape saved: D:\PythonCodeStudy\WHT_DispFoldSolver\examples\ex12_final_folding_shape.png
----------------------------------------------------------------------------------------------------
Step 8 | Attempting time increment: dt = 0.00035s (t: 0.0429s -> 0.0432s)
----------------------------------------------------------------------------------------------------

  Nonlinear Iteration Summary (Newton-Raphson)
  ==========================================================================================================================
  Time increment dt: 3.516e-04
  Convergence Tol  : 1.0e-02 (Disp Ratio)     Max Iterations: 50
  --------------------------------------------------------------------------------------------------------------------------
  Iter   Max Res.Force  (Node/DOF)    Max Disp.Corr  (Node/DOF)    Max Disp.Incr  Disp.Ratio  Energy.Err  LS.alpha  TieNodes
  --------------------------------------------------------------------------------------------------------------------------
     1    6.4629e+01  N1(UY)         1.8175e-02  N1482(UY)      1.7114e-02     2.67e-01    1.57e-01      1.00       122
     2    3.4000e-01  N144(UY)       1.0808e-02  N662(UY)       2.7076e-02     1.29e-01    1.40e-04      1.00       122
     3    5.2045e-01  N144(UY)       2.2769e-02  N79(UX)        4.2061e-02     3.00e-01    1.45e-04      1.00       122
     4    2.6840e+01  N144(UY)       9.0107e-02  N66(UX)        1.8692e-01     8.77e-01    1.28e-02      0.50       122
  [DIAGNOSTIC] Line search collapsed at iter 5. Inspecting element quality on trial step:

[DEBUG] Element inversion detected in element indexes: [70, 108, 109, 111, 112, 114, 115, 116, 119, 120, 125, 126, 131, 132, 134, 135, 136, 137, 138, 749, 750, 751, 756, 757, 758, 762, 763, 783, 784, 787, 788, 789, 790, 791, 792, 793, 794, 795, 796, 797, 798, 799, 800, 890, 891, 894, 895, 896, 898, 899, 900, 903, 904, 908, 909, 910, 913, 914, 915, 918, 921, 922, 930, 931, 941, 942, 945, 946, 947, 1556, 1567, 1568, 1569, 1570, 1573, 1574, 1575, 1576, 1577, 1578, 1579, 1581, 1582, 1583, 1584, 1585, 1586, 1587, 1592, 1593, 1594, 1595, 1597, 1598, 1600, 1601, 1602, 1603, 1604, 1605, 1606, 1610, 1611, 1625, 1626, 1627, 1630, 1631, 1632, 1633, 1634, 1635, 1636, 1637, 1655, 1659, 1660, 1661, 1662, 1699, 1700, 1701, 1712, 1713, 1714, 1723, 1724, 1727, 1728, 1729, 1730, 1731, 1734, 1735, 1737, 1738, 1739, 1740, 1741, 1742, 2364, 2365, 2366, 2367, 2368, 2369, 2370, 2371, 2374, 2375, 2376, 2377, 2378, 2385, 2393, 2394, 2400, 2401, 2402, 2403, 2405, 2406, 2407, 2408, 2415, 2416, 2422, 2423, 2431, 2432, 2433, 2436, 2437, 2438, 2439, 2440, 2441, 2442, 2443, 2444, 2445, 2449, 2451, 2452, 2453, 2463, 2464, 2465, 2498, 2500, 2501, 2502, 2509, 2513, 2514, 2517, 2518, 2519, 2521, 2522, 2523, 2532, 2533, 2534, 2537, 2538, 2540, 2541, 2562, 2563, 2564, 2565, 3172, 3176, 3177, 3178, 3183, 3184, 3185, 3188, 3191, 3192, 3195, 3196, 3199, 3200, 3203, 3204, 3207, 3208, 3209, 3211, 3212, 3214, 3215, 3218, 3219, 3222, 3223, 3225, 3226, 3238, 3239, 3241, 3242, 3243, 3244, 3245, 3246, 3249, 3252, 3253, 3254, 3256, 3257, 3258, 3268, 3269, 3270, 3273, 3274, 3275, 3315, 3316, 3341, 3342, 3348, 3349, 3984, 3985, 3986, 3987, 3988, 3989, 3990, 3995, 3996, 3997, 3998, 4004, 4005, 4006, 4007, 4011, 4012, 4013, 4014, 4019, 4020, 4049, 4050, 4051, 4052, 4053, 4054, 4055, 4056, 4062, 4063, 4064, 4066, 4075, 4076, 4077, 4078, 4079, 4080, 4089, 4090, 4109, 4110, 4148, 4149, 4150, 4151, 4152, 4153, 4154, 4155, 4156, 4157, 4158, 4159, 4160, 4788, 4789, 4790, 4791, 4792, 4793, 4796, 4797, 4798, 4799, 4801, 4802, 4803, 4805, 4806, 4809, 4810, 4811, 4816, 4817, 4818, 4821, 4822, 4823, 4825, 4826, 4829, 4830, 4832, 4833, 4836, 4837, 4840, 4857, 4864, 4865, 4870, 4871, 4872, 4874, 4875, 4878, 4879, 4880, 4881, 4882, 4885, 4886, 4893, 4894, 4895, 4896, 4899, 4900, 4919, 4920, 4921, 4947, 4948, 4951, 4952, 4953]
  Element ID: 71 (index 70, pid 1)
    detF: [-1.4154191598489207, -4.595823810910888, -3.848323557474449, -0.6679189064124778]
    Nodes connectivity: [71, 72, 216, 215]
      Node 71: initial=[-7.75, 0.0], current=[-7.8709339894518955, -0.025164585506308294], u=[-0.12093398945189524, -0.025164585506308294]
      Node 72: initial=[-7.5, 0.0], current=[-7.63884724333242, 0.13194919194663712], u=[-0.13884724333242027, 0.13194919194663712]
      Node 216: initial=[-7.5, 0.03], current=[-7.569996449069265, -0.01641825311636036], u=[-0.06999644906926486, -0.04641825311636036]
      Node 215: initial=[-7.75, 0.03], current=[-7.8151416001527885, -0.0043581606388626015], u=[-0.06514160015278818, -0.0343581606388626]
  Element ID: 109 (index 108, pid 1)
    detF: [0.31456597409194165, -0.8165338033686471, -0.8219539582265304, 0.30914581923405826]
    Nodes connectivity: [110, 111, 314, 313]
      Node 110: initial=[25.0, 0.0], current=[24.999996022176816, 0.02800720930995853], u=[-3.977823184949939e-06, 0.02800720930995853]
      Node 111: initial=[25.5, 0.0], current=[25.49999569414568, 0.02860137759906872], u=[-4.305854318975019e-06, 0.02860137759906872]
      Node 314: initial=[25.5, 0.03], current=[25.49589467220616, -0.008260354231812983], u=[-0.004105327793841316, -0.03826035423181298]
      Node 313: initial=[25.0, 0.03], current=[24.99861396523739, 0.049922415575720344], u=[-0.0013860347626106634, 0.019922415575720345]
  Element ID: 110 (index 109, pid 1)
    detF: [-0.13131078298133486, 2.866038019290276, 2.8664323275194974, -0.13091647475211846]
    Nodes connectivity: [111, 112, 315, 314]
      Node 111: initial=[25.5, 0.0], current=[25.49999569414568, 0.02860137759906872], u=[-4.305854318975019e-06, 0.02860137759906872]
      Node 112: initial=[26.0, 0.0], current=[25.999995246316793, 0.0291952968860439], u=[-4.753683207266641e-06, 0.0291952968860439]
      Node 315: initial=[26.0, 0.03], current=[26.01294606304099, 0.1481007718071982], u=[0.012946063040988576, 0.11810077180719819]
      Node 314: initial=[25.5, 0.03], current=[25.49589467220616, -0.008260354231812983], u=[-0.004105327793841316, -0.03826035423181298]
  Element ID: 112 (index 111, pid 1)
    detF: [1.6463482999953278, -4.531430064277357, -4.958831602305482, 1.2189467619671983]
    Nodes connectivity: [113, 114, 317, 316]
      Node 113: initial=[26.5, 0.0], current=[26.499995894659385, 0.029785515360552302], u=[-4.105340615469237e-06, 0.029785515360552302]
      Node 114: initial=[27.0, 0.0], current=[26.999995738288973, 0.030381866326398378], u=[-4.261711025497872e-06, 0.030381866326398378]
      Node 317: initial=[27.0, 0.03], current=[26.966760230905223, -0.1687442579228124], u=[-0.03323976909477552, -0.1987442579228124]
      Node 316: initial=[26.5, 0.03], current=[26.464573442541813, 0.15166366327387365], u=[-0.03542655745818905, 0.12166366327387367]
  Element ID: 113 (index 112, pid 1)
    detF: [-4.9545492479609825, -0.20348878024801884, -0.3601354490304559, -5.11119591674342]
    Nodes connectivity: [114, 115, 318, 317]
      Node 114: initial=[27.0, 0.0], current=[26.999995738288973, 0.030381866326398378], u=[-4.261711025497872e-06, 0.030381866326398378]
      Node 115: initial=[27.5, 0.0], current=[27.499995894976784, 0.03097677577079437], u=[-4.105023215351087e-06, 0.03097677577079437]
      Node 318: initial=[27.5, 0.03], current=[27.528415597417272, 0.07879627626541072], u=[0.028415597417272568, 0.048796276265410714]
      Node 317: initial=[27.0, 0.03], current=[26.966760230905223, -0.1687442579228124], u=[-0.03323976909477552, -0.1987442579228124]

  *** ERROR: Line search failed to resolve residual explosion at iteration 5.
     1     8     1       0      50     0.0429     0.0000     0.0004   *** CUTBACK: line search collapsed (residual explosion) (Retrying step with smaller dt & target angle) ***
  *** STEP 8 FAILED (conv=-50, cutback 1/20). Cutting back dt to 0.00018s ***

----------------------------------------------------------------------------------------------------
Step 8 | Attempting time increment: dt = 0.00018s (t: 0.0429s -> 0.0431s)
----------------------------------------------------------------------------------------------------

  Nonlinear Iteration Summary (Newton-Raphson)
  ==========================================================================================================================
  Time increment dt: 1.758e-04
  Convergence Tol  : 1.0e-02 (Disp Ratio)     Max Iterations: 50
  --------------------------------------------------------------------------------------------------------------------------
  Iter   Max Res.Force  (Node/DOF)    Max Disp.Corr  (Node/DOF)    Max Disp.Incr  Disp.Ratio  Energy.Err  LS.alpha  TieNodes
  --------------------------------------------------------------------------------------------------------------------------
     1    1.9431e+01  N1(UY)         4.9215e-03  N2910(UY)      5.3181e-03     9.28e-02    1.42e-02      1.00       122
     2    2.4990e-01  N144(UY)       1.0613e-02  N1860(UY)      8.6144e-03     1.92e-01    5.34e-07      1.00       122
     3    2.8011e-01  N1(UY)         2.2429e-02  N72(UY)        3.0532e-02     2.99e-01    7.51e-05      1.00       122
     4    7.3405e-01  N1(UY)         1.5175e-01  N67(UX)        1.5578e-01     7.23e-01    1.41e-03      1.00       122
     5    5.5201e+07  N68(UX)        4.8486e-02  N4877(UY)      1.5578e-01     4.51e-01    2.19e+00      1.00       122
  [DIAGNOSTIC] Line search collapsed at iter 6. Inspecting element quality on trial step:

[DEBUG] Element inversion detected in element indexes: [1, 2, 3, 4, 5, 6, 12, 13, 20, 21, 27, 28, 29, 33, 34, 35, 37, 38, 39, 40, 41, 42, 43, 44, 45, 46, 748, 749, 752, 753, 754, 755, 756, 757, 763, 764, 765, 771, 772, 773, 777, 778, 783, 784, 1589, 1593, 2384, 2385, 2386, 2387, 2388, 2389, 2390, 2391, 2392, 2393, 2394, 2395, 2396, 2397, 2398, 2399, 2400, 2401, 2402, 2403, 2404, 2405, 2406, 3172, 3173, 3174, 3175, 3176, 3177, 3178, 3179, 3180, 3181, 3182, 3183, 3184]
  Element ID: 2 (index 1, pid 1)
    detF: [1.55269797387155, -0.23859119952054772, 0.010749596775743053, 1.8020387701678435]
    Nodes connectivity: [2, 3, 147, 146]
      Node 2: initial=[-39.75, 0.0], current=[-39.749993158658036, 0.04508586619555791], u=[6.8413419655396656e-06, 0.04508586619555791]
      Node 3: initial=[-39.5, 0.0], current=[-39.49999320762294, 0.04479184147878362], u=[6.792377055266133e-06, 0.04479184147878362]
      Node 147: initial=[-39.5, 0.03], current=[-39.46176420818258, 0.015181466351863057], u=[0.03823579181742395, -0.014818533648136942]
      Node 146: initial=[-39.75, 0.03], current=[-39.72256231600167, 0.10856632478223006], u=[0.02743768399832679, 0.07856632478223007]
  Element ID: 3 (index 2, pid 1)
    detF: [-1.15130593654696, -1.6625857354384985, -1.6042579857370625, -1.092978186845526]
    Nodes connectivity: [3, 4, 148, 147]
      Node 3: initial=[-39.5, 0.0], current=[-39.49999320762294, 0.04479184147878362], u=[6.792377055266133e-06, 0.04479184147878362]
      Node 4: initial=[-39.25, 0.0], current=[-39.249993245616196, 0.044497881185644364], u=[6.754383801214298e-06, 0.044497881185644364]
      Node 148: initial=[-39.25, 0.03], current=[-39.203040352630694, -0.011689633550411943], u=[0.04695964736930877, -0.04168963355041194]
      Node 147: initial=[-39.5, 0.03], current=[-39.46176420818258, 0.015181466351863057], u=[0.03823579181742395, -0.014818533648136942]
  Element ID: 4 (index 3, pid 1)
    detF: [-1.8205353427787294, -1.6266339566010943, -1.6824532653040414, -1.8763546514816767]
    Nodes connectivity: [4, 5, 149, 148]
      Node 4: initial=[-39.25, 0.0], current=[-39.249993245616196, 0.044497881185644364], u=[6.754383801214298e-06, 0.044497881185644364]
      Node 5: initial=[-39.0, 0.0], current=[-38.99999328215628, 0.04420397067285852], u=[6.717843718164262e-06, 0.04420397067285852]
      Node 149: initial=[-39.0, 0.03], current=[-38.948550207355815, -0.0019134098623716372], u=[0.051449792644183076, -0.031913409862371636]
      Node 148: initial=[-39.25, 0.03], current=[-39.203040352630694, -0.011689633550411943], u=[0.04695964736930877, -0.04168963355041194]
  Element ID: 5 (index 4, pid 1)
    detF: [-1.4421932199812715, -1.1134234045014375, -1.1880121470682488, -1.516781962548084]
    Nodes connectivity: [5, 6, 150, 149]
      Node 5: initial=[-39.0, 0.0], current=[-38.99999328215628, 0.04420397067285852], u=[6.717843718164262e-06, 0.04420397067285852]
      Node 6: initial=[-38.75, 0.0], current=[-38.749993320458195, 0.04391007798142059], u=[6.679541804514109e-06, 0.04391007798142059]
      Node 150: initial=[-38.75, 0.03], current=[-38.69659365695693, 0.014873780686849358], u=[0.053406343043070695, -0.01512621931315064]
      Node 149: initial=[-39.0, 0.03], current=[-38.948550207355815, -0.0019134098623716372], u=[0.051449792644183076, -0.031913409862371636]
  Element ID: 6 (index 5, pid 1)
    detF: [-0.8723745426378616, -0.5393596548806361, -0.6171752276813592, -0.9501901154385824]
    Nodes connectivity: [6, 7, 151, 150]
      Node 6: initial=[-38.75, 0.0], current=[-38.749993320458195, 0.04391007798142059], u=[6.679541804514109e-06, 0.04391007798142059]
      Node 7: initial=[-38.5, 0.0], current=[-38.499993363687864, 0.043616194924265966], u=[6.636312134087981e-06, 0.043616194924265966]
      Node 151: initial=[-38.5, 0.03], current=[-38.443596892508275, 0.031880338935426286], u=[0.05640310749172567, 0.0018803389354262873]
      Node 150: initial=[-38.75, 0.03], current=[-38.69659365695693, 0.014873780686849358], u=[0.053406343043070695, -0.01512621931315064]

  *** ERROR: Line search failed to resolve residual explosion at iteration 6.
     1     8     2       0      50     0.0429     0.0000     0.0002   *** CUTBACK: line search collapsed (residual explosion) (Retrying step with smaller dt & target angle) ***
  *** STEP 8 FAILED (conv=-50, cutback 1/20). Cutting back dt to 0.00009s ***

----------------------------------------------------------------------------------------------------
Step 8 | Attempting time increment: dt = 0.00009s (t: 0.0429s -> 0.0430s)
----------------------------------------------------------------------------------------------------

  Nonlinear Iteration Summary (Newton-Raphson)
  ==========================================================================================================================
  Time increment dt: 8.789e-05
  Convergence Tol  : 1.0e-02 (Disp Ratio)     Max Iterations: 50
  --------------------------------------------------------------------------------------------------------------------------
  Iter   Max Res.Force  (Node/DOF)    Max Disp.Corr  (Node/DOF)    Max Disp.Incr  Disp.Ratio  Energy.Err  LS.alpha  TieNodes
  --------------------------------------------------------------------------------------------------------------------------
     1    6.4972e+00  N1(UY)         3.0643e-04  N5684(UX)      4.1337e-04     8.37e-03    1.58e-03      1.00       122
     2    3.3874e-02  N144(UY)       2.9215e-04  N76(UY)        2.6994e-04     3.42e-03    1.03e-06      1.00       122
  ---------------------------------------------------------------------------------------------------------------------
  => Increment Converged. (Time: 22.79 s)

     1     8     3       0       1     0.0430     0.0001     0.0001

  [MONITOR] Step   8 | Time 0.0430s / 1.0s (  4.3%)
            Fold Angle: Target +-  0.07deg | Actual [-0.07deg, +0.07deg]
            Plate Tips Y: Left= -0.45mm | Right= -0.45mm | Max Disp=  0.05mm
            Newton Iters:  1 | dt: 0.00009s
            [DIAGNOSTIC] display/plate max|u| ratio=1.0000 (display=0.045mm, plate=0.000mm)
            [DIAGNOSTIC] Real tie gap (not just active-pair count): DISPLAY_BOT_L_PLATE_L_TOP_TIE: max_gap=0.0000mm mean=0.0000mm n=61 | DISPLAY_BOT_R_PLATE_R_TOP_TIE: max_gap=0.0000mm mean=0.0000mm n=61

[PNG] Deformed shape saved: D:\PythonCodeStudy\WHT_DispFoldSolver\examples\ex12_final_folding_shape.png
----------------------------------------------------------------------------------------------------
Step 9 | Attempting time increment: dt = 0.00013s (t: 0.0430s -> 0.0431s)
----------------------------------------------------------------------------------------------------

  Nonlinear Iteration Summary (Newton-Raphson)
  ==========================================================================================================================
  Time increment dt: 1.318e-04
  Convergence Tol  : 1.0e-02 (Disp Ratio)     Max Iterations: 50
  --------------------------------------------------------------------------------------------------------------------------
  Iter   Max Res.Force  (Node/DOF)    Max Disp.Corr  (Node/DOF)    Max Disp.Incr  Disp.Ratio  Energy.Err  LS.alpha  TieNodes
  --------------------------------------------------------------------------------------------------------------------------
     1    1.6739e+01  N1(UY)         1.0556e-03  N76(UY)        5.4839e-04     1.72e-02    1.04e-02      1.00       122
     2    4.6537e-02  N144(UY)       8.0711e-04  N64(UY)        9.8536e-04     1.70e-02    1.29e-05      1.00       122
     3    2.4987e-02  N1(UY)         2.2610e-03  N70(UY)        1.9809e-03     4.42e-02    2.31e-05      1.00       122
     4    1.0684e-01  N1(UY)         8.6144e-03  N2251(UY)      7.4215e-03     1.53e-01    6.20e-05      1.00       122
     5    3.9412e-01  N1(UY)         4.2529e-02  N74(UY)        4.4076e-02     4.99e-01    3.56e-04      1.00       122
     6    2.1533e+00  N5156(UY)      8.9317e-03  N78(UX)        5.1760e-02     1.35e-01    8.61e-06      0.25       122
     7    9.1029e+06  N78(UX)        2.6563e-02  N2783(UY)      5.7595e-02     2.22e-01    1.35e+00      0.50       122
  [DIAGNOSTIC] Line search collapsed at iter 8. Inspecting element quality on trial step:

[DEBUG] Element inversion detected in element indexes: [26, 27, 28, 29, 30, 31, 40, 41, 42, 43, 44, 89, 90, 91, 92, 93, 94, 106, 107, 109, 110, 112, 113, 114, 752, 753, 754, 757, 758, 768, 769, 770, 771, 772, 773, 774, 775, 776, 809, 810, 811, 812, 813, 814, 815, 816, 817, 818, 819, 820, 821, 843, 844, 903, 913, 914, 919, 923, 924, 1556, 1557, 1558, 1559, 1560, 1561, 1562, 1563, 1564, 1565, 1567, 1568, 1585, 1586, 1587, 1588, 1589, 1590, 1591, 1592, 1593, 1594, 1595, 1596, 1597, 1598, 1599, 1600, 1601, 1622, 1623, 1647, 1648, 1649, 1653, 1654, 1655, 1656, 1657, 1678, 1679, 1680, 1681, 1682, 1683, 1684, 1688, 1689, 1690, 1691, 1706, 1707, 1708, 1710, 1711, 1712, 1713, 1724, 1726, 1727, 1735, 1736, 1739, 2364, 2365, 2366, 2367, 2368, 2369, 2370, 2371, 2372, 2373, 2375, 2376, 2405, 2406, 2407, 2408, 2409, 2410, 2411, 2412, 2413, 2414, 2415, 2416, 2417, 2418, 2419, 2420, 2421, 2451, 2452, 2453, 2454, 2455, 2460, 2461, 2462, 2463, 2472, 2473, 2474, 2475, 2476, 2477, 2478, 2479, 2480, 2481, 2482, 2486, 2487, 2488, 2489, 2490, 2491, 2492, 2493, 2494, 2495, 2496, 2497, 2498, 2499, 2500, 2513, 2514, 2517, 2518, 2520, 2521, 2522, 2523, 2524, 2525, 2526, 2527, 2528, 2529, 2530, 2531, 2532, 2533, 2534, 2535, 2536, 2537, 2538, 2539, 2540, 2541, 2542, 2543, 2544, 2545, 2546, 2547, 2548, 2549, 2555, 2564, 2565, 3172, 3173, 3174, 3175, 3176, 3177, 3178, 3179, 3180, 3181, 3183, 3184, 3185, 3218, 3219, 3220, 3221, 3222, 3223, 3224, 3225, 3226, 3227, 3228, 3229, 3230, 3231, 3232, 3233, 3234, 3235, 3236, 3237, 3238, 3239, 3240, 3241, 3242, 3243, 3244, 3245, 3261, 3262, 3294, 3295, 3296, 3297, 3308, 3338, 3339, 3340, 3341, 3342, 3343, 3344, 3345, 3346, 3347, 3348, 3349, 3350, 3351, 3352, 3353, 3354, 3355, 3356, 3357, 3370, 3371, 4024, 4025, 4026, 4027, 4028, 4029, 4030, 4031, 4032, 4033, 4034, 4035, 4036, 4037, 4038, 4039, 4040, 4041, 4042, 4043, 4044, 4045, 4046, 4047, 4048, 4049, 4050, 4051, 4052, 4102, 4103, 4104, 4105, 4106, 4107, 4108, 4109, 4110, 4111, 4112, 4113, 4114, 4115, 4116, 4117, 4118, 4119, 4120, 4121, 4122, 4123, 4124, 4125, 4126, 4127, 4128, 4129, 4130, 4131, 4132, 4133, 4134, 4910, 4911, 4912, 4913, 4914, 4923, 4924, 4925, 4926, 4927]
  Element ID: 27 (index 26, pid 1)
    detF: [-0.21524255685112817, -0.6071420904544806, -0.5761148604498614, -0.18421532684650743]
    Nodes connectivity: [27, 28, 172, 171]
      Node 27: initial=[-29.0, 0.0], current=[-28.999994716800117, 0.03256445069344913], u=[5.283199883860849e-06, 0.03256445069344913]
      Node 28: initial=[-28.5, 0.0], current=[-28.49999463694911, 0.03197435959558992], u=[5.363050888327739e-06, 0.03197435959558992]
      Node 172: initial=[-28.5, 0.03], current=[-28.47076575041652, 0.009081546943871647], u=[0.02923424958348132, -0.020918453056128352]
      Node 171: initial=[-29.0, 0.03], current=[-28.961539298744185, 0.030024442913021497], u=[0.03846070125581456, 2.4442913021498203e-05]
  Element ID: 28 (index 27, pid 1)
    detF: [-0.8787160651781406, -1.226770218852263, -1.1977431464633026, -0.8496889927891809]
    Nodes connectivity: [28, 29, 173, 172]
      Node 28: initial=[-28.5, 0.0], current=[-28.49999463694911, 0.03197435959558992], u=[5.363050888327739e-06, 0.03197435959558992]
      Node 29: initial=[-28.0, 0.0], current=[-27.999994584509494, 0.03138429974703131], u=[5.415490505915163e-06, 0.03138429974703131]
      Node 173: initial=[-28.0, 0.03], current=[-27.980632070978835, -0.009582291846473127], u=[0.01936792902116436, -0.039582291846473126]
      Node 172: initial=[-28.5, 0.03], current=[-28.47076575041652, 0.009081546943871647], u=[0.02923424958348132, -0.020918453056128352]
  Element ID: 29 (index 28, pid 1)
    detF: [-1.4253282508579501, -1.6137221590369355, -1.5907179943049805, -1.4023240861259942]
    Nodes connectivity: [29, 30, 174, 173]
      Node 29: initial=[-28.0, 0.0], current=[-27.999994584509494, 0.03138429974703131], u=[5.415490505915163e-06, 0.03138429974703131]
      Node 30: initial=[-27.5, 0.0], current=[-27.499994612862015, 0.030794315044693002], u=[5.38713798571271e-06, 0.030794315044693002]
      Node 174: initial=[-27.5, 0.03], current=[-27.490599959836175, -0.019949749956891756], u=[0.009400040163826801, -0.049949749956891755]
      Node 173: initial=[-28.0, 0.03], current=[-27.980632070978835, -0.009582291846473127], u=[0.01936792902116436, -0.039582291846473126]
  Element ID: 30 (index 29, pid 1)
    detF: [-1.6430583359698783, -1.5280065824978024, -1.511809211966175, -1.6268609654382518]
    Nodes connectivity: [30, 31, 175, 174]
      Node 30: initial=[-27.5, 0.0], current=[-27.499994612862015, 0.030794315044693002], u=[5.38713798571271e-06, 0.030794315044693002]
      Node 31: initial=[-27.0, 0.0], current=[-26.999994773222017, 0.030204445491930607], u=[5.22677798382038e-06, 0.030204445491930607]
      Node 175: initial=[-27.0, 0.03], current=[-27.000001967920674, -0.014550261385916669], u=[-1.9679206736105542e-06, -0.04455026138591667]
      Node 174: initial=[-27.5, 0.03], current=[-27.490599959836175, -0.019949749956891756], u=[0.009400040163826801, -0.049949749956891755]
  Element ID: 31 (index 30, pid 1)
    detF: [-1.302366014631611, -0.8007193914309109, -0.7847600269401874, -1.286406650140889]
    Nodes connectivity: [31, 32, 176, 175]
      Node 31: initial=[-27.0, 0.0], current=[-26.999994773222017, 0.030204445491930607], u=[5.22677798382038e-06, 0.030204445491930607]
      Node 32: initial=[-26.5, 0.0], current=[-26.49999507157859, 0.029614691619871118], u=[4.928421411616633e-06, 0.029614691619871118]
      Node 176: initial=[-26.5, 0.03], current=[-26.509262718712105, 0.010937246242898668], u=[-0.009262718712103784, -0.01906275375710133]
      Node 175: initial=[-27.0, 0.03], current=[-27.000001967920674, -0.014550261385916669], u=[-1.9679206736105542e-06, -0.04455026138591667]

  *** ERROR: Line search failed to resolve residual explosion at iteration 8.
     1     9     1       0      50     0.0430     0.0000     0.0001   *** CUTBACK: line search collapsed (residual explosion) (Retrying step with smaller dt & target angle) ***
  *** STEP 9 FAILED (conv=-50, cutback 1/20). Cutting back dt to 0.00007s ***

----------------------------------------------------------------------------------------------------
Step 9 | Attempting time increment: dt = 0.00007s (t: 0.0430s -> 0.0430s)
----------------------------------------------------------------------------------------------------

  Nonlinear Iteration Summary (Newton-Raphson)
  ==========================================================================================================================
  Time increment dt: 6.592e-05
  Convergence Tol  : 1.0e-02 (Disp Ratio)     Max Iterations: 50
  --------------------------------------------------------------------------------------------------------------------------
  Iter   Max Res.Force  (Node/DOF)    Max Disp.Corr  (Node/DOF)    Max Disp.Incr  Disp.Ratio  Energy.Err  LS.alpha  TieNodes
  --------------------------------------------------------------------------------------------------------------------------
     1    5.2778e+00  N1(UY)         1.5452e-04  N4407(UY)      4.2884e-04     2.57e-03    1.02e-03      1.00       122
     2    1.3211e-02  N144(UY)       4.3539e-04  N78(UX)        4.3521e-04     4.23e-03    3.74e-06      1.00       122
  ---------------------------------------------------------------------------------------------------------------------
  => Increment Converged. (Time: 18.97 s)

     1     9     2       0       1     0.0430     0.0001     0.0001

  [MONITOR] Step   9 | Time 0.0430s / 1.0s (  4.3%)
            Fold Angle: Target +-  0.07deg | Actual [-0.07deg, +0.07deg]
            Plate Tips Y: Left= -0.45mm | Right= -0.45mm | Max Disp=  0.05mm
            Newton Iters:  1 | dt: 0.00007s
            [DIAGNOSTIC] display/plate max|u| ratio=1.0000 (display=0.045mm, plate=0.000mm)
            [DIAGNOSTIC] Real tie gap (not just active-pair count): DISPLAY_BOT_L_PLATE_L_TOP_TIE: max_gap=0.0000mm mean=0.0000mm n=61 | DISPLAY_BOT_R_PLATE_R_TOP_TIE: max_gap=0.0000mm mean=0.0000mm n=61

[PNG] Deformed shape saved: D:\PythonCodeStudy\WHT_DispFoldSolver\examples\ex12_final_folding_shape.png
----------------------------------------------------------------------------------------------------
Step 10 | Attempting time increment: dt = 0.00010s (t: 0.0430s -> 0.0431s)
----------------------------------------------------------------------------------------------------

  Nonlinear Iteration Summary (Newton-Raphson)
  ==========================================================================================================================
  Time increment dt: 9.888e-05
  Convergence Tol  : 1.0e-02 (Disp Ratio)     Max Iterations: 50
  --------------------------------------------------------------------------------------------------------------------------
  Iter   Max Res.Force  (Node/DOF)    Max Disp.Corr  (Node/DOF)    Max Disp.Incr  Disp.Ratio  Energy.Err  LS.alpha  TieNodes
  --------------------------------------------------------------------------------------------------------------------------
     1    1.1743e+01  N1(UY)         3.4339e-04  N5366(UY)      6.3733e-04     5.79e-03    5.31e-03      1.00       122
     2    6.1772e-03  N10(UY)        7.5679e-04  N72(UY)        9.9468e-04     2.13e-02    2.83e-05      1.00       122
     3    7.9970e-02  N1(UY)         1.0625e-03  N72(UY)        4.9616e-04     1.76e-02    1.46e-05      1.00       122
     4    3.4887e-02  N2(UY)         6.9397e-04  N68(UY)        6.6441e-04     1.31e-02    4.63e-05      1.00       122
     5    2.7130e-02  N1(UY)         6.1318e-04  N76(UY)        7.6893e-04     9.71e-03    3.74e-06      1.00       122
  ---------------------------------------------------------------------------------------------------------------------
  => Increment Converged. (Time: 49.30 s)

     1    10     1       0       4     0.0431     0.0001     0.0001

  [MONITOR] Step  10 | Time 0.0431s / 1.0s (  4.3%)
            Fold Angle: Target +-  0.07deg | Actual [-0.07deg, +0.07deg]
            Plate Tips Y: Left= -0.45mm | Right= -0.45mm | Max Disp=  0.05mm
            Newton Iters:  4 | dt: 0.00010s
            [DIAGNOSTIC] display/plate max|u| ratio=1.0000 (display=0.046mm, plate=0.000mm)
            [DIAGNOSTIC] Real tie gap (not just active-pair count): DISPLAY_BOT_L_PLATE_L_TOP_TIE: max_gap=0.0000mm mean=0.0000mm n=61 | DISPLAY_BOT_R_PLATE_R_TOP_TIE: max_gap=0.0000mm mean=0.0000mm n=61
            [DIAGNOSTIC] Hinge curvature: max_curv_ratio=8.28 kink_detected=True at x=7.50mm

[PNG] Deformed shape saved: D:\PythonCodeStudy\WHT_DispFoldSolver\examples\ex12_final_folding_shape.png
----------------------------------------------------------------------------------------------------
Step 11 | Attempting time increment: dt = 0.00012s (t: 0.0431s -> 0.0433s)
----------------------------------------------------------------------------------------------------

  Nonlinear Iteration Summary (Newton-Raphson)
  ==========================================================================================================================
  Time increment dt: 1.187e-04
  Convergence Tol  : 1.0e-02 (Disp Ratio)     Max Iterations: 50
  --------------------------------------------------------------------------------------------------------------------------
  Iter   Max Res.Force  (Node/DOF)    Max Disp.Corr  (Node/DOF)    Max Disp.Incr  Disp.Ratio  Energy.Err  LS.alpha  TieNodes
  --------------------------------------------------------------------------------------------------------------------------
     1    1.2097e+01  N1(UY)         1.4996e-03  N76(UY)        1.3765e-03     3.22e-02    5.42e-03      1.00       122
     2    8.5743e-02  N144(UY)       7.7432e-03  N2101(UY)      6.7338e-03     1.22e-01    2.42e-05      1.00       122
     3    4.7948e-01  N144(UY)       5.4495e-03  N226(UY)       8.9762e-03     9.67e-02    2.66e-05      1.00       122
     4    4.7534e-01  N144(UY)       5.0460e-03  N853(UY)       1.2620e-02     7.88e-02    1.72e-05      1.00       122
     5    1.0164e-01  N144(UY)       2.5392e-02  N64(UX)        3.2449e-02     2.68e-01    1.47e-04      1.00       122
     6    1.5435e+01  N144(UY)       1.9760e-02  N464(UY)       1.5538e-01     9.41e-01    4.07e-03      0.12       122
  [DIAGNOSTIC] Line search collapsed at iter 7. Inspecting element quality on trial step:

[DEBUG] Element inversion detected in element indexes: [0, 1, 2, 3, 4, 5, 6, 7, 8, 25, 26, 27, 28, 29, 30, 31, 32, 33, 34, 35, 37, 38, 45, 46, 49, 50, 70, 71, 664, 761, 762, 763, 764, 765, 766, 767, 770, 771, 772, 773, 774, 775, 781, 782, 783, 784, 785, 786, 787, 789, 790, 791, 792, 797, 798, 799, 800, 835, 836, 837, 865, 866, 867, 868, 1063, 1265, 1465, 1467, 1564, 1565, 1566, 1567, 1568, 1574, 1575, 1576, 1577, 1578, 1579, 1585, 1586, 1587, 1588, 1595, 1596, 1597, 1598, 1602, 1603, 1604, 1610, 1611, 1612, 1620, 1621, 1622, 1626, 1627, 1629, 1630, 1631, 1632, 1633, 1634, 1635, 1636, 1637, 1638, 1639, 1640, 1668, 1669, 1891, 1892, 2093, 2094, 2295, 2296, 2359, 2370, 2371, 2372, 2373, 2383, 2384, 2385, 2386, 2394, 2395, 2396, 2403, 2404, 2405, 2409, 2410, 2411, 2431, 2432, 2433, 2445, 2449, 2450, 2451, 2480, 2487, 2488, 2489, 2490, 2491, 2534, 2535, 2536, 2559, 2560, 2562, 2682, 2683, 2688, 2903, 3168, 3178, 3179, 3180, 3184, 3185, 3190, 3191, 3201, 3202, 3203, 3210, 3211, 3212, 3216, 3217, 3218, 3229, 3230, 3231, 3237, 3238, 3241, 3242, 3243, 3244, 3245, 3260, 3261, 3289, 3290, 3291, 3293, 3294, 3295, 3304, 3305, 3494, 3696, 3898, 3989, 3990, 3996, 3997, 3998, 3999, 4000, 4005, 4006, 4011, 4012, 4013, 4014, 4015, 4016, 4019, 4020, 4021, 4022, 4023, 4028, 4029, 4030, 4036, 4037, 4038, 4039, 4043, 4044, 4045, 4069, 4070, 4071, 4091, 4092, 4094, 4095, 4098, 4099, 4100, 4101, 4102, 4106, 4107, 4108, 4126, 4127, 4128, 4129, 4130, 4131, 4132, 4133, 4134, 4135, 4136, 4137, 4138, 4139, 4140, 4142, 4143, 4144, 4145, 4146, 4147, 4148, 4149, 4150, 4151, 4172, 4177, 4178, 4179, 4180, 4181, 4737, 4801, 4802, 4803, 4804, 4822, 4823, 4824, 4825, 4826, 4827, 4828, 4838, 4839, 4840, 4841, 4842, 4843, 4844, 4849, 4850, 4857, 4858, 4859, 4860, 4861, 4862, 4863, 4864, 4865, 4866, 4867, 4868, 4869, 4870, 4871, 4872, 4873, 4874, 4875, 4879, 4900, 4901, 4906, 4907, 4908, 4909, 4910, 4916, 4917, 4918, 4931, 4932, 4933, 4934, 4935, 4936, 4937, 4939, 4940, 4941, 4944, 4945, 4948, 4949, 4951, 4952, 4953, 4954, 4955, 4957, 4959, 4961, 4962, 4963, 4964, 4965, 4966, 4967, 4968, 4969, 4970, 4971, 4972, 4973, 4974, 4975, 5160]
  Element ID: 1 (index 0, pid 1)
    detF: [-3.564638739843139, -5.6831521104502, -6.81135923135814, -4.692845860751083]
    Nodes connectivity: [1, 2, 146, 145]
      Node 1: initial=[-40.0, 0.0], current=[-39.99997147675912, 0.04596433023531879], u=[2.852324088058799e-05, 0.04596433023531879]
      Node 2: initial=[-39.75, 0.0], current=[-39.74999274643663, 0.04566644956887206], u=[7.253563368068202e-06, 0.04566644956887206]
      Node 146: initial=[-39.75, 0.03], current=[-39.87722189362079, -0.13556625372412154], u=[-0.12722189362079242, -0.16556625372412154]
      Node 145: initial=[-40.0, 0.03], current=[-40.1307792884264, -0.02517355844085633], u=[-0.13077928842640602, -0.05517355844085633]
  Element ID: 2 (index 1, pid 1)
    detF: [-6.836360927392616, -8.209603215837031, -8.995271412724968, -7.62202912428055]
    Nodes connectivity: [2, 3, 147, 146]
      Node 2: initial=[-39.75, 0.0], current=[-39.74999274643663, 0.04566644956887206], u=[7.253563368068202e-06, 0.04566644956887206]
      Node 3: initial=[-39.5, 0.0], current=[-39.49999266109201, 0.045368600767428574], u=[7.338907992258603e-06, 0.045368600767428574]
      Node 147: initial=[-39.5, 0.03], current=[-39.62100517507286, -0.20722724707135295], u=[-0.12100517507286057, -0.23722724707135295]
      Node 146: initial=[-39.75, 0.03], current=[-39.87722189362079, -0.13556625372412154], u=[-0.12722189362079242, -0.16556625372412154]
  Element ID: 3 (index 2, pid 1)
    detF: [-8.698056187484104, -9.121453453752668, -9.444969345751236, -9.021572079482668]
    Nodes connectivity: [3, 4, 148, 147]
      Node 3: initial=[-39.5, 0.0], current=[-39.49999266109201, 0.045368600767428574], u=[7.338907992258603e-06, 0.045368600767428574]
      Node 4: initial=[-39.25, 0.0], current=[-39.24999263558579, 0.04507082928177022], u=[7.3644142082950665e-06, 0.04507082928177022]
      Node 148: initial=[-39.25, 0.03], current=[-39.36491084187186, -0.22953264246479957], u=[-0.11491084187185983, -0.25953264246479957]
      Node 147: initial=[-39.5, 0.03], current=[-39.62100517507286, -0.20722724707135295], u=[-0.12100517507286057, -0.23722724707135295]
  Element ID: 4 (index 3, pid 1)
    detF: [-8.981122235323147, -8.589826270603462, -8.497858669383657, -8.889154634103338]
    Nodes connectivity: [4, 5, 149, 148]
      Node 4: initial=[-39.25, 0.0], current=[-39.24999263558579, 0.04507082928177022], u=[7.3644142082950665e-06, 0.04507082928177022]
      Node 5: initial=[-39.0, 0.0], current=[-38.99999267506045, 0.044773137269394366], u=[7.32493955455812e-06, 0.044773137269394366]
      Node 149: initial=[-39.0, 0.03], current=[-39.11075473253758, -0.20950294552598442], u=[-0.11075473253758163, -0.23950294552598442]
      Node 148: initial=[-39.25, 0.03], current=[-39.36491084187186, -0.22953264246479957], u=[-0.11491084187185983, -0.25953264246479957]
  Element ID: 5 (index 4, pid 1)
    detF: [-7.995693301183002, -7.0409869562414595, -6.671828461738987, -7.626534806680529]
    Nodes connectivity: [5, 6, 150, 149]
      Node 5: initial=[-39.0, 0.0], current=[-38.99999267506045, 0.044773137269394366], u=[7.32493955455812e-06, 0.044773137269394366]
      Node 6: initial=[-38.75, 0.0], current=[-38.749992773938985, 0.04447551350429506], u=[7.22606101657524e-06, 0.04447551350429506]
      Node 150: initial=[-38.75, 0.03], current=[-38.8580065820975, -0.16019582457652998], u=[-0.10800658209750377, -0.19019582457652998]
      Node 149: initial=[-39.0, 0.03], current=[-39.11075473253758, -0.20950294552598442], u=[-0.11075473253758163, -0.23950294552598442]

  *** ERROR: Line search failed to resolve residual explosion at iteration 7.
     1    11     1       0      50     0.0431     0.0000     0.0001   *** CUTBACK: line search collapsed (residual explosion) (Retrying step with smaller dt & target angle) ***
  *** STEP 11 FAILED (conv=-50, cutback 1/20). Cutting back dt to 0.00006s ***

----------------------------------------------------------------------------------------------------
Step 11 | Attempting time increment: dt = 0.00006s (t: 0.0431s -> 0.0432s)
----------------------------------------------------------------------------------------------------

  Nonlinear Iteration Summary (Newton-Raphson)
  ==========================================================================================================================
  Time increment dt: 5.933e-05
  Convergence Tol  : 1.0e-02 (Disp Ratio)     Max Iterations: 50
  --------------------------------------------------------------------------------------------------------------------------
  Iter   Max Res.Force  (Node/DOF)    Max Disp.Corr  (Node/DOF)    Max Disp.Incr  Disp.Ratio  Energy.Err  LS.alpha  TieNodes
  --------------------------------------------------------------------------------------------------------------------------
     1    3.6143e+00  N1(UY)         6.2752e-04  N72(UX)        5.1884e-04     8.32e-03    4.95e-04      1.00       122
     2    2.7100e-02  N144(UY)       3.2532e-04  N72(UX)        5.2848e-04     2.39e-03    2.15e-06      1.00       122
  ---------------------------------------------------------------------------------------------------------------------
  => Increment Converged. (Time: 22.45 s)

     1    11     2       0       1     0.0432     0.0001     0.0001

  [MONITOR] Step  11 | Time 0.0432s / 1.0s (  4.3%)
            Fold Angle: Target +-  0.07deg | Actual [-0.07deg, +0.07deg]
            Plate Tips Y: Left= -0.45mm | Right= -0.45mm | Max Disp=  0.05mm
            Newton Iters:  1 | dt: 0.00006s
            [DIAGNOSTIC] display/plate max|u| ratio=1.0000 (display=0.046mm, plate=0.000mm)
            [DIAGNOSTIC] Real tie gap (not just active-pair count): DISPLAY_BOT_L_PLATE_L_TOP_TIE: max_gap=0.0000mm mean=0.0000mm n=61 | DISPLAY_BOT_R_PLATE_R_TOP_TIE: max_gap=0.0000mm mean=0.0000mm n=61

[PNG] Deformed shape saved: D:\PythonCodeStudy\WHT_DispFoldSolver\examples\ex12_final_folding_shape.png
----------------------------------------------------------------------------------------------------
Step 12 | Attempting time increment: dt = 0.00009s (t: 0.0432s -> 0.0433s)
----------------------------------------------------------------------------------------------------

  Nonlinear Iteration Summary (Newton-Raphson)
  ==========================================================================================================================
  Time increment dt: 8.899e-05
  Convergence Tol  : 1.0e-02 (Disp Ratio)     Max Iterations: 50
  --------------------------------------------------------------------------------------------------------------------------
  Iter   Max Res.Force  (Node/DOF)    Max Disp.Corr  (Node/DOF)    Max Disp.Incr  Disp.Ratio  Energy.Err  LS.alpha  TieNodes
  --------------------------------------------------------------------------------------------------------------------------
     1    6.9539e+00  N1(UY)         1.4577e-03  N72(UX)        8.2114e-04     1.49e-02    1.81e-03      1.00       122
     2    3.0139e-02  N144(UY)       1.1101e-03  N64(UX)        1.0618e-03     1.74e-02    1.67e-04      1.00       122
     3    1.4772e-01  N144(UY)       1.4187e-03  N65(UX)        1.3187e-03     2.70e-02    1.15e-04      1.00       122
     4    1.7652e-01  N144(UY)       1.9600e-03  N77(UY)        1.6465e-03     3.44e-02    1.46e-04      1.00       122
     5    6.7599e-02  N143(UY)       3.7873e-03  N72(UX)        2.4738e-03     3.11e-02    9.64e-05      1.00       122
     6    1.1110e-01  N1(UY)         6.3943e-03  N68(UY)        4.1776e-03     8.96e-02    1.76e-04      1.00       122
     7    2.9221e-01  N1(UY)         2.8180e-02  N72(UX)        3.1608e-02     2.32e-01    2.17e-04      1.00       122
     8    1.2156e+00  N1(UY)         7.9357e-02  N69(UX)        8.0698e-02     3.58e-01    1.45e-03      1.00       122
     9    1.2190e+00  N144(UY)       5.5357e-02  N754(UX)       8.0727e-02     4.19e-01    2.25e-04      1.00       122
    10    1.3036e+02  N1(UY)         6.4786e-03  N754(UY)       8.0727e-02     1.28e-01    9.56e-03      0.12       122
  [DIAGNOSTIC] Line search collapsed at iter 11. Inspecting element quality on trial step:

[DEBUG] Element inversion detected in element indexes: [62, 63, 71, 73, 74, 75, 87, 88, 89, 90, 91, 92, 93, 101, 102, 103, 104, 105, 106, 113, 114, 115, 116, 120, 121, 122, 127, 128, 129, 141, 820, 821, 822, 823, 824, 825, 826, 827, 828, 829, 830, 831, 832, 834, 835, 836, 895, 896, 897, 898, 905, 906, 907, 908, 909, 910, 911, 912, 913, 917, 918, 919, 920, 922, 923, 925, 926, 927, 931, 932, 933, 934, 935, 939, 940, 941, 942, 944, 945, 946, 947, 948, 1556, 1557, 1634, 1635, 1640, 1641, 1642, 1644, 1645, 1646, 1647, 1648, 1657, 1658, 1659, 1660, 1661, 1662, 1663, 1672, 1673, 1674, 1675, 1676, 1677, 1678, 1679, 1691, 1692, 1693, 1694, 1697, 1698, 1699, 1700, 1701, 1708, 1709, 1710, 1711, 1712, 1713, 1714, 1721, 1722, 1724, 1725, 1726, 1727, 1728, 1729, 1730, 1731, 1732, 1733, 1736, 1737, 1742, 1743, 1744, 1745, 1749, 1750, 1751, 1752, 1753, 1754, 1757, 2434, 2435, 2436, 2437, 2441, 2442, 2443, 2444, 2445, 2448, 2449, 2450, 2451, 2455, 2456, 2457, 2458, 2459, 2460, 2461, 2462, 2490, 2491, 2492, 2506, 2507, 2508, 2509, 2510, 2511, 2512, 2513, 2514, 2515, 2517, 2528, 2529, 2530, 2531, 2532, 2533, 2534, 2535, 2536, 2537, 2538, 2540, 2541, 2543, 2547, 2558, 3243, 3244, 3245, 3249, 3250, 3251, 3255, 3256, 3257, 3261, 3262, 3295, 3314, 3320, 3321, 3325, 3326, 3327, 3328, 3329, 3330, 3339, 3340, 3350, 3351, 3354, 3355, 3356, 3357, 3358, 3359, 3360, 3362, 3363, 3364, 3365, 3366, 3367, 3373, 4047, 4048, 4050, 4055, 4056, 4057, 4061, 4062, 4063, 4066, 4067, 4068, 4103, 4104, 4105, 4108, 4109, 4110, 4114, 4119, 4120, 4121, 4126, 4127, 4130, 4131, 4132, 4133, 4135, 4136, 4137, 4138, 4139, 4140, 4141, 4142, 4146, 4147, 4148, 4157, 4158, 4161, 4162, 4168, 4169, 4171, 4172, 4175, 4176, 4177, 4178, 4179, 4856, 4857, 4861, 4862, 4863, 4864, 4869, 4870, 4871, 4874, 4875, 4876, 4877, 4881, 4882, 4883, 4884, 4885, 4886, 4887, 4888, 4889, 4890, 4891, 4892, 4893, 4894, 4914, 4915, 4916, 4917, 4918, 4919, 4920, 4921, 4922, 4923, 4924, 4925, 4926, 4927, 4929, 4930, 4931, 4952, 4953, 4954, 4955, 4956, 4963, 4964, 4967, 4968, 4969, 4973, 4977, 4978, 4980, 4981]
  Element ID: 63 (index 62, pid 1)
    detF: [0.443550223494086, -1.1108781622238941, -1.0931738841091074, 0.4612545016088764]
    Nodes connectivity: [63, 64, 208, 207]
      Node 63: initial=[-11.0, 0.0], current=[-10.999673586431786, 0.025979034649103377], u=[0.00032641356821445526, 0.025979034649103377]
      Node 64: initial=[-10.5, 0.0], current=[-10.533196159851245, 0.10777341427390154], u=[-0.033196159851245306, 0.10777341427390154]
      Node 208: initial=[-10.5, 0.03], current=[-10.506734546924447, 0.05818823115812814], u=[-0.0067345469244465325, 0.028188231158128144]
      Node 207: initial=[-11.0, 0.03], current=[-11.006977537752647, 0.05704813100691096], u=[-0.006977537752646296, 0.02704813100691096]
  Element ID: 64 (index 63, pid 1)
    detF: [-1.0450210798891344, 0.48738233794166463, 0.4515039176083804, -1.0808995002224189]
    Nodes connectivity: [64, 65, 209, 208]
      Node 64: initial=[-10.5, 0.0], current=[-10.533196159851245, 0.10777341427390154], u=[-0.033196159851245306, 0.10777341427390154]
      Node 65: initial=[-10.0, 0.0], current=[-10.010038840128285, 0.030338875158181344], u=[-0.010038840128284043, 0.030338875158181344]
      Node 209: initial=[-10.0, 0.03], current=[-10.007261328076138, 0.06036067549870443], u=[-0.007261328076139036, 0.03036067549870443]
      Node 208: initial=[-10.5, 0.03], current=[-10.506734546924447, 0.05818823115812814], u=[-0.0067345469244465325, 0.028188231158128144]
  Element ID: 72 (index 71, pid 1)
    detF: [-3.745463736175441, -0.8631841748940957, -0.9918658246534008, -3.874145385934747]
    Nodes connectivity: [73, 74, 277, 276]
      Node 73: initial=[7.5, 0.0], current=[7.504534479748935, 0.1127419817993239], u=[0.00453447974893539, 0.1127419817993239]
      Node 74: initial=[7.75, 0.0], current=[7.764637913165857, 0.028992123844867344], u=[0.014637913165857034, 0.028992123844867344]
      Node 277: initial=[7.75, 0.03], current=[7.776025906515402, 0.03221406540001226], u=[0.026025906515402347, 0.0022140654000122606]
      Node 276: initial=[7.5, 0.03], current=[7.520614360854537, -0.02949688140790755], u=[0.020614360854536388, -0.05949688140790755]
  Element ID: 74 (index 73, pid 1)
    detF: [1.0143630284920975, -3.6398611760379964, -4.1274514786823815, 0.5267727258476995]
    Nodes connectivity: [75, 76, 279, 278]
      Node 75: initial=[8.0, 0.0], current=[7.975527590457665, 0.01200762113485259], u=[-0.024472409542335573, 0.01200762113485259]
      Node 76: initial=[8.25, 0.0], current=[8.461000237095979, 0.10437753855015264], u=[0.21100023709597784, 0.10437753855015264]
      Node 279: initial=[8.25, 0.03], current=[8.245968502165438, -0.01632880143823174], u=[-0.004031497834563051, -0.04632880143823174]
      Node 278: initial=[8.0, 0.03], current=[8.016732334368452, 0.0645936157659105], u=[0.016732334368451535, 0.034593615765910496]
  Element ID: 75 (index 74, pid 1)
    detF: [-1.387016491019577, -1.4257346600188012, -4.881441979680471, -4.842723810681246]
    Nodes connectivity: [76, 77, 280, 279]
      Node 76: initial=[8.25, 0.0], current=[8.461000237095979, 0.10437753855015264], u=[0.21100023709597784, 0.10437753855015264]
      Node 77: initial=[8.5, 0.0], current=[8.468108076704725, 0.1046016979068085], u=[-0.031891923295274606, 0.1046016979068085]
      Node 280: initial=[8.5, 0.03], current=[8.513554204274818, -0.07865180739630523], u=[0.0135542042748177, -0.10865180739630523]
      Node 279: initial=[8.25, 0.03], current=[8.245968502165438, -0.01632880143823174], u=[-0.004031497834563051, -0.04632880143823174]

  *** ERROR: Line search failed to resolve residual explosion at iteration 11.
     1    12     1       0      50     0.0432     0.0000     0.0001   *** CUTBACK: line search collapsed (residual explosion) (Retrying step with smaller dt & target angle) ***
  *** STEP 12 FAILED (conv=-50, cutback 1/20). Cutting back dt to 0.00004s ***

----------------------------------------------------------------------------------------------------
Step 12 | Attempting time increment: dt = 0.00004s (t: 0.0432s -> 0.0432s)
----------------------------------------------------------------------------------------------------

  Nonlinear Iteration Summary (Newton-Raphson)
  ==========================================================================================================================
  Time increment dt: 4.449e-05
  Convergence Tol  : 1.0e-02 (Disp Ratio)     Max Iterations: 50
  --------------------------------------------------------------------------------------------------------------------------
  Iter   Max Res.Force  (Node/DOF)    Max Disp.Corr  (Node/DOF)    Max Disp.Incr  Disp.Ratio  Energy.Err  LS.alpha  TieNodes
  --------------------------------------------------------------------------------------------------------------------------
     1    2.1211e+00  N1(UY)         6.5584e-04  N72(UX)        4.1349e-04     5.50e-03    1.71e-04      1.00       122
     2    7.1108e-02  N144(UY)       5.1408e-04  N79(UX)        4.8202e-04     8.39e-03    4.43e-05      1.00       122
  ---------------------------------------------------------------------------------------------------------------------
  => Increment Converged. (Time: 22.31 s)

     1    12     2       0       1     0.0432     0.0000     0.0000

  [MONITOR] Step  12 | Time 0.0432s / 1.0s (  4.3%)
            Fold Angle: Target +-  0.07deg | Actual [-0.07deg, +0.07deg]
            Plate Tips Y: Left= -0.45mm | Right= -0.45mm | Max Disp=  0.05mm
            Newton Iters:  1 | dt: 0.00004s
            [DIAGNOSTIC] display/plate max|u| ratio=1.0000 (display=0.046mm, plate=0.000mm)
            [DIAGNOSTIC] Real tie gap (not just active-pair count): DISPLAY_BOT_L_PLATE_L_TOP_TIE: max_gap=0.0000mm mean=0.0000mm n=61 | DISPLAY_BOT_R_PLATE_R_TOP_TIE: max_gap=0.0000mm mean=0.0000mm n=61

[PNG] Deformed shape saved: D:\PythonCodeStudy\WHT_DispFoldSolver\examples\ex12_final_folding_shape.png
----------------------------------------------------------------------------------------------------
Step 13 | Attempting time increment: dt = 0.00007s (t: 0.0432s -> 0.0433s)
----------------------------------------------------------------------------------------------------

  Nonlinear Iteration Summary (Newton-Raphson)
  ==========================================================================================================================
  Time increment dt: 6.674e-05
  Convergence Tol  : 1.0e-02 (Disp Ratio)     Max Iterations: 50
  --------------------------------------------------------------------------------------------------------------------------
  Iter   Max Res.Force  (Node/DOF)    Max Disp.Corr  (Node/DOF)    Max Disp.Incr  Disp.Ratio  Energy.Err  LS.alpha  TieNodes
  --------------------------------------------------------------------------------------------------------------------------
     1    4.7062e+00  N1(UY)         1.0217e-03  N72(UX)        7.1364e-04     1.28e-02    6.08e-04      1.00       122
     2    3.4567e-02  N1(UY)         1.1338e-03  N72(UX)        9.1788e-04     1.20e-02    2.00e-05      1.00       122
     3    7.5120e-02  N1(UY)         4.6306e-04  N65(UY)        7.7783e-04     9.37e-03    7.64e-05      1.00       122
  ---------------------------------------------------------------------------------------------------------------------
  => Increment Converged. (Time: 32.59 s)

     1    13     1       0       2     0.0433     0.0001     0.0001

  [MONITOR] Step  13 | Time 0.0433s / 1.0s (  4.3%)
            Fold Angle: Target +-  0.07deg | Actual [-0.07deg, +0.07deg]
            Plate Tips Y: Left= -0.45mm | Right= -0.45mm | Max Disp=  0.05mm
            Newton Iters:  2 | dt: 0.00007s
            [DIAGNOSTIC] display/plate max|u| ratio=1.0000 (display=0.047mm, plate=0.000mm)
            [DIAGNOSTIC] Real tie gap (not just active-pair count): DISPLAY_BOT_L_PLATE_L_TOP_TIE: max_gap=0.0000mm mean=0.0000mm n=61 | DISPLAY_BOT_R_PLATE_R_TOP_TIE: max_gap=0.0000mm mean=0.0000mm n=61

[PNG] Deformed shape saved: D:\PythonCodeStudy\WHT_DispFoldSolver\examples\ex12_final_folding_shape.png
----------------------------------------------------------------------------------------------------
Step 14 | Attempting time increment: dt = 0.00010s (t: 0.0433s -> 0.0434s)
----------------------------------------------------------------------------------------------------

  Nonlinear Iteration Summary (Newton-Raphson)
  ==========================================================================================================================
  Time increment dt: 1.001e-04
  Convergence Tol  : 1.0e-02 (Disp Ratio)     Max Iterations: 50
  --------------------------------------------------------------------------------------------------------------------------
  Iter   Max Res.Force  (Node/DOF)    Max Disp.Corr  (Node/DOF)    Max Disp.Incr  Disp.Ratio  Energy.Err  LS.alpha  TieNodes
  --------------------------------------------------------------------------------------------------------------------------
     1    8.7736e+00  N1(UY)         1.1286e-02  N72(UX)        6.8696e-03     1.96e-02    2.14e-03      1.00       122
     2    3.7829e-02  N1(UY)         2.1966e-02  N75(UY)        2.1244e-02     3.65e-01    1.13e-03      1.00       122
     3    9.4093e-01  N1(UY)         2.1820e-02  N2075(UY)      2.1589e-02     2.78e-01    3.12e-03      1.00       122
  [DIAGNOSTIC] Line search collapsed at iter 4. Inspecting element quality on trial step:

[DEBUG] Element inversion detected in element indexes: [71, 73, 74, 75, 80, 81, 4888, 4889, 4890, 4913, 4914, 4915, 4916]
  Element ID: 72 (index 71, pid 1)
    detF: [-30.812591712827086, -19.780548808338477, -5.414502618137441, -16.44654552262607]
    Nodes connectivity: [73, 74, 277, 276]
      Node 73: initial=[7.5, 0.0], current=[6.525684522880616, 0.4687297828323691], u=[-0.9743154771193838, 0.4687297828323691]
      Node 74: initial=[7.75, 0.0], current=[8.400318799238212, -0.3034948724564862], u=[0.6503187992382113, -0.3034948724564862]
      Node 277: initial=[7.75, 0.03], current=[7.743881496785176, -0.11710626124408005], u=[-0.006118503214823987, -0.14710626124408005]
      Node 276: initial=[7.5, 0.03], current=[7.49312026212689, -0.09025645514339609], u=[-0.006879737873109882, -0.12025645514339608]
  Element ID: 74 (index 73, pid 1)
    detF: [-9.616648202983253, -16.19643181030595, -12.46844416243666, -5.888660555113983]
    Nodes connectivity: [75, 76, 279, 278]
      Node 75: initial=[8.0, 0.0], current=[7.859676862586805, -0.07263041682849064], u=[-0.1403231374131949, -0.07263041682849064]
      Node 76: initial=[8.25, 0.0], current=[8.160790911054946, 0.25866842372298593], u=[-0.08920908894505503, 0.25866842372298593]
      Node 279: initial=[8.25, 0.03], current=[8.247420888475009, -0.14340389450806287], u=[-0.0025791115249912825, -0.17340389450806287]
      Node 278: initial=[8.0, 0.03], current=[7.994231937063659, -0.1381145687683121], u=[-0.005768062936341654, -0.1681145687683121]
  Element ID: 75 (index 74, pid 1)
    detF: [9.123554620778446, 14.454085268785335, -0.9201518296427147, -6.25068247764963]
    Nodes connectivity: [76, 77, 280, 279]
      Node 76: initial=[8.25, 0.0], current=[8.160790911054946, 0.25866842372298593], u=[-0.08920908894505503, 0.25866842372298593]
      Node 77: initial=[8.5, 0.0], current=[7.984175100447063, -0.02975620491189111], u=[-0.515824899552937, -0.02975620491189111]
      Node 280: initial=[8.5, 0.03], current=[8.500727851096674, -0.12180706091048565], u=[0.0007278510966739241, -0.15180706091048565]
      Node 279: initial=[8.25, 0.03], current=[8.247420888475009, -0.14340389450806287], u=[-0.0025791115249912825, -0.17340389450806287]
  Element ID: 76 (index 75, pid 1)
    detF: [-3.1661517161686223, 1.7278469993855712, 0.9825335617699181, -3.9114651537842775]
    Nodes connectivity: [77, 78, 281, 280]
      Node 77: initial=[8.5, 0.0], current=[7.984175100447063, -0.02975620491189111], u=[-0.515824899552937, -0.02975620491189111]
      Node 78: initial=[9.0, 0.0], current=[9.110410701790599, -0.09441719512973504], u=[0.11041070179059917, -0.09441719512973504]
      Node 281: initial=[9.0, 0.03], current=[9.002638885905695, -0.037725407135938305], u=[0.0026388859056942363, -0.0677254071359383]
      Node 280: initial=[8.5, 0.03], current=[8.500727851096674, -0.12180706091048565], u=[0.0007278510966739241, -0.15180706091048565]
  Element ID: 81 (index 80, pid 1)
    detF: [0.9254887059867623, -1.0674557301945626, -0.9576156661713162, 1.035328770010006]
    Nodes connectivity: [82, 83, 286, 285]
      Node 82: initial=[11.0, 0.0], current=[10.950677077035413, 0.03864913708639274], u=[-0.049322922964586846, 0.03864913708639274]
      Node 83: initial=[11.5, 0.0], current=[11.487817067189647, 0.1801113791123601], u=[-0.012182932810353113, 0.1801113791123601]
      Node 286: initial=[11.5, 0.03], current=[11.49452523180073, 0.13057499637924658], u=[-0.005474768199270454, 0.10057499637924658]
      Node 285: initial=[11.0, 0.03], current=[11.000405824807144, 0.09683886767519245], u=[0.00040582480714494923, 0.06683886767519245]

  *** ERROR: Line search failed to resolve residual explosion at iteration 4.
     1    14     1       0      50     0.0433     0.0000     0.0001   *** CUTBACK: line search collapsed (residual explosion) (Retrying step with smaller dt & target angle) ***
  *** STEP 14 FAILED (conv=-50, cutback 1/20). Cutting back dt to 0.00005s ***

----------------------------------------------------------------------------------------------------
Step 14 | Attempting time increment: dt = 0.00005s (t: 0.0433s -> 0.0434s)
----------------------------------------------------------------------------------------------------

  Nonlinear Iteration Summary (Newton-Raphson)
  ==========================================================================================================================
  Time increment dt: 5.006e-05
  Convergence Tol  : 1.0e-02 (Disp Ratio)     Max Iterations: 50
  --------------------------------------------------------------------------------------------------------------------------
  Iter   Max Res.Force  (Node/DOF)    Max Disp.Corr  (Node/DOF)    Max Disp.Incr  Disp.Ratio  Energy.Err  LS.alpha  TieNodes
  --------------------------------------------------------------------------------------------------------------------------
     1    2.8145e+00  N1(UY)         3.4042e-03  N72(UX)        1.2085e-03     1.01e-02    2.72e-04      1.00       122
     2    6.4346e-02  N143(UY)       1.1787e-03  N82(UX)        1.0522e-03     1.95e-02    3.28e-04      1.00       122
     3    1.4070e-01  N1(UY)         9.1740e-04  N72(UX)        8.6507e-04     1.12e-02    9.43e-05      1.00       122
     4    2.2348e-01  N143(UY)       1.1414e-02  N65(UX)        1.0549e-02     1.93e-02    2.91e-04      1.00       122
     5    9.4558e-02  N144(UY)       1.4793e-02  N65(UX)        4.2444e-03     1.58e-02    1.64e-04      1.00       122
     6    8.9909e-02  N143(UY)       1.1808e-03  N71(UX)        4.2457e-03     1.51e-02    2.58e-04      1.00       122
     7    2.5999e-01  N209(UY)       5.3492e-03  N63(UX)        5.6162e-03     9.65e-03    1.18e-04      1.00       122
  ---------------------------------------------------------------------------------------------------------------------
  => Increment Converged. (Time: 74.04 s)

     1    14     2       0       6     0.0434     0.0001     0.0001

  [MONITOR] Step  14 | Time 0.0434s / 1.0s (  4.3%)
            Fold Angle: Target +-  0.07deg | Actual [-0.07deg, +0.07deg]
            Plate Tips Y: Left= -0.45mm | Right= -0.45mm | Max Disp=  0.05mm
            Newton Iters:  6 | dt: 0.00005s
            [DIAGNOSTIC] display/plate max|u| ratio=1.0000 (display=0.048mm, plate=0.000mm)
            [DIAGNOSTIC] Real tie gap (not just active-pair count): DISPLAY_BOT_L_PLATE_L_TOP_TIE: max_gap=0.0000mm mean=0.0000mm n=61 | DISPLAY_BOT_R_PLATE_R_TOP_TIE: max_gap=0.0000mm mean=0.0000mm n=61

[PNG] Deformed shape saved: D:\PythonCodeStudy\WHT_DispFoldSolver\examples\ex12_final_folding_shape.png
----------------------------------------------------------------------------------------------------
Step 15 | Attempting time increment: dt = 0.00004s (t: 0.0434s -> 0.0434s)
----------------------------------------------------------------------------------------------------

  Nonlinear Iteration Summary (Newton-Raphson)
  ==========================================================================================================================
  Time increment dt: 4.291e-05
  Convergence Tol  : 1.0e-02 (Disp Ratio)     Max Iterations: 50
  --------------------------------------------------------------------------------------------------------------------------
  Iter   Max Res.Force  (Node/DOF)    Max Disp.Corr  (Node/DOF)    Max Disp.Incr  Disp.Ratio  Energy.Err  LS.alpha  TieNodes
  --------------------------------------------------------------------------------------------------------------------------
     1    3.3345e+00  N1(UY)         3.0393e-03  N82(UX)        7.1690e-03     3.49e-02    2.02e-03      1.00       122
     2    8.2099e-01  N209(UX)       1.0253e-02  N77(UX)        7.5531e-03     2.92e-02    3.73e-04      1.00       122
     3    5.1559e+00  N209(UX)       8.9319e-02  N76(UX)        9.5992e-02     5.64e-02    1.50e-03      1.00       122
     4    2.5744e+01  N65(UX)        3.2509e-02  N83(UX)        9.5992e-02     2.43e-02    4.62e-04      1.00       122
     5    1.2385e+02  N65(UX)        2.7824e-02  N68(UX)        9.5990e-02     3.62e-02    1.25e-03      1.00       122
     6    5.0298e+02  N65(UX)        3.9019e-02  N73(UY)        9.5993e-02     4.75e-02    1.76e-03      1.00       122
     7    3.6850e+04  N276(UX)       2.8498e-02  N70(UX)        9.6001e-02     3.00e-02    2.66e-03      1.00       122
     8    8.3160e+04  N276(UX)       3.4502e-02  N79(UY)        9.6001e-02     5.70e-02    1.42e-02      1.00       122
     9    2.0299e+05  N276(UX)       3.4533e-01  N68(UX)        3.6952e-01     2.25e-01    5.16e-02      1.00       122
    10    9.3722e+07  N78(UX)        8.0857e-03  N3312(UY)      3.6952e-01     9.34e-02    2.10e-03      1.00       122
    11    2.8661e+06  N78(UX)        5.4277e-02  N4731(UY)      3.6952e-01     5.08e-01    1.54e-01      1.00       122
    12    7.7001e+10  N78(UX)        1.2466e-02  N3595(UY)      3.6952e-01     1.96e-01    4.78e+01      0.25       122
    13    1.3610e+08  N3527(UX)      2.3079e-02  N4197(UY)      3.6951e-01     2.27e-01    7.23e+02      0.50       122
  [DIAGNOSTIC] Line search collapsed at iter 14. Inspecting element quality on trial step:

[DEBUG] Element inversion detected in element indexes: [0, 1, 2, 4, 5, 6, 8, 9, 10, 11, 13, 14, 20, 21, 22, 23, 27, 28, 32, 33, 36, 37, 750, 751, 759, 760, 762, 763, 768, 769, 770, 772, 773, 777, 778, 779, 780, 782, 783, 785, 786, 787, 1556, 1557, 1560, 1561, 1562, 1563, 1564, 1566, 1567, 1568, 1572, 1574, 1575, 1577, 1578, 1580, 1581, 1586, 1589, 1590, 1591, 1592, 1593, 1595, 1596, 2369, 2370, 2371, 2373, 2374, 2380, 2381, 2382, 2383, 2384, 2386, 2387, 2388, 2391, 2392, 2393, 2394, 2395, 2396, 2397, 2399, 2400, 2417, 2418, 2419, 2466, 2467, 3175, 3180, 3181, 3183, 3184, 3185, 3186, 3187, 3188, 3189, 3192, 3193, 3194, 3197, 3198, 3199, 3203, 3204, 3205, 3206, 3208, 3209, 3210, 3212, 3213, 3214, 3215, 3216, 3217, 3218, 3219, 3220, 3221, 3304, 3305, 3505, 3707, 3909, 3980, 3981, 3982, 3983, 4004, 4005, 4007, 4008, 4015, 4016, 4333, 4334, 4535, 4536, 4734, 4736, 4737, 4738, 4909, 4910, 4931, 4932, 4933, 4938, 4940, 5143]
  Element ID: 1 (index 0, pid 1)
    detF: [0.7194894437126031, -0.46567896345429977, -0.4692458157258698, 0.7159225914410303]
    Nodes connectivity: [1, 2, 146, 145]
      Node 1: initial=[-40.0, 0.0], current=[-39.999970129948125, 0.04687845009348679], u=[2.9870051874332805e-05, 0.04687845009348679]
      Node 2: initial=[-39.75, 0.0], current=[-39.74999281378521, 0.04657451104315869], u=[7.186214785305441e-06, 0.04657451104315869]
      Node 146: initial=[-39.75, 0.03], current=[-39.74445363181485, 0.019620076537407875], u=[0.005546368185153465, -0.010379923462592124]
      Node 145: initial=[-40.0, 0.03], current=[-40.00881013591605, 0.08153024393938885], u=[-0.00881013591605322, 0.05153024393938884]
  Element ID: 2 (index 1, pid 1)
    detF: [-0.8472604417766838, -0.702863400658522, -0.707907889241621, -0.8523049303597837]
    Nodes connectivity: [2, 3, 147, 146]
      Node 2: initial=[-39.75, 0.0], current=[-39.74999281378521, 0.04657451104315869], u=[7.186214785305441e-06, 0.04657451104315869]
      Node 3: initial=[-39.5, 0.0], current=[-39.49999040493589, 0.046272853692413414], u=[9.595064103929817e-06, 0.046272853692413414]
      Node 147: initial=[-39.5, 0.03], current=[-39.493561751827706, 0.026820363990794155], u=[0.006438248172296265, -0.003179636009205844]
      Node 146: initial=[-39.75, 0.03], current=[-39.74445363181485, 0.019620076537407875], u=[0.005546368185153465, -0.010379923462592124]
  Element ID: 3 (index 2, pid 1)
    detF: [-0.19999527434002023, 1.0755997055476902, 1.0243708193172887, -0.25122416057041874]
    Nodes connectivity: [3, 4, 148, 147]
      Node 3: initial=[-39.5, 0.0], current=[-39.49999040493589, 0.046272853692413414], u=[9.595064103929817e-06, 0.046272853692413414]
      Node 4: initial=[-39.25, 0.0], current=[-39.249994315903734, 0.04596741082929548], u=[5.6840962653447e-06, 0.04596741082929548]
      Node 148: initial=[-39.25, 0.03], current=[-39.231255171876974, 0.09278277665847236], u=[0.018744828123029557, 0.06278277665847236]
      Node 147: initial=[-39.5, 0.03], current=[-39.493561751827706, 0.026820363990794155], u=[0.006438248172296265, -0.003179636009205844]
  Element ID: 5 (index 4, pid 1)
    detF: [-0.8810634546753092, -2.497957895854981, -2.635854165456379, -1.0189597242767006]
    Nodes connectivity: [5, 6, 150, 149]
      Node 5: initial=[-39.0, 0.0], current=[-38.99999451822249, 0.04566323494341632], u=[5.4817775085917075e-06, 0.04566323494341632]
      Node 6: initial=[-38.75, 0.0], current=[-38.74999210404455, 0.04536061403138827], u=[7.895955447028664e-06, 0.04536061403138827]
      Node 150: initial=[-38.75, 0.03], current=[-38.73939193513737, -0.045830600656567314], u=[0.010608064862629829, -0.07583060065656731]
      Node 149: initial=[-39.0, 0.03], current=[-39.018808157210685, 0.03852311320973582], u=[-0.018808157210682443, 0.008523113209735818]
  Element ID: 6 (index 5, pid 1)
    detF: [-2.867080399652498, -2.3464561443459537, -2.39664301384555, -2.9172672691520902]
    Nodes connectivity: [6, 7, 151, 150]
      Node 6: initial=[-38.75, 0.0], current=[-38.74999210404455, 0.04536061403138827], u=[7.895955447028664e-06, 0.04536061403138827]
      Node 7: initial=[-38.5, 0.0], current=[-38.49999254630417, 0.045056836920223775], u=[7.453695826038014e-06, 0.045056836920223775]
      Node 151: initial=[-38.5, 0.03], current=[-38.48538719646776, -0.019086766793327173], u=[0.014612803532239257, -0.04908676679332717]
      Node 150: initial=[-38.75, 0.03], current=[-38.73939193513737, -0.045830600656567314], u=[0.010608064862629829, -0.07583060065656731]

  *** ERROR: Line search failed to resolve residual explosion at iteration 14.
     1    15     1       0      50     0.0434     0.0000     0.0000   *** CUTBACK: line search collapsed (residual explosion) (Retrying step with smaller dt & target angle) ***
  *** STEP 15 FAILED (conv=-50, cutback 1/20). Cutting back dt to 0.00002s ***

----------------------------------------------------------------------------------------------------
Step 15 | Attempting time increment: dt = 0.00002s (t: 0.0434s -> 0.0434s)
----------------------------------------------------------------------------------------------------

  Nonlinear Iteration Summary (Newton-Raphson)
  ==========================================================================================================================
  Time increment dt: 2.145e-05
  Convergence Tol  : 1.0e-02 (Disp Ratio)     Max Iterations: 50
  --------------------------------------------------------------------------------------------------------------------------
  Iter   Max Res.Force  (Node/DOF)    Max Disp.Corr  (Node/DOF)    Max Disp.Incr  Disp.Ratio  Energy.Err  LS.alpha  TieNodes
  --------------------------------------------------------------------------------------------------------------------------
     1    1.4567e+00  N1(UY)         1.2612e-03  N68(UX)        3.5855e-03     1.88e-02    7.43e-04      1.00       122
     2    1.0572e+00  N144(UY)       1.6322e-02  N62(UX)        1.6644e-02     1.13e-02    5.70e-05      1.00       122
     3    1.0714e+00  N1(UY)         1.7493e-03  N68(UX)        1.6645e-02     1.36e-02    5.59e-04      1.00       122
     4    1.2576e+00  N210(UY)       1.4353e-02  N63(UY)        1.6860e-02     1.05e-02    2.08e-04      1.00       122
     5    2.4914e+00  N66(UY)        1.9451e-03  N68(UX)        1.6860e-02     1.13e-02    6.00e-04      1.00       122
     6    4.8077e+00  N66(UY)        1.6134e-02  N67(UX)        2.0473e-02     1.12e-02    1.26e-04      1.00       122
     7    1.0099e+01  N65(UY)        1.1082e-02  N70(UX)        2.0465e-02     1.03e-02    3.10e-03      1.00       122
     8    5.0223e+01  N63(UY)        4.9226e-02  N70(UX)        1.0589e-01     7.13e-02    1.53e-04      0.50       122
     9    1.2820e+06  N215(UY)       4.2366e-03  N67(UY)        1.0589e-01     1.22e-02    6.67e-01      1.00       122
    10    2.6054e+06  N215(UY)       1.0106e-03  N408(UY)       1.0589e-01     4.79e-03    1.34e+00      1.00       122
  ---------------------------------------------------------------------------------------------------------------------
  => Increment Converged. (Time: 113.84 s)

     1    15     2       0       9     0.0434     0.0000     0.0000

  [MONITOR] Step  15 | Time 0.0434s / 1.0s (  4.3%)
            Fold Angle: Target +-  0.07deg | Actual [-0.07deg, +0.07deg]
            Plate Tips Y: Left= -0.45mm | Right= -0.45mm | Max Disp=  0.11mm
            Newton Iters:  9 | dt: 0.00002s
            [DIAGNOSTIC] display/plate max|u| ratio=1.0000 (display=0.107mm, plate=0.000mm)
            [DIAGNOSTIC] Real tie gap (not just active-pair count): DISPLAY_BOT_L_PLATE_L_TOP_TIE: max_gap=0.0000mm mean=0.0000mm n=61 | DISPLAY_BOT_R_PLATE_R_TOP_TIE: max_gap=0.0000mm mean=0.0000mm n=61

[PNG] Deformed shape saved: D:\PythonCodeStudy\WHT_DispFoldSolver\examples\ex12_final_folding_shape.png
----------------------------------------------------------------------------------------------------
Step 16 | Attempting time increment: dt = 0.00002s (t: 0.0434s -> 0.0434s)
----------------------------------------------------------------------------------------------------

  Nonlinear Iteration Summary (Newton-Raphson)
  ==========================================================================================================================
  Time increment dt: 1.502e-05
  Convergence Tol  : 1.0e-02 (Disp Ratio)     Max Iterations: 50
  --------------------------------------------------------------------------------------------------------------------------
  Iter   Max Res.Force  (Node/DOF)    Max Disp.Corr  (Node/DOF)    Max Disp.Incr  Disp.Ratio  Energy.Err  LS.alpha  TieNodes
  --------------------------------------------------------------------------------------------------------------------------
     1    7.3502e+05  N215(UY)       8.5078e-04  N212(UX)       1.2216e-02     1.73e-02    1.02e+02      0.12       122
     2    7.3494e+05  N215(UY)       1.5300e-02  N3669(UY)      1.5788e-02     1.07e-01    2.19e+03      1.00       122
     3    2.7508e+07  N208(UX)       4.9096e-02  N72(UX)        4.4293e-02     1.19e-01    2.37e+03      1.00       122
     4    1.0707e+07  N208(UX)       1.6529e-02  N67(UX)        4.4286e-02     1.39e-01    3.05e+00      1.00       122
     5    2.5441e+07  N215(UX)       1.3302e-02  N2647(UX)      4.4286e-02     2.04e-01    2.18e+00      0.50       122
     6    3.5924e+11  N215(UX)       1.0112e-02  N214(UY)       4.5342e-02     1.91e-01    7.51e+01      0.25       122
  [DIAGNOSTIC] Line search collapsed at iter 7. Inspecting element quality on trial step:

[DEBUG] Element inversion detected in element indexes: [6, 7, 71, 72, 73, 74, 76, 77, 78, 79, 748, 750, 751, 752, 775, 776, 870, 871, 872, 873, 874, 1556, 1557, 1637, 1638, 1648, 1649, 1650, 1651, 1652, 1653, 1654, 1655, 1656, 1657, 1658, 1659, 1660, 1661, 1662, 1663, 2366, 2367, 2368, 2369, 2442, 2443, 2444, 2473, 2474, 2475, 2476, 2477, 2478, 2479, 2480, 2481, 2482, 2483, 2484, 2485, 2486, 2487, 2488, 2489, 2490, 2491, 2492, 2493, 2494, 2495, 2496, 2497, 2498, 2499, 2500, 2501, 2502, 3175, 3176, 3259, 3260, 3261, 3262, 3267, 3268, 3273, 3274, 3275, 3276, 3277, 3286, 3287, 3288, 3291, 3292, 3293, 3294, 3295, 3296, 3297, 3980, 3997, 3998, 3999, 4000, 4061, 4062, 4072, 4073, 4074, 4075, 4077, 4078, 4086, 4087, 4089, 4090, 4092, 4093, 4094, 4097, 4098, 4099, 4100, 4802, 4803, 4885, 4886, 4906, 4907, 4908, 4909]
  Element ID: 7 (index 6, pid 1)
    detF: [-0.18516733929913923, -0.8745187819212635, -0.852540536706236, -0.16318909408411938]
    Nodes connectivity: [7, 8, 152, 151]
      Node 7: initial=[-38.5, 0.0], current=[-38.4999931495399, 0.04458688816244062], u=[6.850460100394448e-06, 0.04458688816244062]
      Node 8: initial=[-38.25, 0.0], current=[-38.249993220064745, 0.04428641658951094], u=[6.7799352566634615e-06, 0.04428641658951094]
      Node 152: initial=[-38.25, 0.03], current=[-38.237810502956286, 0.010225259196119683], u=[0.01218949704371165, -0.019774740803880315]
      Node 151: initial=[-38.5, 0.03], current=[-38.492241906367546, 0.04635081868983296], u=[0.007758093632456912, 0.016350818689832958]
  Element ID: 8 (index 7, pid 1)
    detF: [-0.9688641384930313, -0.480085614702942, -0.5152905149264264, -1.0040690387165117]
    Nodes connectivity: [8, 9, 153, 152]
      Node 8: initial=[-38.25, 0.0], current=[-38.249993220064745, 0.04428641658951094], u=[6.7799352566634615e-06, 0.04428641658951094]
      Node 9: initial=[-38.0, 0.0], current=[-37.99999328899304, 0.04398599538622113], u=[6.711006962607745e-06, 0.04398599538622113]
      Node 153: initial=[-38.0, 0.03], current=[-37.98346615493146, 0.035317301479580544], u=[0.016533845068535485, 0.005317301479580545]
      Node 152: initial=[-38.25, 0.03], current=[-38.237810502956286, 0.010225259196119683], u=[0.01218949704371165, -0.019774740803880315]
  Element ID: 72 (index 71, pid 1)
    detF: [-8.088195175696285, -10.759517347670629, -4.87066378714203, -2.1993416151676897]
    Nodes connectivity: [73, 74, 277, 276]
      Node 73: initial=[7.5, 0.0], current=[6.826381755466628, -0.3901549589203019], u=[-0.6736182445333716, -0.3901549589203019]
      Node 74: initial=[7.75, 0.0], current=[7.675147545462441, -0.12863338337003802], u=[-0.0748524545375589, -0.12863338337003802]
      Node 277: initial=[7.75, 0.03], current=[7.749533940324962, -0.22847487941591524], u=[-0.0004660596750377881, -0.25847487941591524]
      Node 276: initial=[7.5, 0.03], current=[7.499141728000146, -0.2647410358705926], u=[-0.0008582719998537791, -0.2947410358705926]
  Element ID: 73 (index 72, pid 1)
    detF: [-1.669894113502399, -1.7980952690142593, -3.379485504676148, -3.2512843491642887]
    Nodes connectivity: [74, 75, 278, 277]
      Node 74: initial=[7.75, 0.0], current=[7.675147545462441, -0.12863338337003802], u=[-0.0748524545375589, -0.12863338337003802]
      Node 75: initial=[8.0, 0.0], current=[7.740211099260924, -0.11068642936080575], u=[-0.2597889007390757, -0.11068642936080575]
      Node 278: initial=[8.0, 0.03], current=[8.00109522003317, -0.18468113177902543], u=[0.001095220033169394, -0.21468113177902542]
      Node 277: initial=[7.75, 0.03], current=[7.749533940324962, -0.22847487941591524], u=[-0.0004660596750377881, -0.25847487941591524]
  Element ID: 74 (index 73, pid 1)
    detF: [-10.254342788904875, -5.949118554655658, -0.5025674623594134, -4.807791696608631]
    Nodes connectivity: [75, 76, 279, 278]
      Node 75: initial=[8.0, 0.0], current=[7.740211099260924, -0.11068642936080575], u=[-0.2597889007390757, -0.11068642936080575]
      Node 76: initial=[8.25, 0.0], current=[8.975336334815895, -0.06359529982922774], u=[0.7253363348158938, -0.06359529982922774]
      Node 279: initial=[8.25, 0.03], current=[8.252609447016862, -0.12981172224162216], u=[0.002609447016862542, -0.15981172224162216]
      Node 278: initial=[8.0, 0.03], current=[8.00109522003317, -0.18468113177902543], u=[0.001095220033169394, -0.21468113177902542]

  *** ERROR: Line search failed to resolve residual explosion at iteration 7.
     1    16     1       0      50     0.0434     0.0000     0.0000   *** CUTBACK: line search collapsed (residual explosion) (Retrying step with smaller dt & target angle) ***
FATAL: Exceeded maximum cutbacks (20) or dt below minimum tolerance. Simulation aborted.
====================================================================================================
 FAILED: Simulation did not reach target time.
====================================================================================================
Saved result (15 steps) for re-analysis: D:\PythonCodeStudy\WHT_DispFoldSolver\examples\ex12_result.pkl
  reload with: from dispsolver.postprocess import load_result; r = load_result(r'D:\PythonCodeStudy\WHT_DispFoldSolver\examples\ex12_result.pkl')

=======================================================================================================================================================================================================================================================================
 Interlayer slip at x = -40.00 mm   [um, cumulative from bottom surface]
=======================================================================================================================================================================================================================================================================
 theta[deg]       L1       L2       L3       L4       L5       L6       L7       L8       L9      L10      L11      L12      L13      L14      L15      L16      L17      L18      L19      L20      L21      L22      L23      L24      L25      L26      L27      L28
-----------------------------------------------------------------------------------------------------------------------------------------------------------------------------------------------------------------------------------------------------------------------
       0.00     0.00     0.00     0.00     0.00     0.00     0.00     0.00     0.00     0.00     0.00     0.00     0.00     0.00     0.00     0.00     0.00     0.00     0.00     0.00     0.00     0.00     0.00     0.00     0.00     0.00     0.00     0.00     0.00
       0.00     0.00     0.00     0.00     0.00     0.01     0.01     0.01     0.01     0.01     0.01     0.01     0.01     0.01     0.01     0.01     0.01     0.01     0.01     0.01     0.01     0.02     0.02     0.02     0.02     0.02     0.02     0.02     0.02
       0.01     0.02     0.02     0.02     0.02     0.03     0.03     0.03     0.03     0.05     0.05     0.05     0.05     0.06     0.06     0.06     0.06     0.07     0.07     0.07     0.07     0.09     0.09     0.09     0.09     0.10     0.10     0.10     0.10
       0.03     0.04     0.04     0.04     0.04     0.07     0.07     0.07     0.07     0.11     0.11     0.11     0.11     0.15     0.15     0.15     0.15     0.19     0.19     0.19     0.19     0.23     0.23     0.23     0.23     0.27     0.27     0.27     0.27
       0.06     0.08     0.08     0.08     0.08     0.15     0.15     0.15     0.15     0.22     0.22     0.22     0.22     0.29     0.30     0.30     0.30     0.38     0.38     0.38     0.38     0.46     0.46     0.46     0.46     0.55     0.55     0.55     0.55
       0.07     0.07     0.07     0.07     0.07     0.12     0.12     0.12     0.12     0.19     0.19     0.19     0.19     0.26     0.26     0.26     0.26     0.34     0.34     0.34     0.34     0.43     0.43     0.43     0.43     0.52     0.52     0.52     0.52
       0.07     0.03     0.03     0.03     0.03     0.09     0.09     0.09     0.09     0.14     0.14     0.15     0.15     0.20     0.20     0.20     0.20     0.23     0.23     0.23     0.23     0.26     0.27     0.27     0.27     0.34     0.34     0.34     0.34
       0.07     0.02     0.02     0.02     0.02     0.10     0.10     0.10     0.10     0.17     0.17     0.17     0.17     0.22     0.22     0.22     0.22     0.26     0.26     0.26     0.26     0.29     0.30     0.30     0.30     0.36     0.36     0.36     0.36
       0.07     0.07     0.07     0.07     0.07     0.18     0.18     0.18     0.18     0.26     0.26     0.26     0.26     0.32     0.32     0.32     0.32     0.34     0.34     0.34     0.35     0.36     0.36     0.36     0.36     0.43     0.43     0.43     0.43
       0.07     0.14     0.14     0.14     0.14     0.16     0.16     0.16     0.16     0.23     0.23     0.23     0.23     0.31     0.31     0.31     0.31     0.39     0.39     0.39     0.39     0.47     0.46     0.46     0.46     0.53     0.53     0.53     0.53
       0.07     0.10     0.10     0.10     0.10     0.08     0.08     0.08     0.08     0.09     0.09     0.09     0.09     0.13     0.13     0.13     0.13     0.19     0.19     0.19     0.19     0.27     0.27     0.27     0.27     0.38     0.38     0.38     0.38
       0.07     0.13     0.13     0.13     0.13     0.07     0.07     0.07     0.07     0.12     0.12     0.12     0.12     0.18     0.18     0.18     0.18     0.22     0.22     0.22     0.22     0.27     0.27     0.27     0.27     0.29     0.29     0.29     0.29
       0.07     0.16     0.16     0.16     0.16    -0.02    -0.02    -0.02    -0.02    -0.03    -0.03    -0.03    -0.03    -0.00    -0.01    -0.01    -0.01     0.04     0.03     0.03     0.03     0.13     0.13     0.13     0.13     0.16     0.16     0.16     0.16
       0.07     0.14     0.14     0.14     0.14    -0.08    -0.08    -0.08    -0.08    -0.03    -0.03    -0.03    -0.03    -0.00    -0.01    -0.01    -0.01     0.03     0.03     0.03     0.02     0.13     0.13     0.13     0.13     0.08     0.08     0.08     0.08
       0.07     0.19     0.19     0.19     0.19    -0.13    -0.13    -0.13    -0.13    -0.01    -0.01    -0.01    -0.01    -0.02    -0.02    -0.02    -0.02    -0.02    -0.02    -0.02    -0.02     0.07     0.07     0.07     0.07     0.00     0.00     0.00     0.00
-----------------------------------------------------------------------------------------------------------------------------------------------------------------------------------------------------------------------------------------------------------------------
 final total staircase : +0.00 um at theta = 0.07 deg
 carried by            : GLASS -0.00 um (9.0%),  PET -0.02 um (40.7%),  PSA +0.03 um (50.3%)
 (equal-thickness rows -> a ~50/50 split means bending tilt, not interlayer shear)

=======================================================================================================================================================================================================================================================================
 Interlayer slip at x = +40.00 mm   [um, cumulative from bottom surface]
=======================================================================================================================================================================================================================================================================
 theta[deg]       L1       L2       L3       L4       L5       L6       L7       L8       L9      L10      L11      L12      L13      L14      L15      L16      L17      L18      L19      L20      L21      L22      L23      L24      L25      L26      L27      L28
-----------------------------------------------------------------------------------------------------------------------------------------------------------------------------------------------------------------------------------------------------------------------
       0.00     0.00     0.00     0.00     0.00     0.00     0.00     0.00     0.00     0.00     0.00     0.00     0.00     0.00     0.00     0.00     0.00     0.00     0.00     0.00     0.00     0.00     0.00     0.00     0.00     0.00     0.00     0.00     0.00
       0.00     0.00     0.00     0.00     0.00     0.00     0.00     0.00     0.00     0.01     0.01     0.01     0.01     0.01     0.01     0.01     0.01     0.01     0.01     0.01     0.01     0.01     0.01     0.01     0.01     0.01     0.01     0.01     0.01
       0.01     0.01     0.01     0.01     0.01     0.03     0.03     0.03     0.03     0.04     0.04     0.04     0.04     0.05     0.05     0.05     0.05     0.07     0.07     0.07     0.07     0.08     0.08     0.08     0.08     0.09     0.09     0.09     0.09
       0.03     0.05     0.05     0.05     0.05     0.10     0.10     0.10     0.10     0.15     0.15     0.15     0.15     0.19     0.19     0.19     0.19     0.23     0.23     0.23     0.23     0.28     0.28     0.28     0.28     0.32     0.32     0.32     0.32
       0.06     0.13     0.13     0.13     0.13     0.24     0.24     0.24     0.24     0.35     0.35     0.35     0.35     0.46     0.46     0.46     0.46     0.57     0.57     0.57     0.57     0.68     0.68     0.68     0.68     0.78     0.78     0.78     0.78
       0.07     0.13     0.13     0.13     0.13     0.25     0.25     0.25     0.25     0.37     0.37     0.37     0.37     0.49     0.49     0.49     0.49     0.61     0.61     0.61     0.61     0.73     0.73     0.73     0.73     0.84     0.84     0.84     0.84
       0.07     0.15     0.15     0.15     0.15     0.30     0.30     0.30     0.30     0.43     0.43     0.43     0.43     0.57     0.57     0.57     0.57     0.75     0.75     0.75     0.75     0.91     0.91     0.91     0.91     1.05     1.05     1.05     1.05
       0.07     0.12     0.12     0.12     0.12     0.26     0.26     0.26     0.26     0.40     0.40     0.40     0.40     0.55     0.55     0.55     0.55     0.73     0.73     0.73     0.73     0.89     0.89     0.89     0.89     1.03     1.03     1.03     1.03
       0.07     0.11     0.11     0.11     0.11     0.22     0.22     0.22     0.22     0.32     0.32     0.32     0.32     0.44     0.44     0.44     0.44     0.64     0.64     0.64     0.64     0.80     0.80     0.80     0.80     0.97     0.97     0.97     0.97
       0.07     0.15     0.15     0.15     0.15     0.24     0.24     0.24     0.24     0.33     0.33     0.33     0.33     0.46     0.46     0.47     0.47     0.61     0.61     0.61     0.61     0.73     0.73     0.73     0.73     0.88     0.88     0.88     0.88
       0.07     0.19     0.19     0.19     0.19     0.33     0.33     0.33     0.33     0.49     0.49     0.49     0.49     0.66     0.67     0.67     0.67     0.81     0.81     0.81     0.81     0.92     0.92     0.92     0.92     1.04     1.04     1.04     1.04
       0.07     0.17     0.17     0.17     0.17     0.34     0.34     0.34     0.34     0.48     0.48     0.48     0.48     0.64     0.64     0.64     0.64     0.82     0.82     0.82     0.82     0.94     0.94     0.94     0.94     1.12     1.12     1.12     1.12
       0.07     0.19     0.19     0.19     0.19     0.40     0.40     0.40     0.40     0.58     0.58     0.58     0.58     0.79     0.79     0.79     0.79     0.98     0.98     0.98     0.98     1.06     1.06     1.06     1.06     1.27     1.27     1.27     1.27
       0.07     0.20     0.20     0.20     0.20     0.41     0.41     0.41     0.41     0.57     0.57     0.57     0.57     0.78     0.78     0.78     0.78     1.03     1.03     1.03     1.02     1.10     1.10     1.10     1.10     1.35     1.35     1.35     1.35
       0.07     0.30     0.30     0.30     0.30     0.38     0.38     0.38     0.38     0.55     0.55     0.55     0.55     0.81     0.81     0.81     0.81     1.07     1.07     1.07     1.06     1.13     1.13     1.13     1.13     1.44     1.44     1.44     1.44
-----------------------------------------------------------------------------------------------------------------------------------------------------------------------------------------------------------------------------------------------------------------------
 final total staircase : +1.44 um at theta = 0.07 deg
 carried by            : GLASS -0.00 um (0.1%),  PET -0.00 um (0.1%),  PSA +1.44 um (99.9%)
 (equal-thickness rows -> a ~50/50 split means bending tilt, not interlayer shear)

Saving final shape visualization to: D:\PythonCodeStudy\WHT_DispFoldSolver\examples\ex12_final_folding_shape.png
[PNG] Deformed shape saved: D:\PythonCodeStudy\WHT_DispFoldSolver\examples\ex12_final_folding_shape.png
Done.
